Model,Patient_ID,Video,Actual,Prediction,ADHD_Probability,Fold
SVM,NDARLX816JUZ,Despicable_Me,0,0,0.5687306532688297,1
SVM,NDARMF508PA2,Despicable_Me,0,0,0.5669021475821553,1
SVM,NDARPC817XZ5,Despicable_Me,0,1,0.702039492069167,1
SVM,NDARBN100LCD,Despicable_Me,0,0,0.5099930479022302,1
SVM,NDARKF615JNZ,Despicable_Me,0,0,0.5909043624987985,1
SVM,NDARMH625WKL,Despicable_Me,0,1,0.6373106115014765,1
SVM,NDARUF935UL3,Despicable_Me,0,0,0.5365656567347858,1
SVM,NDARUF152ARR,Despicable_Me,0,1,0.6599705475090484,1
SVM,NDARVP281CJ4,Despicable_Me,0,0,0.5506545464062985,1
SVM,NDARRB338YZ0,Despicable_Me,0,1,0.6872837777691396,1
SVM,NDARLZ104NDT,Despicable_Me,0,0,0.5552756780166399,1
SVM,NDARGX443CEU,Despicable_Me,0,1,0.6319143643617836,1
SVM,NDARHX877BLQ,Despicable_Me,1,0,0.5581098875463772,1
SVM,NDARPL596YTD,Despicable_Me,0,0,0.6170153960157386,1
SVM,NDARPW482TVE,Despicable_Me,0,1,0.65030990754763,1
SVM,NDARTF566PYH,Despicable_Me,0,1,0.6562044761648111,1
SVM,NDARMH559LKK,Despicable_Me,1,0,0.5448065463387667,1
SVM,NDARNT939YMG,Despicable_Me,0,0,0.5457845375002075,1
SVM,NDARME930DE7,Despicable_Me,0,1,0.6601073783051714,1
SVM,NDARAP522AFK,Despicable_Me,0,1,0.6429655024535661,1
SVM,NDARYD546HCB,Despicable_Me,0,1,0.641318881013183,1
SVM,NDARYF085LZQ,Despicable_Me,1,1,0.7352155434184027,1
SVM,NDARNH147WGN,Despicable_Me,0,0,0.5572364640913628,1
SVM,NDARUZ206DRV,Despicable_Me,1,0,0.5063062068444553,1
SVM,NDARMC760NEC,Despicable_Me,0,0,0.5,1
SVM,NDARCR499NE4,Despicable_Me,1,0,0.5406127116619889,1
SVM,NDARWB457JU6,Despicable_Me,1,0,0.617257151233674,1
SVM,NDARKT811ATJ,Despicable_Me,0,1,0.6897358232895653,1
SVM,NDARJV377HG4,Despicable_Me,0,0,0.6170124316740483,1
SVM,NDARVB151GXF,Despicable_Me,1,1,0.6609192870842429,1
SVM,NDARYZ770NA1,Despicable_Me,1,0,0.540877103745599,1
SVM,NDARHD931FNA,Despicable_Me,1,0,0.5067710436318188,1
SVM,NDARPF937BDQ,Despicable_Me,1,0,0.5456416431433754,1
SVM,NDARAG584XLU,Despicable_Me,1,1,0.7168000097525108,1
SVM,NDARBM839WR5,Despicable_Me,1,1,0.6860904041627012,1
SVM,NDARVY054WEA,Despicable_Me,0,0,0.5683124281618391,1
SVM,NDAREC647MKW,Despicable_Me,1,0,0.5887738126371639,1
SVM,NDARTC802PGL,Despicable_Me,1,1,0.6252852454840097,1
SVM,NDARRY807MXC,Despicable_Me,1,1,0.7056942736708574,1
SVM,NDARDL511UND,Despicable_Me,0,1,0.7388505324245742,1
SVM,NDARBR128UFP,Despicable_Me,1,0,0.572817025797176,1
SVM,NDARXK164TNN,Despicable_Me,1,1,0.7037808961200502,1
SVM,NDARDZ058NZN,Despicable_Me,1,1,0.6731733777773373,1
SVM,NDARWV405ZW0,Despicable_Me,1,0,0.5845044178439361,1
SVM,NDARCW497XW2,Despicable_Me,1,0,0.5455882556465697,1
SVM,NDAREN667YTZ,Despicable_Me,1,1,0.6447688841615328,1
SVM,NDARRX819BZ0,Despicable_Me,1,0,0.5132088108678947,1
SVM,NDARHN158DC6,Despicable_Me,1,0,0.596787870992991,1
SVM,NDARJU787GF5,Despicable_Me,1,0,0.5780347281478151,1
SVM,NDARYC243UW5,Despicable_Me,1,0,0.5483282230081191,1
SVM,NDARAJ366ZFA,Despicable_Me,1,0,0.5480999150891449,1
SVM,NDARLK963HXP,Despicable_Me,1,1,0.67009006275231,1
SVM,NDARXH017ZLE,Despicable_Me,1,0,0.5504105630212865,1
SVM,NDARAW179AYF,Despicable_Me,1,1,0.6959052080708732,1
SVM,NDARYJ638RTN,Despicable_Me,1,0,0.5801027477417757,1
SVM,NDARKX346VTV,Despicable_Me,1,1,0.6384461638452419,1
SVM,NDARXG995EV6,Despicable_Me,1,1,0.633952387143915,1
SVM,NDARAY238DFL,Despicable_Me,1,0,0.6021995836952031,1
SVM,NDAREE196FEG,Despicable_Me,1,0,0.5,1
SVM,NDARRK370YFX,Despicable_Me,1,1,0.6982686834835699,1
SVM,NDARBK638HLZ,Despicable_Me,1,1,0.6712143797103971,1
SVM,NDARVP135ZGE,Despicable_Me,1,1,0.6770338059675286,1
SVM,NDARFZ296UNG,Despicable_Me,1,0,0.5361553963090478,1
SVM,NDARHR443EHF,Despicable_Me,0,1,0.6887117401819413,1
SVM,NDARLX816JUZ,Diary_of_a_Wimpy_Kid_Trailer,0,1,0.641016491072635,1
SVM,NDARMF508PA2,Diary_of_a_Wimpy_Kid_Trailer,0,0,0.5115130203368908,1
SVM,NDARPC817XZ5,Diary_of_a_Wimpy_Kid_Trailer,0,0,0.5493865151769336,1
SVM,NDARBN100LCD,Diary_of_a_Wimpy_Kid_Trailer,0,0,0.5447881278989942,1
SVM,NDARKF615JNZ,Diary_of_a_Wimpy_Kid_Trailer,0,0,0.6006877331644757,1
SVM,NDARUF935UL3,Diary_of_a_Wimpy_Kid_Trailer,0,0,0.6062444615184842,1
SVM,NDARMW252AJW,Diary_of_a_Wimpy_Kid_Trailer,0,0,0.55276049780898,1
SVM,NDARUF152ARR,Diary_of_a_Wimpy_Kid_Trailer,0,0,0.6100146450823298,1
SVM,NDARVP281CJ4,Diary_of_a_Wimpy_Kid_Trailer,0,0,0.5281647202514322,1
SVM,NDARRB338YZ0,Diary_of_a_Wimpy_Kid_Trailer,0,1,0.7213819890934478,1
SVM,NDARLZ104NDT,Diary_of_a_Wimpy_Kid_Trailer,0,0,0.6077653478098667,1
SVM,NDARGX443CEU,Diary_of_a_Wimpy_Kid_Trailer,0,0,0.5869182509258326,1
SVM,NDARHX877BLQ,Diary_of_a_Wimpy_Kid_Trailer,1,0,0.5699026989425633,1
SVM,NDARPL596YTD,Diary_of_a_Wimpy_Kid_Trailer,0,0,0.5733829108852067,1
SVM,NDARNZ792HBN,Diary_of_a_Wimpy_Kid_Trailer,1,0,0.5363274152586887,1
SVM,NDARGM439FZD,Diary_of_a_Wimpy_Kid_Trailer,1,0,0.613800252763846,1
SVM,NDARPW482TVE,Diary_of_a_Wimpy_Kid_Trailer,0,0,0.5,1
SVM,NDARDM385EK2,Diary_of_a_Wimpy_Kid_Trailer,1,0,0.6107236903503166,1
SVM,NDARTF566PYH,Diary_of_a_Wimpy_Kid_Trailer,0,1,0.665861350639397,1
SVM,NDARMH559LKK,Diary_of_a_Wimpy_Kid_Trailer,1,0,0.5471261814412305,1
SVM,NDARNT939YMG,Diary_of_a_Wimpy_Kid_Trailer,0,1,0.6450585549711993,1
SVM,NDARME930DE7,Diary_of_a_Wimpy_Kid_Trailer,0,1,0.6603428607434133,1
SVM,NDARAP522AFK,Diary_of_a_Wimpy_Kid_Trailer,0,1,0.6482737249719666,1
SVM,NDARYD546HCB,Diary_of_a_Wimpy_Kid_Trailer,0,1,0.6717481226084356,1
SVM,NDARYF085LZQ,Diary_of_a_Wimpy_Kid_Trailer,1,1,0.6990993310071909,1
SVM,NDARNH147WGN,Diary_of_a_Wimpy_Kid_Trailer,0,0,0.6212955044777121,1
SVM,NDARUZ206DRV,Diary_of_a_Wimpy_Kid_Trailer,1,0,0.5776118358092389,1
SVM,NDARMC760NEC,Diary_of_a_Wimpy_Kid_Trailer,0,0,0.5,1
SVM,NDARCR499NE4,Diary_of_a_Wimpy_Kid_Trailer,1,0,0.49308663402449493,1
SVM,NDARWB457JU6,Diary_of_a_Wimpy_Kid_Trailer,1,0,0.6092193545305042,1
SVM,NDARJV377HG4,Diary_of_a_Wimpy_Kid_Trailer,0,1,0.6390946310254589,1
SVM,NDARVB151GXF,Diary_of_a_Wimpy_Kid_Trailer,1,1,0.6793869293982894,1
SVM,NDARHD931FNA,Diary_of_a_Wimpy_Kid_Trailer,1,0,0.5400159741662911,1
SVM,NDARPF937BDQ,Diary_of_a_Wimpy_Kid_Trailer,1,0,0.5903985341161807,1
SVM,NDARRG199RU4,Diary_of_a_Wimpy_Kid_Trailer,0,0,0.6235471438443844,1
SVM,NDARAG584XLU,Diary_of_a_Wimpy_Kid_Trailer,1,1,0.6943195942075302,1
SVM,NDARVY054WEA,Diary_of_a_Wimpy_Kid_Trailer,0,0,0.6097024118003509,1
SVM,NDAREC647MKW,Diary_of_a_Wimpy_Kid_Trailer,1,0,0.5064710845056045,1
SVM,NDARFV780ABD,Diary_of_a_Wimpy_Kid_Trailer,1,1,0.7130974483177781,1
SVM,NDARTC802PGL,Diary_of_a_Wimpy_Kid_Trailer,1,0,0.5647147473286364,1
SVM,NDARRY807MXC,Diary_of_a_Wimpy_Kid_Trailer,1,1,0.7070574583886331,1
SVM,NDARVC195NLH,Diary_of_a_Wimpy_Kid_Trailer,0,1,0.7149122768553146,1
SVM,NDARBR128UFP,Diary_of_a_Wimpy_Kid_Trailer,1,0,0.6130657575177051,1
SVM,NDARXK164TNN,Diary_of_a_Wimpy_Kid_Trailer,1,1,0.7226795821187728,1
SVM,NDARDZ058NZN,Diary_of_a_Wimpy_Kid_Trailer,1,1,0.6959662616499069,1
SVM,NDARWV405ZW0,Diary_of_a_Wimpy_Kid_Trailer,1,1,0.644026879110222,1
SVM,NDARCW497XW2,Diary_of_a_Wimpy_Kid_Trailer,1,0,0.6143697299792023,1
SVM,NDAREN667YTZ,Diary_of_a_Wimpy_Kid_Trailer,1,1,0.6458122266238429,1
SVM,NDARRX819BZ0,Diary_of_a_Wimpy_Kid_Trailer,1,0,0.5474537724395783,1
SVM,NDARHN158DC6,Diary_of_a_Wimpy_Kid_Trailer,1,1,0.637457221244452,1
SVM,NDARLD016VCA,Diary_of_a_Wimpy_Kid_Trailer,1,0,0.6202592604504189,1
SVM,NDARYC243UW5,Diary_of_a_Wimpy_Kid_Trailer,1,0,0.49258118404822593,1
SVM,NDARFH674DWX,Diary_of_a_Wimpy_Kid_Trailer,1,0,0.6088616971580216,1
SVM,NDARLK963HXP,Diary_of_a_Wimpy_Kid_Trailer,1,1,0.6443046107002057,1
SVM,NDARXH017ZLE,Diary_of_a_Wimpy_Kid_Trailer,1,0,0.5592039826180036,1
SVM,NDARAW179AYF,Diary_of_a_Wimpy_Kid_Trailer,1,1,0.7309723499893889,1
SVM,NDARYJ638RTN,Diary_of_a_Wimpy_Kid_Trailer,1,0,0.5649310377301675,1
SVM,NDARKX346VTV,Diary_of_a_Wimpy_Kid_Trailer,1,1,0.6556327242169641,1
SVM,NDARAY238DFL,Diary_of_a_Wimpy_Kid_Trailer,1,0,0.5432960617021121,1
SVM,NDAREE196FEG,Diary_of_a_Wimpy_Kid_Trailer,1,0,0.5,1
SVM,NDARVN629CRD,Diary_of_a_Wimpy_Kid_Trailer,1,1,0.670981165039328,1
SVM,NDARRK370YFX,Diary_of_a_Wimpy_Kid_Trailer,1,1,0.6616709366128399,1
SVM,NDARBK638HLZ,Diary_of_a_Wimpy_Kid_Trailer,1,1,0.7013674741563437,1
SVM,NDARPL721WTD,Diary_of_a_Wimpy_Kid_Trailer,1,0,0.5596443276945684,1
SVM,NDARFZ296UNG,Diary_of_a_Wimpy_Kid_Trailer,1,0,0.5810807451237978,1
SVM,NDARHR443EHF,Diary_of_a_Wimpy_Kid_Trailer,0,1,0.6613365712574606,1
SVM,NDARRB338YZ0,Fractals,0,1,0.7081033498999528,1
SVM,NDARPL596YTD,Fractals,0,0,0.5635941926460957,1
SVM,NDARGM439FZD,Fractals,1,0,0.5905227038543567,1
SVM,NDARAP522AFK,Fractals,0,0,0.6094620943139955,1
SVM,NDARVB151GXF,Fractals,1,1,0.6264730684239448,1
SVM,NDARDL511UND,Fractals,0,1,0.688651723576899,1
SVM,NDARBR128UFP,Fractals,1,0,0.5606708808614652,1
SVM,NDARXK164TNN,Fractals,1,1,0.6973632657890677,1
SVM,NDARCW497XW2,Fractals,1,0,0.5479754297271207,1
SVM,NDARYC243UW5,Fractals,1,0,0.5,1
SVM,NDARAW179AYF,Fractals,1,1,0.7149289678431505,1
SVM,NDARVN629CRD,Fractals,1,1,0.714815635712629,1
SVM,NDARRK370YFX,Fractals,1,1,0.6925513741617082,1
SVM,NDARBK638HLZ,Fractals,1,1,0.688021878684855,1
SVM,NDARMF508PA2,The_Present,0,0,0.5278861896418294,1
SVM,NDARRB338YZ0,The_Present,0,1,0.6860373151553244,1
SVM,NDARGX443CEU,The_Present,0,1,0.6519117267578045,1
SVM,NDARPL596YTD,The_Present,0,1,0.6656997633248651,1
SVM,NDARKV800DTW,The_Present,0,1,0.6922269679590136,1
SVM,NDARNZ792HBN,The_Present,1,0,0.5601892151858444,1
SVM,NDARGM439FZD,The_Present,1,0,0.542697614455433,1
SVM,NDARMH559LKK,The_Present,1,0,0.5949823506796454,1
SVM,NDARAP522AFK,The_Present,0,0,0.6049130435945483,1
SVM,NDARYD546HCB,The_Present,0,0,0.6115676366925967,1
SVM,NDARYF085LZQ,The_Present,1,1,0.6687097066207213,1
SVM,NDARNH147WGN,The_Present,0,1,0.6562553769843368,1
SVM,NDARWB457JU6,The_Present,1,1,0.630346437086332,1
SVM,NDARKT811ATJ,The_Present,0,1,0.6914793700095064,1
SVM,NDARVB151GXF,The_Present,1,1,0.6401246771223192,1
SVM,NDARHD931FNA,The_Present,1,1,0.6967439998168018,1
SVM,NDARRA537FWW,The_Present,1,0,0.5563893178903391,1
SVM,NDARPF937BDQ,The_Present,1,1,0.6439367352113395,1
SVM,NDARAG584XLU,The_Present,1,1,0.6670097622526149,1
SVM,NDARBM839WR5,The_Present,1,0,0.5897626566251676,1
SVM,NDAREC647MKW,The_Present,1,0,0.5956521760379075,1
SVM,NDARFV780ABD,The_Present,1,1,0.705569100036011,1
SVM,NDARDL511UND,The_Present,0,0,0.6106707981163979,1
SVM,NDARVC195NLH,The_Present,0,1,0.6753559949290566,1
SVM,NDARBR128UFP,The_Present,1,1,0.6320464316552659,1
SVM,NDARCW497XW2,The_Present,1,1,0.745257465904458,1
SVM,NDARJU787GF5,The_Present,1,1,0.6482607214505434,1
SVM,NDARYC243UW5,The_Present,1,0,0.6221385741660109,1
SVM,NDARAW179AYF,The_Present,1,1,0.6802425011364662,1
SVM,NDARYJ638RTN,The_Present,1,0,0.5516340615967245,1
SVM,NDARXG995EV6,The_Present,1,0,0.6193415249892896,1
SVM,NDARVN629CRD,The_Present,1,0,0.5931691405629158,1
SVM,NDARBK638HLZ,The_Present,1,1,0.6645969308457983,1
SVM,NDARAV610EY3,Despicable_Me,0,1,0.683383446243051,2
SVM,NDARYH480GTD,Despicable_Me,0,0,0.5974263180383975,2
SVM,NDARRV638MJV,Despicable_Me,0,1,0.6601665603948245,2
SVM,NDARXK462WRZ,Despicable_Me,0,0,0.5195142841603267,2
SVM,NDARLC358CYJ,Despicable_Me,0,0,0.5648854752733153,2
SVM,NDARJM708VGE,Despicable_Me,0,1,0.654289223803627,2
SVM,NDARUA421HT8,Despicable_Me,0,0,0.6021503127301677,2
SVM,NDARGF543PM2,Despicable_Me,0,1,0.7160526553907236,2
SVM,NDARCX053GU5,Despicable_Me,0,1,0.6303204091277388,2
SVM,NDARYY664KHF,Despicable_Me,1,0,0.5189796588943515,2
SVM,NDARUM569EV1,Despicable_Me,0,0,0.5891106515509311,2
SVM,NDARAA117NEJ,Despicable_Me,1,1,0.6180264132423253,2
SVM,NDARYU620RH9,Despicable_Me,0,0,0.542097616646471,2
SVM,NDARRK882CLT,Despicable_Me,0,1,0.6472518442909104,2
SVM,NDARCU118LMX,Despicable_Me,1,0,0.5368542940550157,2
SVM,NDARMM782KJK,Despicable_Me,0,0,0.614424210230489,2
SVM,NDARVG461LA2,Despicable_Me,0,0,0.5,2
SVM,NDARLE091XAZ,Despicable_Me,0,1,0.6704046626210171,2
SVM,NDARRY268AF2,Despicable_Me,1,1,0.6287047654077559,2
SVM,NDARXF203DCD,Despicable_Me,0,1,0.6922589450154688,2
SVM,NDARXD944ZXV,Despicable_Me,1,1,0.7087530925205445,2
SVM,NDARCJ363KLE,Despicable_Me,0,0,0.6051686299357503,2
SVM,NDARPX244EHJ,Despicable_Me,1,0,0.5254250111784138,2
SVM,NDARBK082PDD,Despicable_Me,0,0,0.5234442407894199,2
SVM,NDARPV303LAX,Despicable_Me,1,1,0.7505771005892234,2
SVM,NDARRN619WHY,Despicable_Me,1,0,0.5100224085090821,2
SVM,NDARXC534KT4,Despicable_Me,1,1,0.6330173720404405,2
SVM,NDARMZ518UH1,Despicable_Me,0,0,0.6029445984126514,2
SVM,NDARXM571XCC,Despicable_Me,0,1,0.6692327954145403,2
SVM,NDARHB993EV0,Despicable_Me,1,1,0.6452268691970658,2
SVM,NDARTH473LF8,Despicable_Me,0,0,0.5651928672218749,2
SVM,NDARFP512MEK,Despicable_Me,1,0,0.5699383955712738,2
SVM,NDARWV677EFC,Despicable_Me,1,1,0.6868057043758853,2
SVM,NDAREK255DEE,Despicable_Me,1,1,0.6956819519286009,2
SVM,NDARVL555VVA,Despicable_Me,0,0,0.5770673692532331,2
SVM,NDAREW201WD9,Despicable_Me,0,1,0.6988901976608556,2
SVM,NDARTY225EWV,Despicable_Me,1,1,0.7073416824098637,2
SVM,NDARVN715MJ9,Despicable_Me,1,0,0.5775292111213748,2
SVM,NDARRX443NVT,Despicable_Me,1,1,0.6905142734309824,2
SVM,NDARLZ986JLL,Despicable_Me,1,0,0.6149109878682222,2
SVM,NDAREN151YXN,Despicable_Me,1,1,0.6206373572000687,2
SVM,NDARGJ395FKP,Despicable_Me,1,1,0.6177606729747167,2
SVM,NDARUT470BM4,Despicable_Me,1,1,0.6777203750730725,2
SVM,NDARGU395RFP,Despicable_Me,1,0,0.5869711662705253,2
SVM,NDARWT715BMK,Despicable_Me,1,1,0.6875933496083729,2
SVM,NDARAN385MDH,Despicable_Me,0,0,0.5,2
SVM,NDARLN961XGP,Despicable_Me,1,0,0.577065982163173,2
SVM,NDARHB772TE5,Despicable_Me,1,1,0.6871366186689185,2
SVM,NDARXY532ZTT,Despicable_Me,1,1,0.7100789723033406,2
SVM,NDARWW820WZN,Despicable_Me,1,1,0.6209070225563242,2
SVM,NDARBJ674TVU,Despicable_Me,1,0,0.541283671133019,2
SVM,NDARGU667MCK,Despicable_Me,1,1,0.7277669085634456,2
SVM,NDARZW472CCF,Despicable_Me,1,0,0.5682631566650612,2
SVM,NDARRR813CY6,Despicable_Me,1,1,0.71196132838521,2
SVM,NDARUB231LHN,Despicable_Me,1,0,0.6086002169388177,2
SVM,NDARKF442GZ5,Despicable_Me,1,1,0.7048287983654337,2
SVM,NDARWX711LBK,Despicable_Me,1,0,0.5391645696808728,2
SVM,NDARYL771XDP,Despicable_Me,1,0,0.42937524477923994,2
SVM,NDARKG460MWV,Despicable_Me,1,1,0.6520919581492195,2
SVM,NDARCD401HGZ,Despicable_Me,0,0,0.5122331392575282,2
SVM,NDARXJ696AMX,Despicable_Me,0,0,0.5098339117336876,2
SVM,NDARKN509RP9,Despicable_Me,0,1,0.6664498213170907,2
SVM,NDARAV610EY3,Diary_of_a_Wimpy_Kid_Trailer,0,1,0.6584655362583083,2
SVM,NDARZG263HRK,Diary_of_a_Wimpy_Kid_Trailer,0,0,0.5772494323401778,2
SVM,NDARYH480GTD,Diary_of_a_Wimpy_Kid_Trailer,0,1,0.6451157477324789,2
SVM,NDARRV638MJV,Diary_of_a_Wimpy_Kid_Trailer,0,0,0.5407315039655473,2
SVM,NDARXK462WRZ,Diary_of_a_Wimpy_Kid_Trailer,0,0,0.5503558276050992,2
SVM,NDARLC358CYJ,Diary_of_a_Wimpy_Kid_Trailer,0,1,0.6563091184320471,2
SVM,NDARJM708VGE,Diary_of_a_Wimpy_Kid_Trailer,0,1,0.6344156752681808,2
SVM,NDARUA421HT8,Diary_of_a_Wimpy_Kid_Trailer,0,1,0.6194615595433739,2
SVM,NDARGF543PM2,Diary_of_a_Wimpy_Kid_Trailer,0,1,0.7085197580308009,2
SVM,NDARAC904DMU,Diary_of_a_Wimpy_Kid_Trailer,0,1,0.6335713619965286,2
SVM,NDARCX053GU5,Diary_of_a_Wimpy_Kid_Trailer,0,1,0.689655824195289,2
SVM,NDARYY664KHF,Diary_of_a_Wimpy_Kid_Trailer,1,0,0.5743017403923942,2
SVM,NDARUM569EV1,Diary_of_a_Wimpy_Kid_Trailer,0,1,0.6545877414861013,2
SVM,NDARAA117NEJ,Diary_of_a_Wimpy_Kid_Trailer,1,0,0.5936555244346878,2
SVM,NDARYU620RH9,Diary_of_a_Wimpy_Kid_Trailer,0,0,0.6051059690533483,2
SVM,NDARRK882CLT,Diary_of_a_Wimpy_Kid_Trailer,0,1,0.6459633449241502,2
SVM,NDARMM782KJK,Diary_of_a_Wimpy_Kid_Trailer,0,1,0.6897932903445704,2
SVM,NDARVG461LA2,Diary_of_a_Wimpy_Kid_Trailer,0,1,0.6937881434281495,2
SVM,NDARLE091XAZ,Diary_of_a_Wimpy_Kid_Trailer,0,1,0.6556570799714527,2
SVM,NDARRY268AF2,Diary_of_a_Wimpy_Kid_Trailer,1,1,0.7030462560414447,2
SVM,NDARXF203DCD,Diary_of_a_Wimpy_Kid_Trailer,0,1,0.636071830978085,2
SVM,NDARXD944ZXV,Diary_of_a_Wimpy_Kid_Trailer,1,1,0.6947149929042756,2
SVM,NDARCJ363KLE,Diary_of_a_Wimpy_Kid_Trailer,0,0,0.5254404903617541,2
SVM,NDARPX244EHJ,Diary_of_a_Wimpy_Kid_Trailer,1,0,0.5662059309979092,2
SVM,NDARBK082PDD,Diary_of_a_Wimpy_Kid_Trailer,0,0,0.48724654874635215,2
SVM,NDARPV303LAX,Diary_of_a_Wimpy_Kid_Trailer,1,1,0.7380447651659028,2
SVM,NDARRN619WHY,Diary_of_a_Wimpy_Kid_Trailer,1,1,0.6400099356524518,2
SVM,NDARXC534KT4,Diary_of_a_Wimpy_Kid_Trailer,1,0,0.5204634996819146,2
SVM,NDARMZ518UH1,Diary_of_a_Wimpy_Kid_Trailer,0,1,0.71007069488051,2
SVM,NDARXM571XCC,Diary_of_a_Wimpy_Kid_Trailer,0,1,0.6321858032575695,2
SVM,NDARTH473LF8,Diary_of_a_Wimpy_Kid_Trailer,0,0,0.6042072634208421,2
SVM,NDARVH153RE7,Diary_of_a_Wimpy_Kid_Trailer,1,0,0.42846110504335777,2
SVM,NDARFP512MEK,Diary_of_a_Wimpy_Kid_Trailer,1,0,0.5345748318496483,2
SVM,NDARMU269TFY,Diary_of_a_Wimpy_Kid_Trailer,1,0,0.5766945692864153,2
SVM,NDARXV445NYZ,Diary_of_a_Wimpy_Kid_Trailer,0,1,0.6427448804110014,2
SVM,NDARWV677EFC,Diary_of_a_Wimpy_Kid_Trailer,1,1,0.6231852203185018,2
SVM,NDARRN444MJG,Diary_of_a_Wimpy_Kid_Trailer,1,0,0.5668090591526942,2
SVM,NDAREK255DEE,Diary_of_a_Wimpy_Kid_Trailer,1,1,0.7188188433750651,2
SVM,NDARVL555VVA,Diary_of_a_Wimpy_Kid_Trailer,0,0,0.5510637714772177,2
SVM,NDARTX659HAF,Diary_of_a_Wimpy_Kid_Trailer,1,1,0.6448825415164211,2
SVM,NDAREW201WD9,Diary_of_a_Wimpy_Kid_Trailer,0,0,0.4808319419631018,2
SVM,NDARTY225EWV,Diary_of_a_Wimpy_Kid_Trailer,1,1,0.7019662021875579,2
SVM,NDARBM642JFT,Diary_of_a_Wimpy_Kid_Trailer,1,1,0.6919380895538774,2
SVM,NDARRX443NVT,Diary_of_a_Wimpy_Kid_Trailer,1,1,0.6884855803007949,2
SVM,NDARLZ986JLL,Diary_of_a_Wimpy_Kid_Trailer,1,0,0.5592574156196409,2
SVM,NDAREH852JE0,Diary_of_a_Wimpy_Kid_Trailer,1,1,0.6704554177036394,2
SVM,NDAREN151YXN,Diary_of_a_Wimpy_Kid_Trailer,1,1,0.7339012610425526,2
SVM,NDARGJ395FKP,Diary_of_a_Wimpy_Kid_Trailer,1,0,0.4588197659477721,2
SVM,NDARGL085RTW,Diary_of_a_Wimpy_Kid_Trailer,1,1,0.6899660431760628,2
SVM,NDARUT470BM4,Diary_of_a_Wimpy_Kid_Trailer,1,1,0.6767452448284254,2
SVM,NDARGU395RFP,Diary_of_a_Wimpy_Kid_Trailer,1,0,0.5983319949661815,2
SVM,NDARWT715BMK,Diary_of_a_Wimpy_Kid_Trailer,1,1,0.6229859157444082,2
SVM,NDARAN385MDH,Diary_of_a_Wimpy_Kid_Trailer,0,0,0.521054538673187,2
SVM,NDARLN961XGP,Diary_of_a_Wimpy_Kid_Trailer,1,0,0.6098269220443318,2
SVM,NDARHB772TE5,Diary_of_a_Wimpy_Kid_Trailer,1,1,0.7050156260394302,2
SVM,NDARXY532ZTT,Diary_of_a_Wimpy_Kid_Trailer,1,1,0.673211950804576,2
SVM,NDARRJ130PV7,Diary_of_a_Wimpy_Kid_Trailer,1,1,0.7287672636985407,2
SVM,NDARWW820WZN,Diary_of_a_Wimpy_Kid_Trailer,1,1,0.6456391702852854,2
SVM,NDARKK732JW3,Diary_of_a_Wimpy_Kid_Trailer,1,1,0.6878847115911703,2
SVM,NDARBJ674TVU,Diary_of_a_Wimpy_Kid_Trailer,1,0,0.5964933197554686,2
SVM,NDARGU667MCK,Diary_of_a_Wimpy_Kid_Trailer,1,1,0.686399916700649,2
SVM,NDARZW472CCF,Diary_of_a_Wimpy_Kid_Trailer,1,0,0.6034410987290603,2
SVM,NDARRR813CY6,Diary_of_a_Wimpy_Kid_Trailer,1,1,0.6293401327431088,2
SVM,NDARUB231LHN,Diary_of_a_Wimpy_Kid_Trailer,1,1,0.7336733056089114,2
SVM,NDARFU444HEF,Diary_of_a_Wimpy_Kid_Trailer,1,1,0.6643148319752277,2
SVM,NDARWX711LBK,Diary_of_a_Wimpy_Kid_Trailer,1,1,0.65135746580688,2
SVM,NDARYL771XDP,Diary_of_a_Wimpy_Kid_Trailer,1,0,0.4357340633307003,2
SVM,NDARKG460MWV,Diary_of_a_Wimpy_Kid_Trailer,1,1,0.622226451524912,2
SVM,NDARHF351AA6,Diary_of_a_Wimpy_Kid_Trailer,1,0,0.5312273126723458,2
SVM,NDARCD401HGZ,Diary_of_a_Wimpy_Kid_Trailer,0,0,0.5463454201525202,2
SVM,NDARKN509RP9,Diary_of_a_Wimpy_Kid_Trailer,0,1,0.6475343639274358,2
SVM,NDARGF543PM2,Fractals,0,1,0.7159903499094281,2
SVM,NDARLE091XAZ,Fractals,0,0,0.5703433419580998,2
SVM,NDARXF203DCD,Fractals,0,1,0.6989676704520513,2
SVM,NDARTY225EWV,Fractals,1,1,0.7341281479274531,2
SVM,NDAREN151YXN,Fractals,1,1,0.717044503578164,2
SVM,NDARWT715BMK,Fractals,1,1,0.6491963097354916,2
SVM,NDARXY532ZTT,Fractals,1,1,0.6454804710918359,2
SVM,NDARRJ130PV7,Fractals,1,1,0.7060204385835966,2
SVM,NDARRR813CY6,Fractals,1,1,0.6168205528732397,2
SVM,NDARWX711LBK,Fractals,1,0,0.47918181249626046,2
SVM,NDARGF543PM2,The_Present,0,1,0.6911630328720538,2
SVM,NDARCX053GU5,The_Present,0,1,0.6556939141375491,2
SVM,NDARYY664KHF,The_Present,1,0,0.5813239328849957,2
SVM,NDARLE091XAZ,The_Present,0,1,0.7130275118365899,2
SVM,NDARRY268AF2,The_Present,1,1,0.6940371511845963,2
SVM,NDARXF203DCD,The_Present,0,1,0.7170728871882789,2
SVM,NDARPV303LAX,The_Present,1,1,0.7338193210526452,2
SVM,NDARMZ518UH1,The_Present,0,1,0.7139765663144624,2
SVM,NDARXM571XCC,The_Present,0,1,0.7299073598878338,2
SVM,NDARVH153RE7,The_Present,1,0,0.5296850851377704,2
SVM,NDAREK255DEE,The_Present,1,1,0.7029703795458049,2
SVM,NDAREW201WD9,The_Present,0,0,0.5996752095229407,2
SVM,NDARTY225EWV,The_Present,1,1,0.7585906031185158,2
SVM,NDARVN715MJ9,The_Present,1,0,0.5730446033717475,2
SVM,NDARRX443NVT,The_Present,1,1,0.7195579293634117,2
SVM,NDAREH852JE0,The_Present,1,1,0.6649838958168041,2
SVM,NDAREN151YXN,The_Present,1,0,0.5729085928459672,2
SVM,NDARUT470BM4,The_Present,1,0,0.6034788704406177,2
SVM,NDARGU395RFP,The_Present,1,1,0.6183119795374192,2
SVM,NDARWT715BMK,The_Present,1,1,0.6776035122496118,2
SVM,NDARLN961XGP,The_Present,1,0,0.532567972120022,2
SVM,NDARXY532ZTT,The_Present,1,1,0.634877691965781,2
SVM,NDARWW820WZN,The_Present,1,1,0.6696154692770249,2
SVM,NDARKK732JW3,The_Present,1,1,0.674596647329532,2
SVM,NDARHE199NGL,The_Present,1,0,0.5539015938913588,2
SVM,NDARBJ674TVU,The_Present,1,1,0.6400953816939059,2
SVM,NDARRR813CY6,The_Present,1,1,0.7081360483143567,2
SVM,NDARUB231LHN,The_Present,1,1,0.6740375737507646,2
SVM,NDARKF442GZ5,The_Present,1,1,0.6716040510550259,2
SVM,NDARFU444HEF,The_Present,1,0,0.5874087040522469,2
SVM,NDARWX711LBK,The_Present,1,0,0.5470689870177446,2
SVM,NDARYL771XDP,The_Present,1,0,0.5633697078862349,2
SVM,NDARKG460MWV,The_Present,1,1,0.6742611800572359,2
SVM,NDARKN509RP9,The_Present,0,0,0.6064697143957434,2
SVM,NDARXT792GY8,Despicable_Me,0,1,0.6625888588469194,3
SVM,NDARYA503XVQ,Despicable_Me,0,1,0.7602225155761425,3
SVM,NDARXZ685TU4,Despicable_Me,0,1,0.664850447759869,3
SVM,NDARAA075AMK,Despicable_Me,0,0,0.566565889187092,3
SVM,NDARUG507AZX,Despicable_Me,0,0,0.5218825171844002,3
SVM,NDARTH610GMK,Despicable_Me,0,0,0.49235965722369757,3
SVM,NDARRY785GLM,Despicable_Me,0,1,0.7821212023986368,3
SVM,NDARDX872VH6,Despicable_Me,0,1,0.7132997631183052,3
SVM,NDARXX895FNJ,Despicable_Me,0,0,0.5942085937084005,3
SVM,NDARUD764NFJ,Despicable_Me,0,0,0.4786443513085276,3
SVM,NDAREK549XUQ,Despicable_Me,0,1,0.6898822969741693,3
SVM,NDARRE333EKT,Despicable_Me,0,0,0.517754434380695,3
SVM,NDARZT772PU4,Despicable_Me,0,1,0.6767990870560437,3
SVM,NDARTN173MXV,Despicable_Me,0,1,0.6915080245840245,3
SVM,NDARZF602KU6,Despicable_Me,1,1,0.6950248292291915,3
SVM,NDARLA516PH1,Despicable_Me,0,0,0.5239059943312495,3
SVM,NDARZW662UK6,Despicable_Me,1,0,0.5736110300171992,3
SVM,NDARNW182PJC,Despicable_Me,1,1,0.6700849645796031,3
SVM,NDARUP249AMD,Despicable_Me,0,0,0.6234731783444304,3
SVM,NDARTU768MY1,Despicable_Me,0,0,0.5838942245507134,3
SVM,NDARUG323DM3,Despicable_Me,0,1,0.6769769485816133,3
SVM,NDARJJ343TR0,Despicable_Me,0,1,0.8103675322204317,3
SVM,NDARZN677EYE,Despicable_Me,1,1,0.7526561597328303,3
SVM,NDARTC710UM1,Despicable_Me,1,1,0.6450310563134795,3
SVM,NDARLM196YRG,Despicable_Me,0,1,0.685808628276613,3
SVM,NDARYL272HDW,Despicable_Me,0,0,0.544854621906703,3
SVM,NDARXF358XGE,Despicable_Me,0,1,0.7040131049644826,3
SVM,NDARGV956EGX,Despicable_Me,0,1,0.6314401847491308,3
SVM,NDAREF848YWD,Despicable_Me,1,1,0.6374600701188309,3
SVM,NDARKU278YRR,Despicable_Me,0,1,0.697912349331651,3
SVM,NDARTV525XC0,Despicable_Me,1,0,0.6121845041586345,3
SVM,NDARXC418YG7,Despicable_Me,0,0,0.5070914187362492,3
SVM,NDARAG340ERT,Despicable_Me,1,0,0.4550640524532663,3
SVM,NDARGD507TDZ,Despicable_Me,0,0,0.5389059914251578,3
SVM,NDARLV387GP4,Despicable_Me,0,0,0.5381418853825578,3
SVM,NDARDU760YZC,Despicable_Me,1,0,0.5120031667317684,3
SVM,NDARCY178KJP,Despicable_Me,0,1,0.6393335466150208,3
SVM,NDARUK329RUU,Despicable_Me,1,0,0.6258782420743279,3
SVM,NDARVX162AZU,Despicable_Me,1,0,0.5911723182943963,3
SVM,NDARAY461TZZ,Despicable_Me,1,0,0.5473234463709362,3
SVM,NDARCB370UK4,Despicable_Me,1,1,0.6291461544602251,3
SVM,NDARUJ779NM0,Despicable_Me,1,0,0.5694892018464668,3
SVM,NDARLG943AAN,Despicable_Me,1,1,0.6473843412724019,3
SVM,NDARLJ311YNA,Despicable_Me,1,1,0.6766094177393941,3
SVM,NDARRW680PHD,Despicable_Me,1,1,0.6570501789908998,3
SVM,NDARFY009MNL,Despicable_Me,1,0,0.5,3
SVM,NDARZZ740MLM,Despicable_Me,1,0,0.6199879135325327,3
SVM,NDARRF180JBU,Despicable_Me,1,1,0.7562341723288699,3
SVM,NDARMU161LHN,Despicable_Me,1,0,0.6131203745084874,3
SVM,NDAREK947FYP,Despicable_Me,1,0,0.5710376624675753,3
SVM,NDARVT488RXJ,Despicable_Me,1,1,0.6780866407984478,3
SVM,NDARYE379GGT,Despicable_Me,1,1,0.6934783585354056,3
SVM,NDARCZ947WU5,Despicable_Me,1,0,0.4293262455001291,3
SVM,NDAREW671HZW,Despicable_Me,1,1,0.6478464007326673,3
SVM,NDAREM018TJQ,Despicable_Me,1,0,0.506825731527871,3
SVM,NDARNF873FCV,Despicable_Me,1,1,0.7090066546163042,3
SVM,NDARVM685MER,Despicable_Me,1,0,0.6239489984599648,3
SVM,NDARPF319WV2,Despicable_Me,1,1,0.7309408482231754,3
SVM,NDARWX338NDL,Despicable_Me,1,1,0.6955237020294583,3
SVM,NDARFR820KFF,Despicable_Me,1,0,0.6258049526211338,3
SVM,NDARJZ549HU8,Despicable_Me,1,0,0.6236481869631307,3
SVM,NDARWK065NJ9,Despicable_Me,1,0,0.6097238226937073,3
SVM,NDARNP939DDQ,Despicable_Me,1,0,0.49083875460207876,3
SVM,NDARAV189JGX,Despicable_Me,1,1,0.6427213655114763,3
SVM,NDARPW635LN4,Despicable_Me,1,1,0.693118216521967,3
SVM,NDAREF888EVV,Despicable_Me,1,1,0.7613332376700606,3
SVM,NDARGB441VVD,Despicable_Me,0,0,0.5963896748437642,3
SVM,NDARXT792GY8,Diary_of_a_Wimpy_Kid_Trailer,0,1,0.6496064169568148,3
SVM,NDARYA503XVQ,Diary_of_a_Wimpy_Kid_Trailer,0,1,0.6701516394423728,3
SVM,NDARXZ685TU4,Diary_of_a_Wimpy_Kid_Trailer,0,0,0.5,3
SVM,NDARAA075AMK,Diary_of_a_Wimpy_Kid_Trailer,0,0,0.46266775410656025,3
SVM,NDARUG507AZX,Diary_of_a_Wimpy_Kid_Trailer,0,0,0.5334066089865692,3
SVM,NDARTH610GMK,Diary_of_a_Wimpy_Kid_Trailer,0,0,0.44327636152689176,3
SVM,NDARRY785GLM,Diary_of_a_Wimpy_Kid_Trailer,0,1,0.6973731894874199,3
SVM,NDARDX872VH6,Diary_of_a_Wimpy_Kid_Trailer,0,0,0.6121224677860256,3
SVM,NDARXX895FNJ,Diary_of_a_Wimpy_Kid_Trailer,0,0,0.5649679206922105,3
SVM,NDARUD764NFJ,Diary_of_a_Wimpy_Kid_Trailer,0,0,0.48941117928294015,3
SVM,NDAREK549XUQ,Diary_of_a_Wimpy_Kid_Trailer,0,1,0.751770641982555,3
SVM,NDARRE333EKT,Diary_of_a_Wimpy_Kid_Trailer,0,0,0.46645542633339715,3
SVM,NDARXG646PM9,Diary_of_a_Wimpy_Kid_Trailer,1,0,0.5276836249443106,3
SVM,NDARZT772PU4,Diary_of_a_Wimpy_Kid_Trailer,0,0,0.5443915659524752,3
SVM,NDARFK610GY5,Diary_of_a_Wimpy_Kid_Trailer,0,0,0.5570199476215815,3
SVM,NDARZF602KU6,Diary_of_a_Wimpy_Kid_Trailer,1,0,0.4942311462046548,3
SVM,NDARZW662UK6,Diary_of_a_Wimpy_Kid_Trailer,1,0,0.5510941600301857,3
SVM,NDARNW182PJC,Diary_of_a_Wimpy_Kid_Trailer,1,0,0.5476360122688315,3
SVM,NDARUP249AMD,Diary_of_a_Wimpy_Kid_Trailer,0,0,0.6221626422927032,3
SVM,NDARTU768MY1,Diary_of_a_Wimpy_Kid_Trailer,0,0,0.5659792890068833,3
SVM,NDARUG323DM3,Diary_of_a_Wimpy_Kid_Trailer,0,0,0.48512937852845955,3
SVM,NDARZN677EYE,Diary_of_a_Wimpy_Kid_Trailer,1,1,0.6860313875275463,3
SVM,NDARMG196KV4,Diary_of_a_Wimpy_Kid_Trailer,1,0,0.5616031690165103,3
SVM,NDARTC710UM1,Diary_of_a_Wimpy_Kid_Trailer,1,1,0.6356547712723505,3
SVM,NDARLM196YRG,Diary_of_a_Wimpy_Kid_Trailer,0,1,0.7564128178856854,3
SVM,NDARYL272HDW,Diary_of_a_Wimpy_Kid_Trailer,0,0,0.5179244864462047,3
SVM,NDARXF358XGE,Diary_of_a_Wimpy_Kid_Trailer,0,0,0.6248713966430508,3
SVM,NDARGV956EGX,Diary_of_a_Wimpy_Kid_Trailer,0,0,0.5,3
SVM,NDAREF848YWD,Diary_of_a_Wimpy_Kid_Trailer,1,1,0.6279224990407091,3
SVM,NDARKU278YRR,Diary_of_a_Wimpy_Kid_Trailer,0,1,0.7004307158378504,3
SVM,NDARTV525XC0,Diary_of_a_Wimpy_Kid_Trailer,1,0,0.5332034878343513,3
SVM,NDARLV387GP4,Diary_of_a_Wimpy_Kid_Trailer,0,0,0.4765236599176925,3
SVM,NDARDU760YZC,Diary_of_a_Wimpy_Kid_Trailer,1,0,0.6207241427561901,3
SVM,NDARCY178KJP,Diary_of_a_Wimpy_Kid_Trailer,0,0,0.5300095345453477,3
SVM,NDARUK329RUU,Diary_of_a_Wimpy_Kid_Trailer,1,0,0.597473327390293,3
SVM,NDARMF939FNX,Diary_of_a_Wimpy_Kid_Trailer,1,1,0.689883090454003,3
SVM,NDARVX162AZU,Diary_of_a_Wimpy_Kid_Trailer,1,1,0.7081617652096417,3
SVM,NDARAY461TZZ,Diary_of_a_Wimpy_Kid_Trailer,1,0,0.5,3
SVM,NDARCB370UK4,Diary_of_a_Wimpy_Kid_Trailer,1,0,0.5475002367729338,3
SVM,NDARUJ779NM0,Diary_of_a_Wimpy_Kid_Trailer,1,0,0.5864921684385914,3
SVM,NDARLG943AAN,Diary_of_a_Wimpy_Kid_Trailer,1,1,0.6912350877160833,3
SVM,NDARLJ311YNA,Diary_of_a_Wimpy_Kid_Trailer,1,1,0.7457553437167088,3
SVM,NDARRW680PHD,Diary_of_a_Wimpy_Kid_Trailer,1,0,0.5379211042155612,3
SVM,NDARYF135ZHU,Diary_of_a_Wimpy_Kid_Trailer,1,0,0.5825654254757873,3
SVM,NDARFY009MNL,Diary_of_a_Wimpy_Kid_Trailer,1,0,0.46254148720898,3
SVM,NDARZZ740MLM,Diary_of_a_Wimpy_Kid_Trailer,1,0,0.5281362507748887,3
SVM,NDARRF180JBU,Diary_of_a_Wimpy_Kid_Trailer,1,1,0.7741997866529766,3
SVM,NDARMU161LHN,Diary_of_a_Wimpy_Kid_Trailer,1,1,0.7472198836240964,3
SVM,NDAREK947FYP,Diary_of_a_Wimpy_Kid_Trailer,1,0,0.5548882594873835,3
SVM,NDARVT488RXJ,Diary_of_a_Wimpy_Kid_Trailer,1,1,0.7414689591354605,3
SVM,NDARYE379GGT,Diary_of_a_Wimpy_Kid_Trailer,1,1,0.7340846987102528,3
SVM,NDARCZ947WU5,Diary_of_a_Wimpy_Kid_Trailer,1,0,0.5365469738283544,3
SVM,NDAREM018TJQ,Diary_of_a_Wimpy_Kid_Trailer,1,0,0.571347585189306,3
SVM,NDARNF873FCV,Diary_of_a_Wimpy_Kid_Trailer,1,1,0.7068970023680966,3
SVM,NDARJM828PAL,Diary_of_a_Wimpy_Kid_Trailer,1,1,0.6536953459403152,3
SVM,NDARVM685MER,Diary_of_a_Wimpy_Kid_Trailer,1,0,0.5824842434128006,3
SVM,NDARWX338NDL,Diary_of_a_Wimpy_Kid_Trailer,1,1,0.635823583291161,3
SVM,NDARRF897HB5,Diary_of_a_Wimpy_Kid_Trailer,1,0,0.5338000338379484,3
SVM,NDARJZ549HU8,Diary_of_a_Wimpy_Kid_Trailer,1,1,0.6930653283418502,3
SVM,NDARWK065NJ9,Diary_of_a_Wimpy_Kid_Trailer,1,0,0.5602735184426006,3
SVM,NDARNP939DDQ,Diary_of_a_Wimpy_Kid_Trailer,1,0,0.5,3
SVM,NDARZE542ZVH,Diary_of_a_Wimpy_Kid_Trailer,1,0,0.47150063041989365,3
SVM,NDARPW635LN4,Diary_of_a_Wimpy_Kid_Trailer,1,0,0.587081708402068,3
SVM,NDARGB441VVD,Diary_of_a_Wimpy_Kid_Trailer,0,1,0.7064379992118608,3
SVM,NDAREK549XUQ,Fractals,0,1,0.7467098457963606,3
SVM,NDARZN677EYE,Fractals,1,1,0.7086600608637024,3
SVM,NDARTC710UM1,Fractals,1,0,0.5923614714014046,3
SVM,NDARLM196YRG,Fractals,0,1,0.7399482271463558,3
SVM,NDAREF848YWD,Fractals,1,0,0.6144868756606024,3
SVM,NDARZD415ZZ1,Fractals,0,1,0.6598212191723806,3
SVM,NDARMF939FNX,Fractals,1,1,0.7900931289411433,3
SVM,NDARRW680PHD,Fractals,1,0,0.5421078567599895,3
SVM,NDARMU161LHN,Fractals,1,1,0.6534054807323673,3
SVM,NDARYE379GGT,Fractals,1,1,0.6731311746241782,3
SVM,NDARNF873FCV,Fractals,1,1,0.7229308576270006,3
SVM,NDARJM828PAL,Fractals,1,1,0.6690426755616907,3
SVM,NDARAV189JGX,Fractals,1,1,0.6678362371861201,3
SVM,NDAREF888EVV,Fractals,1,1,0.6516356307298946,3
SVM,NDARYA503XVQ,The_Present,0,1,0.693852395047778,3
SVM,NDARRY785GLM,The_Present,0,1,0.7229420588152168,3
SVM,NDARDX872VH6,The_Present,0,1,0.7620668523360918,3
SVM,NDAREK549XUQ,The_Present,0,1,0.6898822977267437,3
SVM,NDARZW662UK6,The_Present,1,0,0.5670376003406051,3
SVM,NDARJJ343TR0,The_Present,0,0,0.6000441637089746,3
SVM,NDARZN677EYE,The_Present,1,1,0.72533558380416,3
SVM,NDARMG196KV4,The_Present,1,1,0.6838813326382996,3
SVM,NDARTC710UM1,The_Present,1,1,0.656885246071579,3
SVM,NDARLM196YRG,The_Present,0,1,0.6330055624620958,3
SVM,NDARXF358XGE,The_Present,0,1,0.6789585251212956,3
SVM,NDAREF848YWD,The_Present,1,0,0.6069125540285278,3
SVM,NDARKU278YRR,The_Present,0,0,0.626797258911338,3
SVM,NDARTV525XC0,The_Present,1,1,0.6707665226438404,3
SVM,NDARZD415ZZ1,The_Present,0,1,0.7144698468197136,3
SVM,NDARDU760YZC,The_Present,1,1,0.6723969313952513,3
SVM,NDARUK329RUU,The_Present,1,1,0.7443546946242602,3
SVM,NDARMF939FNX,The_Present,1,1,0.7728189433195669,3
SVM,NDARAY461TZZ,The_Present,1,1,0.7273873437636583,3
SVM,NDARLG943AAN,The_Present,1,1,0.6475444536977173,3
SVM,NDARRW680PHD,The_Present,1,1,0.7095543130400828,3
SVM,NDARZZ740MLM,The_Present,1,1,0.6477920750676269,3
SVM,NDARRF180JBU,The_Present,1,1,0.6885038996871066,3
SVM,NDARMU161LHN,The_Present,1,1,0.6849081879580946,3
SVM,NDAREW671HZW,The_Present,1,0,0.6093764761840873,3
SVM,NDARNF873FCV,The_Present,1,1,0.7386680704242404,3
SVM,NDARJM828PAL,The_Present,1,1,0.666047936858839,3
SVM,NDARFR820KFF,The_Present,1,1,0.7527024119801035,3
SVM,NDARAV189JGX,The_Present,1,1,0.6371075731041269,3
SVM,NDAREF888EVV,The_Present,1,1,0.6488511547241306,3
SVM,NDARGB441VVD,The_Present,0,1,0.7000000630291615,3
SVM,NDARRV505ND6,Despicable_Me,0,1,0.6579382402378163,4
SVM,NDARET653TAM,Despicable_Me,0,1,0.6458824403865204,4
SVM,NDARPE056ACA,Despicable_Me,0,1,0.6907905053126061,4
SVM,NDARNG689AAP,Despicable_Me,0,1,0.6534535513245336,4
SVM,NDARLV086DEH,Despicable_Me,1,1,0.727533491187535,4
SVM,NDARLJ886BFK,Despicable_Me,0,1,0.7138089394870577,4
SVM,NDARUR987CDM,Despicable_Me,0,1,0.7145367781364015,4
SVM,NDARBA521RA8,Despicable_Me,0,0,0.5,4
SVM,NDARLR620FW6,Despicable_Me,1,0,0.5,4
SVM,NDAREX065KJU,Despicable_Me,0,1,0.645736345686319,4
SVM,NDARHF269ATU,Despicable_Me,1,0,0.5658486958128883,4
SVM,NDARKH837TB2,Despicable_Me,0,0,0.476554107240784,4
SVM,NDARJH441HJD,Despicable_Me,0,0,0.4202559371957662,4
SVM,NDARJJ356DAL,Despicable_Me,0,1,0.6285956056130586,4
SVM,NDARZR412TBP,Despicable_Me,1,0,0.614002406359738,4
SVM,NDARXF497LYF,Despicable_Me,1,1,0.7344574766286437,4
SVM,NDAREV527ZRF,Despicable_Me,1,1,0.6862591663951936,4
SVM,NDARKP815KPZ,Despicable_Me,1,0,0.5064608545309072,4
SVM,NDARPF640ZRG,Despicable_Me,1,1,0.6248855035247493,4
SVM,NDAREY741MG9,Despicable_Me,1,0,0.5637238756581783,4
SVM,NDARYX806FL1,Despicable_Me,1,1,0.686518992071821,4
SVM,NDARHC825ZFZ,Despicable_Me,1,1,0.6872415317961945,4
SVM,NDARPZ621ZLE,Despicable_Me,0,0,0.5723817544242749,4
SVM,NDARDM118LR6,Despicable_Me,0,0,0.5223620817622049,4
SVM,NDARYC466ER1,Despicable_Me,1,0,0.5381778317816424,4
SVM,NDARWC427JB2,Despicable_Me,0,1,0.6590288765537058,4
SVM,NDARXB286YBR,Despicable_Me,1,0,0.5651455643331332,4
SVM,NDARAT100AEQ,Despicable_Me,0,0,0.48930598918945944,4
SVM,NDARAE012DGA,Despicable_Me,0,1,0.6352909623400994,4
SVM,NDARVV248VW0,Despicable_Me,0,1,0.6425502235603147,4
SVM,NDARZV608BL8,Despicable_Me,1,1,0.6974593046702978,4
SVM,NDARZM903TNL,Despicable_Me,0,1,0.6480653723160877,4
SVM,NDARUL456EER,Despicable_Me,0,1,0.6267160240590447,4
SVM,NDARBL117AUV,Despicable_Me,0,1,0.6460913692588048,4
SVM,NDARCT933HF2,Despicable_Me,1,0,0.46796457621487536,4
SVM,NDARLE417RA4,Despicable_Me,1,0,0.5778207887698393,4
SVM,NDARJC559WW5,Despicable_Me,1,0,0.5903120801606627,4
SVM,NDARYU575CE2,Despicable_Me,1,0,0.5900670023674729,4
SVM,NDARRD326KB9,Despicable_Me,0,0,0.4803318050651769,4
SVM,NDARFE526NK3,Despicable_Me,1,0,0.5631663939189188,4
SVM,NDARAX283MAK,Despicable_Me,0,0,0.5978184038380421,4
SVM,NDARMN302YAV,Despicable_Me,1,1,0.6220260901357002,4
SVM,NDARCL590LPD,Despicable_Me,1,1,0.7135570001807384,4
SVM,NDARKD134TCX,Despicable_Me,1,0,0.5372837857545303,4
SVM,NDARLX836EHJ,Despicable_Me,0,0,0.47346418988826805,4
SVM,NDARJJ389CP2,Despicable_Me,1,0,0.5897091511382486,4
SVM,NDARED047DTH,Despicable_Me,0,1,0.7141860032247199,4
SVM,NDARDF568GL5,Despicable_Me,1,1,0.697351832657628,4
SVM,NDARVP953BBF,Despicable_Me,1,1,0.6452331729407962,4
SVM,NDARWR628EFJ,Despicable_Me,0,0,0.5401424504341484,4
SVM,NDARRL685WB7,Despicable_Me,1,1,0.6894366583019462,4
SVM,NDARJM036PVX,Despicable_Me,1,1,0.6748434887983833,4
SVM,NDARVU320XJZ,Despicable_Me,1,0,0.5384681041106217,4
SVM,NDARGK608LJ8,Despicable_Me,1,1,0.6738202585232786,4
SVM,NDARLF142AF5,Despicable_Me,1,0,0.4915882007751218,4
SVM,NDARDF373ZDW,Despicable_Me,1,1,0.6931954949469047,4
SVM,NDARFK477WX9,Despicable_Me,1,1,0.6552002717850501,4
SVM,NDARZF615DC0,Despicable_Me,1,0,0.4516488518857273,4
SVM,NDARZG623FYX,Despicable_Me,1,0,0.5345680027330155,4
SVM,NDARVL964HH1,Despicable_Me,1,0,0.5226312271513145,4
SVM,NDARHY177LY9,Despicable_Me,1,1,0.7299166018221247,4
SVM,NDARRG735TU5,Despicable_Me,1,1,0.6419378314597949,4
SVM,NDARAJ807UYR,Despicable_Me,1,0,0.44787926104973264,4
SVM,NDARML406ZB8,Despicable_Me,1,0,0.5777513025786322,4
SVM,NDARMW178UDD,Diary_of_a_Wimpy_Kid_Trailer,0,1,0.6847993584277545,4
SVM,NDARET653TAM,Diary_of_a_Wimpy_Kid_Trailer,0,0,0.5224436727330632,4
SVM,NDARPE056ACA,Diary_of_a_Wimpy_Kid_Trailer,0,1,0.6384715554900529,4
SVM,NDAREL622FA6,Diary_of_a_Wimpy_Kid_Trailer,0,0,0.5238587771436867,4
SVM,NDARNG689AAP,Diary_of_a_Wimpy_Kid_Trailer,0,1,0.7636560763500085,4
SVM,NDARLV086DEH,Diary_of_a_Wimpy_Kid_Trailer,1,1,0.6707704593103243,4
SVM,NDARLJ886BFK,Diary_of_a_Wimpy_Kid_Trailer,0,1,0.698353074466262,4
SVM,NDARUR987CDM,Diary_of_a_Wimpy_Kid_Trailer,0,1,0.6758560525774755,4
SVM,NDARBA521RA8,Diary_of_a_Wimpy_Kid_Trailer,0,0,0.5551447126725105,4
SVM,NDARLR620FW6,Diary_of_a_Wimpy_Kid_Trailer,1,0,0.6157688292045538,4
SVM,NDAREX065KJU,Diary_of_a_Wimpy_Kid_Trailer,0,0,0.5582205986157852,4
SVM,NDARHF269ATU,Diary_of_a_Wimpy_Kid_Trailer,1,1,0.6354800799964585,4
SVM,NDARCH001CN2,Diary_of_a_Wimpy_Kid_Trailer,1,0,0.6108764392308935,4
SVM,NDARCE721YB5,Diary_of_a_Wimpy_Kid_Trailer,0,1,0.7078813392231171,4
SVM,NDARKH837TB2,Diary_of_a_Wimpy_Kid_Trailer,0,0,0.5583656278693558,4
SVM,NDARJH441HJD,Diary_of_a_Wimpy_Kid_Trailer,0,0,0.44216426709293616,4
SVM,NDARJJ356DAL,Diary_of_a_Wimpy_Kid_Trailer,0,1,0.7045461770873446,4
SVM,NDARZR412TBP,Diary_of_a_Wimpy_Kid_Trailer,1,0,0.5999020140426935,4
SVM,NDARXF497LYF,Diary_of_a_Wimpy_Kid_Trailer,1,1,0.7605950095135215,4
SVM,NDAREV527ZRF,Diary_of_a_Wimpy_Kid_Trailer,1,1,0.6985402495942185,4
SVM,NDARKP815KPZ,Diary_of_a_Wimpy_Kid_Trailer,1,1,0.7294110375859442,4
SVM,NDAREY741MG9,Diary_of_a_Wimpy_Kid_Trailer,1,0,0.524018678740098,4
SVM,NDARYX806FL1,Diary_of_a_Wimpy_Kid_Trailer,1,0,0.5609391350066836,4
SVM,NDARHC825ZFZ,Diary_of_a_Wimpy_Kid_Trailer,1,0,0.4591690074670368,4
SVM,NDARPZ621ZLE,Diary_of_a_Wimpy_Kid_Trailer,0,0,0.47406233655445223,4
SVM,NDARDM118LR6,Diary_of_a_Wimpy_Kid_Trailer,0,0,0.5315429700331932,4
SVM,NDARYC466ER1,Diary_of_a_Wimpy_Kid_Trailer,1,0,0.5791816163809637,4
SVM,NDARWC427JB2,Diary_of_a_Wimpy_Kid_Trailer,0,1,0.7933724861754043,4
SVM,NDARDH086ZKK,Diary_of_a_Wimpy_Kid_Trailer,0,1,0.6872540019448501,4
SVM,NDARDY714NV9,Diary_of_a_Wimpy_Kid_Trailer,1,1,0.6200862149188194,4
SVM,NDARXB286YBR,Diary_of_a_Wimpy_Kid_Trailer,1,1,0.6705990658828122,4
SVM,NDARAT100AEQ,Diary_of_a_Wimpy_Kid_Trailer,0,0,0.49192954247594073,4
SVM,NDARAE012DGA,Diary_of_a_Wimpy_Kid_Trailer,0,0,0.5503008065300898,4
SVM,NDARRG415BJM,Diary_of_a_Wimpy_Kid_Trailer,0,1,0.7227147898171986,4
SVM,NDARET550NXC,Diary_of_a_Wimpy_Kid_Trailer,1,1,0.6455644165598744,4
SVM,NDARVV248VW0,Diary_of_a_Wimpy_Kid_Trailer,0,1,0.7058408582016114,4
SVM,NDARZV608BL8,Diary_of_a_Wimpy_Kid_Trailer,1,1,0.7363389456806088,4
SVM,NDARZM903TNL,Diary_of_a_Wimpy_Kid_Trailer,0,1,0.6764771858320464,4
SVM,NDARUL456EER,Diary_of_a_Wimpy_Kid_Trailer,0,0,0.5457096564629995,4
SVM,NDARCT933HF2,Diary_of_a_Wimpy_Kid_Trailer,1,0,0.4122535504874765,4
SVM,NDARLE417RA4,Diary_of_a_Wimpy_Kid_Trailer,1,1,0.6249772651761519,4
SVM,NDARJC559WW5,Diary_of_a_Wimpy_Kid_Trailer,1,1,0.695841096821621,4
SVM,NDARFM211KDJ,Diary_of_a_Wimpy_Kid_Trailer,1,1,0.7740954369126177,4
SVM,NDARYU575CE2,Diary_of_a_Wimpy_Kid_Trailer,1,1,0.6926432346606094,4
SVM,NDARRD326KB9,Diary_of_a_Wimpy_Kid_Trailer,0,0,0.49495261923236156,4
SVM,NDARFE526NK3,Diary_of_a_Wimpy_Kid_Trailer,1,0,0.5303527385965602,4
SVM,NDARAX283MAK,Diary_of_a_Wimpy_Kid_Trailer,0,0,0.5578723031431938,4
SVM,NDARCL590LPD,Diary_of_a_Wimpy_Kid_Trailer,1,1,0.8136117859714326,4
SVM,NDARKD134TCX,Diary_of_a_Wimpy_Kid_Trailer,1,1,0.6444421889370635,4
SVM,NDARLX836EHJ,Diary_of_a_Wimpy_Kid_Trailer,0,0,0.5719213127166967,4
SVM,NDARJJ389CP2,Diary_of_a_Wimpy_Kid_Trailer,1,1,0.6685476050357753,4
SVM,NDARED047DTH,Diary_of_a_Wimpy_Kid_Trailer,0,1,0.7208981222727857,4
SVM,NDARDF568GL5,Diary_of_a_Wimpy_Kid_Trailer,1,1,0.6458557630781827,4
SVM,NDARVP953BBF,Diary_of_a_Wimpy_Kid_Trailer,1,1,0.7079635268025104,4
SVM,NDARWR628EFJ,Diary_of_a_Wimpy_Kid_Trailer,0,1,0.6191760997628907,4
SVM,NDARRL685WB7,Diary_of_a_Wimpy_Kid_Trailer,1,1,0.618886363354323,4
SVM,NDARJM036PVX,Diary_of_a_Wimpy_Kid_Trailer,1,0,0.48621716017121114,4
SVM,NDARVU320XJZ,Diary_of_a_Wimpy_Kid_Trailer,1,1,0.7150625608659329,4
SVM,NDARGK608LJ8,Diary_of_a_Wimpy_Kid_Trailer,1,0,0.5177529033581849,4
SVM,NDARLF142AF5,Diary_of_a_Wimpy_Kid_Trailer,1,0,0.48559195096521063,4
SVM,NDARPW313LAJ,Diary_of_a_Wimpy_Kid_Trailer,1,0,0.48317950538240106,4
SVM,NDARFK477WX9,Diary_of_a_Wimpy_Kid_Trailer,1,1,0.7121632375442464,4
SVM,NDARZG623FYX,Diary_of_a_Wimpy_Kid_Trailer,1,0,0.5,4
SVM,NDARHY177LY9,Diary_of_a_Wimpy_Kid_Trailer,1,0,0.5967660323632382,4
SVM,NDARRG735TU5,Diary_of_a_Wimpy_Kid_Trailer,1,0,0.5677102977348505,4
SVM,NDARAJ807UYR,Diary_of_a_Wimpy_Kid_Trailer,1,0,0.4702204518618012,4
SVM,NDARWC801CB5,Diary_of_a_Wimpy_Kid_Trailer,1,0,0.5680155988435832,4
SVM,NDARML406ZB8,Diary_of_a_Wimpy_Kid_Trailer,1,1,0.6509108432758806,4
SVM,NDARRV505ND6,Fractals,0,1,0.6866823606566181,4
SVM,NDARUR987CDM,Fractals,0,1,0.665514956149543,4
SVM,NDAREV527ZRF,Fractals,1,1,0.7010346631905785,4
SVM,NDARPF640ZRG,Fractals,1,1,0.7131362162741668,4
SVM,NDARYX806FL1,Fractals,1,0,0.5709964885263626,4
SVM,NDARYC466ER1,Fractals,1,0,0.5705133031645847,4
SVM,NDARWC427JB2,Fractals,0,1,0.6743905010988753,4
SVM,NDARVV248VW0,Fractals,0,1,0.7653420881888845,4
SVM,NDARZM903TNL,Fractals,0,1,0.7380448503056075,4
SVM,NDARLE417RA4,Fractals,1,0,0.4595816325450452,4
SVM,NDARFM211KDJ,Fractals,1,1,0.6459120866896219,4
SVM,NDARFE526NK3,Fractals,1,1,0.6307027772416712,4
SVM,NDARCL590LPD,Fractals,1,1,0.620215834540208,4
SVM,NDARVP953BBF,Fractals,1,1,0.721429091882172,4
SVM,NDARZF615DC0,Fractals,1,0,0.5302587235982502,4
SVM,NDARUR987CDM,The_Present,0,1,0.7242074733462883,4
SVM,NDAREX065KJU,The_Present,0,0,0.5,4
SVM,NDARCH001CN2,The_Present,1,1,0.7468415923507775,4
SVM,NDARXF497LYF,The_Present,1,1,0.6487842429947387,4
SVM,NDAREV527ZRF,The_Present,1,1,0.6190000311305345,4
SVM,NDARPF640ZRG,The_Present,1,0,0.5582562653472691,4
SVM,NDARYX806FL1,The_Present,1,1,0.6947246768833257,4
SVM,NDARHC825ZFZ,The_Present,1,1,0.7177865747651955,4
SVM,NDARDM118LR6,The_Present,0,1,0.7017061213007609,4
SVM,NDARYC466ER1,The_Present,1,0,0.6002414806205041,4
SVM,NDARWC427JB2,The_Present,0,1,0.7038563818846104,4
SVM,NDARDH086ZKK,The_Present,0,1,0.8097298227433626,4
SVM,NDARXB286YBR,The_Present,1,1,0.6822725105433692,4
SVM,NDARZV608BL8,The_Present,1,1,0.6509801119167108,4
SVM,NDARZM903TNL,The_Present,0,1,0.7325994869209973,4
SVM,NDARLE417RA4,The_Present,1,0,0.5373681236480672,4
SVM,NDARJC559WW5,The_Present,1,1,0.7550380482052101,4
SVM,NDARYU575CE2,The_Present,1,1,0.6862767814361426,4
SVM,NDARFE526NK3,The_Present,1,1,0.6444317426088927,4
SVM,NDARAX283MAK,The_Present,0,0,0.6090207067189138,4
SVM,NDARVP953BBF,The_Present,1,1,0.6759060179544398,4
SVM,NDARWR628EFJ,The_Present,0,1,0.7236429200728296,4
SVM,NDARJM036PVX,The_Present,1,0,0.5657912631932099,4
SVM,NDARKH444AGK,The_Present,1,0,0.5926794532407333,4
SVM,NDARVU320XJZ,The_Present,1,0,0.5422476514938774,4
SVM,NDARGK608LJ8,The_Present,1,0,0.5958968672001758,4
SVM,NDARZF615DC0,The_Present,1,0,0.5360520725215092,4
SVM,NDARVL964HH1,The_Present,1,0,0.5412841759527733,4
SVM,NDARVD543CMZ,The_Present,1,1,0.6767264022637697,4
SVM,NDARWW901MTC,Despicable_Me,0,0,0.617258411875427,5
SVM,NDARFW292PBD,Despicable_Me,0,0,0.5961587264454313,5
SVM,NDARYM334BZ5,Despicable_Me,1,1,0.6365490546056637,5
SVM,NDARRZ199KNG,Despicable_Me,0,1,0.6739519280180317,5
SVM,NDARTK185PBH,Despicable_Me,0,1,0.6591940172533864,5
SVM,NDARYH697TPA,Despicable_Me,0,1,0.6385485420406843,5
SVM,NDARYJ389DWX,Despicable_Me,0,1,0.6299911253421827,5
SVM,NDARND697FLK,Despicable_Me,0,0,0.5683159218218456,5
SVM,NDARZG690NHH,Despicable_Me,0,0,0.51979595864556,5
SVM,NDARBH024NH2,Despicable_Me,0,1,0.6353861675121738,5
SVM,NDARMC759CX3,Despicable_Me,0,1,0.723930982205415,5
SVM,NDARVB811FVD,Despicable_Me,0,0,0.5252231189874983,5
SVM,NDARKR010EN7,Despicable_Me,0,1,0.7121098034953017,5
SVM,NDARWZ495PG4,Despicable_Me,0,0,0.5942254957223516,5
SVM,NDARLU111UYF,Despicable_Me,0,0,0.6170004968886458,5
SVM,NDARWM656UWL,Despicable_Me,0,1,0.6730284405045982,5
SVM,NDARMT271DT6,Despicable_Me,1,0,0.5740819221845358,5
SVM,NDARDR804MFE,Despicable_Me,0,1,0.674707719143768,5
SVM,NDARWW003WWW,Despicable_Me,1,1,0.6462861725554789,5
SVM,NDARCH889NUF,Despicable_Me,1,1,0.6554430693376323,5
SVM,NDARVX111CNA,Despicable_Me,1,1,0.6835387264350865,5
SVM,NDAREU551GPC,Despicable_Me,0,1,0.674774715238692,5
SVM,NDARXU253JHC,Despicable_Me,0,0,0.5348736205325553,5
SVM,NDARGT682ZWN,Despicable_Me,0,1,0.6334678444334364,5
SVM,NDARMV575DC1,Despicable_Me,0,0,0.525341932190591,5
SVM,NDARJZ274PRQ,Despicable_Me,1,1,0.6519010681408142,5
SVM,NDAREC542MH3,Despicable_Me,1,0,0.5690804959907464,5
SVM,NDARKM551DA4,Despicable_Me,1,0,0.5554712456993689,5
SVM,NDARNK241ZXA,Despicable_Me,1,1,0.6477608274489565,5
SVM,NDARJF517HC8,Despicable_Me,1,1,0.6507391590621238,5
SVM,NDARXR123PFR,Despicable_Me,1,1,0.7090333025772154,5
SVM,NDARUM991EE8,Despicable_Me,1,0,0.5847557194219718,5
SVM,NDARUY549PGQ,Despicable_Me,0,1,0.6573519316075642,5
SVM,NDARAB055BPR,Despicable_Me,1,1,0.6726238148068291,5
SVM,NDARFP148YDU,Despicable_Me,1,0,0.5985225635166291,5
SVM,NDARTB883GUN,Despicable_Me,1,1,0.6432120039259337,5
SVM,NDARJJ859RRW,Despicable_Me,1,0,0.5723883198241068,5
SVM,NDARRA719CPH,Despicable_Me,1,1,0.6265348050006817,5
SVM,NDARZG236AUT,Despicable_Me,1,1,0.6371766498398791,5
SVM,NDARGK786DWR,Despicable_Me,1,1,0.6545752432044986,5
SVM,NDARJN531EN3,Despicable_Me,1,1,0.6343753450042029,5
SVM,NDARYB432MB5,Despicable_Me,1,0,0.5896813779544138,5
SVM,NDARNW797PD6,Despicable_Me,1,1,0.6979860925545693,5
SVM,NDARWF122UUJ,Despicable_Me,1,0,0.5895958423123852,5
SVM,NDARFM619GTV,Despicable_Me,1,1,0.6563624003714055,5
SVM,NDARPW915RGD,Despicable_Me,1,0,0.5658487685277298,5
SVM,NDARWJ621JRZ,Despicable_Me,1,0,0.5475660094301115,5
SVM,NDARFA402LMW,Despicable_Me,1,0,0.5960108431321499,5
SVM,NDARDR296XHN,Despicable_Me,0,1,0.6686716163556855,5
SVM,NDARRW100AU0,Despicable_Me,1,1,0.6465270957834253,5
SVM,NDARNF766VW2,Despicable_Me,1,0,0.5894425405045174,5
SVM,NDAREK801BPB,Despicable_Me,1,0,0.5999981639228101,5
SVM,NDARYJ536MCR,Despicable_Me,1,0,0.587747210529789,5
SVM,NDAREY512KVX,Despicable_Me,1,0,0.6215161944153085,5
SVM,NDARGE536BGD,Despicable_Me,1,0,0.5512621156648125,5
SVM,NDARRC355BM6,Despicable_Me,1,1,0.629638472185405,5
SVM,NDARBV364MBC,Despicable_Me,1,0,0.6032760462831002,5
SVM,NDARMT661WCR,Despicable_Me,1,1,0.6417045250256188,5
SVM,NDARUM791WPF,Despicable_Me,1,1,0.6829240023328329,5
SVM,NDARWW901MTC,Diary_of_a_Wimpy_Kid_Trailer,0,0,0.5909229795866094,5
SVM,NDARFW292PBD,Diary_of_a_Wimpy_Kid_Trailer,0,0,0.5373871824216583,5
SVM,NDARYM334BZ5,Diary_of_a_Wimpy_Kid_Trailer,1,1,0.6735386350125064,5
SVM,NDARRZ199KNG,Diary_of_a_Wimpy_Kid_Trailer,0,0,0.5754718450494076,5
SVM,NDARTK185PBH,Diary_of_a_Wimpy_Kid_Trailer,0,1,0.6397113047798223,5
SVM,NDARRZ653HKY,Diary_of_a_Wimpy_Kid_Trailer,0,0,0.5960886183922884,5
SVM,NDARYH697TPA,Diary_of_a_Wimpy_Kid_Trailer,0,1,0.6281720586436166,5
SVM,NDARYJ389DWX,Diary_of_a_Wimpy_Kid_Trailer,0,1,0.6400629080853325,5
SVM,NDARND697FLK,Diary_of_a_Wimpy_Kid_Trailer,0,0,0.5927295862021291,5
SVM,NDARZG690NHH,Diary_of_a_Wimpy_Kid_Trailer,0,0,0.6038581289521362,5
SVM,NDARBH024NH2,Diary_of_a_Wimpy_Kid_Trailer,0,1,0.632978398921024,5
SVM,NDARMC759CX3,Diary_of_a_Wimpy_Kid_Trailer,0,1,0.6366268465222619,5
SVM,NDARFY075REK,Diary_of_a_Wimpy_Kid_Trailer,0,1,0.7075720542426646,5
SVM,NDARVB811FVD,Diary_of_a_Wimpy_Kid_Trailer,0,0,0.5069804337645463,5
SVM,NDARFG851ZNZ,Diary_of_a_Wimpy_Kid_Trailer,0,1,0.7314577850314495,5
SVM,NDARKR010EN7,Diary_of_a_Wimpy_Kid_Trailer,0,0,0.5949986920190692,5
SVM,NDARWZ495PG4,Diary_of_a_Wimpy_Kid_Trailer,0,0,0.5778036631050801,5
SVM,NDARUY811CYU,Diary_of_a_Wimpy_Kid_Trailer,0,0,0.6020016426473463,5
SVM,NDARLU111UYF,Diary_of_a_Wimpy_Kid_Trailer,0,1,0.6242332961246907,5
SVM,NDARLY687YDQ,Diary_of_a_Wimpy_Kid_Trailer,1,0,0.5880909412015962,5
SVM,NDARWM656UWL,Diary_of_a_Wimpy_Kid_Trailer,0,0,0.5808207624158263,5
SVM,NDARBU928LV0,Diary_of_a_Wimpy_Kid_Trailer,0,0,0.609947409941389,5
SVM,NDARHB000YF8,Diary_of_a_Wimpy_Kid_Trailer,0,1,0.6414140034166547,5
SVM,NDARWR247CE1,Diary_of_a_Wimpy_Kid_Trailer,0,1,0.6403200417432247,5
SVM,NDARMT271DT6,Diary_of_a_Wimpy_Kid_Trailer,1,0,0.5771226713257119,5
SVM,NDARDR804MFE,Diary_of_a_Wimpy_Kid_Trailer,0,1,0.6936344056157897,5
SVM,NDARWW003WWW,Diary_of_a_Wimpy_Kid_Trailer,1,1,0.6967383656118117,5
SVM,NDARCH889NUF,Diary_of_a_Wimpy_Kid_Trailer,1,0,0.6125350536375316,5
SVM,NDARYL758JGG,Diary_of_a_Wimpy_Kid_Trailer,0,1,0.7139905066848504,5
SVM,NDARVX111CNA,Diary_of_a_Wimpy_Kid_Trailer,1,1,0.6571905829470529,5
SVM,NDAREU551GPC,Diary_of_a_Wimpy_Kid_Trailer,0,0,0.5659228215029871,5
SVM,NDARXU253JHC,Diary_of_a_Wimpy_Kid_Trailer,0,0,0.5632772688544968,5
SVM,NDARGT682ZWN,Diary_of_a_Wimpy_Kid_Trailer,0,0,0.5126491862909969,5
SVM,NDARRU729XRU,Diary_of_a_Wimpy_Kid_Trailer,1,1,0.6889224462307179,5
SVM,NDARMV575DC1,Diary_of_a_Wimpy_Kid_Trailer,0,0,0.4754204345899674,5
SVM,NDARJZ274PRQ,Diary_of_a_Wimpy_Kid_Trailer,1,0,0.5893559349068458,5
SVM,NDAREC542MH3,Diary_of_a_Wimpy_Kid_Trailer,1,1,0.6634715999739722,5
SVM,NDARKM551DA4,Diary_of_a_Wimpy_Kid_Trailer,1,0,0.6153642996856558,5
SVM,NDARNK241ZXA,Diary_of_a_Wimpy_Kid_Trailer,1,0,0.6208861541808747,5
SVM,NDARJF517HC8,Diary_of_a_Wimpy_Kid_Trailer,1,1,0.686374162161494,5
SVM,NDARRY215CXQ,Diary_of_a_Wimpy_Kid_Trailer,1,0,0.5885331225324395,5
SVM,NDARXR123PFR,Diary_of_a_Wimpy_Kid_Trailer,1,0,0.6051062093645758,5
SVM,NDARUM991EE8,Diary_of_a_Wimpy_Kid_Trailer,1,0,0.5960421552852097,5
SVM,NDARBD879MBX,Diary_of_a_Wimpy_Kid_Trailer,1,1,0.6731095766413275,5
SVM,NDARUY549PGQ,Diary_of_a_Wimpy_Kid_Trailer,0,1,0.6729296904252191,5
SVM,NDARCW071AU5,Diary_of_a_Wimpy_Kid_Trailer,1,0,0.5781273728899642,5
SVM,NDARAB055BPR,Diary_of_a_Wimpy_Kid_Trailer,1,0,0.5716550538042547,5
SVM,NDARFP148YDU,Diary_of_a_Wimpy_Kid_Trailer,1,1,0.6356277052001503,5
SVM,NDARTB883GUN,Diary_of_a_Wimpy_Kid_Trailer,1,0,0.6137450375945822,5
SVM,NDARJJ859RRW,Diary_of_a_Wimpy_Kid_Trailer,1,1,0.6498640221272319,5
SVM,NDARRA719CPH,Diary_of_a_Wimpy_Kid_Trailer,1,1,0.6374433695475513,5
SVM,NDARZG236AUT,Diary_of_a_Wimpy_Kid_Trailer,1,1,0.6670554854174054,5
SVM,NDARGK786DWR,Diary_of_a_Wimpy_Kid_Trailer,1,1,0.6874198615856708,5
SVM,NDARYB432MB5,Diary_of_a_Wimpy_Kid_Trailer,1,0,0.5854401598458078,5
SVM,NDARJE086YU0,Diary_of_a_Wimpy_Kid_Trailer,1,0,0.5975234036231442,5
SVM,NDARNW797PD6,Diary_of_a_Wimpy_Kid_Trailer,1,1,0.6659637404021919,5
SVM,NDARWF122UUJ,Diary_of_a_Wimpy_Kid_Trailer,1,0,0.6216016230647681,5
SVM,NDARFM619GTV,Diary_of_a_Wimpy_Kid_Trailer,1,0,0.6043430130153694,5
SVM,NDARPW915RGD,Diary_of_a_Wimpy_Kid_Trailer,1,0,0.5245900248416763,5
SVM,NDARFA402LMW,Diary_of_a_Wimpy_Kid_Trailer,1,0,0.5632241548890811,5
SVM,NDARDR296XHN,Diary_of_a_Wimpy_Kid_Trailer,0,1,0.6257251080599957,5
SVM,NDARRW100AU0,Diary_of_a_Wimpy_Kid_Trailer,1,0,0.518080413718127,5
SVM,NDARXF623GEL,Diary_of_a_Wimpy_Kid_Trailer,1,0,0.557725457609088,5
SVM,NDARHG294AFG,Diary_of_a_Wimpy_Kid_Trailer,1,1,0.6982018537731896,5
SVM,NDAREK801BPB,Diary_of_a_Wimpy_Kid_Trailer,1,0,0.5741155220564752,5
SVM,NDARYJ536MCR,Diary_of_a_Wimpy_Kid_Trailer,1,1,0.6647087437643249,5
SVM,NDAREY512KVX,Diary_of_a_Wimpy_Kid_Trailer,1,1,0.6500624076089023,5
SVM,NDARGE536BGD,Diary_of_a_Wimpy_Kid_Trailer,1,0,0.5264581659578019,5
SVM,NDARRC355BM6,Diary_of_a_Wimpy_Kid_Trailer,1,0,0.613261285388947,5
SVM,NDARBV364MBC,Diary_of_a_Wimpy_Kid_Trailer,1,1,0.6295262546050617,5
SVM,NDARMT661WCR,Diary_of_a_Wimpy_Kid_Trailer,1,0,0.6204317890261057,5
SVM,NDARUM791WPF,Diary_of_a_Wimpy_Kid_Trailer,1,1,0.7128030406528023,5
SVM,NDARYM334BZ5,Fractals,1,1,0.6557760317600508,5
SVM,NDARFY075REK,Fractals,0,1,0.6977505528007162,5
SVM,NDARWM656UWL,Fractals,0,1,0.6566412240530842,5
SVM,NDARHB000YF8,Fractals,0,1,0.6455224422316944,5
SVM,NDARWW003WWW,Fractals,1,1,0.6595579353759011,5
SVM,NDARVX111CNA,Fractals,1,1,0.6849960333628319,5
SVM,NDARXR123PFR,Fractals,1,1,0.6531143618243761,5
SVM,NDARBD879MBX,Fractals,1,0,0.5868011880240251,5
SVM,NDARUY549PGQ,Fractals,0,1,0.7010142759856813,5
SVM,NDARGK786DWR,Fractals,1,1,0.7215413656773145,5
SVM,NDARFM619GTV,Fractals,1,1,0.6265405249546692,5
SVM,NDARWJ621JRZ,Fractals,1,0,0.5325228055415763,5
SVM,NDARNF766VW2,Fractals,1,0,0.5883814589151496,5
SVM,NDARMT661WCR,Fractals,1,0,0.610496725032454,5
SVM,NDARYM334BZ5,The_Present,1,1,0.6431601884251675,5
SVM,NDARYH697TPA,The_Present,0,1,0.7137981409915369,5
SVM,NDARND697FLK,The_Present,0,1,0.658506126284492,5
SVM,NDARZG690NHH,The_Present,0,1,0.6311082884918408,5
SVM,NDARFG851ZNZ,The_Present,0,1,0.6908906905231221,5
SVM,NDARLU111UYF,The_Present,0,1,0.7043348000321121,5
SVM,NDARWM656UWL,The_Present,0,1,0.6595673603196127,5
SVM,NDARYF272EDC,The_Present,1,1,0.6696420901035913,5
SVM,NDARWR247CE1,The_Present,0,1,0.6283308388659067,5
SVM,NDARDR804MFE,The_Present,0,1,0.6684648144550464,5
SVM,NDARWW003WWW,The_Present,1,0,0.6030221989353127,5
SVM,NDARCH889NUF,The_Present,1,1,0.7083720561014929,5
SVM,NDARVX111CNA,The_Present,1,1,0.6858986398334972,5
SVM,NDARMV575DC1,The_Present,0,1,0.6521378668509923,5
SVM,NDARDJ092YKH,The_Present,0,0,0.6217061835525061,5
SVM,NDAREC542MH3,The_Present,1,0,0.621994854934483,5
SVM,NDARNK241ZXA,The_Present,1,1,0.7202851340080249,5
SVM,NDARJF517HC8,The_Present,1,0,0.5057171219628579,5
SVM,NDARRY215CXQ,The_Present,1,1,0.6688600283337088,5
SVM,NDARXR123PFR,The_Present,1,0,0.5763316886489599,5
SVM,NDARBD879MBX,The_Present,1,0,0.5878407866200613,5
SVM,NDARUY549PGQ,The_Present,0,0,0.5547077972376859,5
SVM,NDARAB055BPR,The_Present,1,0,0.5851694409114403,5
SVM,NDARFP148YDU,The_Present,1,1,0.6820944676243497,5
SVM,NDARZG236AUT,The_Present,1,1,0.7167431539507308,5
SVM,NDARJN531EN3,The_Present,1,1,0.6806434811585702,5
SVM,NDARFM619GTV,The_Present,1,0,0.6208762651805245,5
SVM,NDARPW915RGD,The_Present,1,0,0.6026935179425856,5
SVM,NDARWJ621JRZ,The_Present,1,0,0.5188295282314112,5
SVM,NDAREY512KVX,The_Present,1,1,0.6439341064811556,5
SVM,NDARRC355BM6,The_Present,1,1,0.7096477513552493,5
SVM,NDARMT661WCR,The_Present,1,0,0.6157806448396077,5
Random Forest,NDARLX816JUZ,Despicable_Me,0,0,0.49531766186856924,1
Random Forest,NDARMF508PA2,Despicable_Me,0,0,0.41160853302754535,1
Random Forest,NDARPC817XZ5,Despicable_Me,0,1,0.5964064104359784,1
Random Forest,NDARBN100LCD,Despicable_Me,0,0,0.3151342180074601,1
Random Forest,NDARKF615JNZ,Despicable_Me,0,0,0.4868069403357982,1
Random Forest,NDARMH625WKL,Despicable_Me,0,0,0.45732033482299017,1
Random Forest,NDARUF935UL3,Despicable_Me,0,0,0.37777012438974034,1
Random Forest,NDARUF152ARR,Despicable_Me,0,1,0.5578045999226553,1
Random Forest,NDARVP281CJ4,Despicable_Me,0,0,0.4260969031306741,1
Random Forest,NDARRB338YZ0,Despicable_Me,0,1,0.6213211625440442,1
Random Forest,NDARLZ104NDT,Despicable_Me,0,0,0.42393813143403775,1
Random Forest,NDARGX443CEU,Despicable_Me,0,1,0.5474374413917201,1
Random Forest,NDARHX877BLQ,Despicable_Me,1,0,0.3804715303479876,1
Random Forest,NDARPL596YTD,Despicable_Me,0,0,0.43754636040726674,1
Random Forest,NDARPW482TVE,Despicable_Me,0,1,0.6179427348646972,1
Random Forest,NDARTF566PYH,Despicable_Me,0,1,0.5620282611488671,1
Random Forest,NDARMH559LKK,Despicable_Me,1,0,0.3987331378502349,1
Random Forest,NDARNT939YMG,Despicable_Me,0,0,0.3373068988974766,1
Random Forest,NDARME930DE7,Despicable_Me,0,1,0.5037014705006961,1
Random Forest,NDARAP522AFK,Despicable_Me,0,1,0.527362933574831,1
Random Forest,NDARYD546HCB,Despicable_Me,0,1,0.5520797049304994,1
Random Forest,NDARYF085LZQ,Despicable_Me,1,1,0.7422259630494535,1
Random Forest,NDARNH147WGN,Despicable_Me,0,0,0.4387967220400366,1
Random Forest,NDARUZ206DRV,Despicable_Me,1,0,0.38657041792561714,1
Random Forest,NDARMC760NEC,Despicable_Me,0,0,0.32717880046817793,1
Random Forest,NDARCR499NE4,Despicable_Me,1,0,0.37185144288937505,1
Random Forest,NDARWB457JU6,Despicable_Me,1,0,0.3627045345290901,1
Random Forest,NDARKT811ATJ,Despicable_Me,0,1,0.6500278637572763,1
Random Forest,NDARJV377HG4,Despicable_Me,0,1,0.5188396957307672,1
Random Forest,NDARVB151GXF,Despicable_Me,1,1,0.5139238852676806,1
Random Forest,NDARYZ770NA1,Despicable_Me,1,0,0.4334875712224727,1
Random Forest,NDARHD931FNA,Despicable_Me,1,0,0.33402947481384965,1
Random Forest,NDARPF937BDQ,Despicable_Me,1,0,0.4562418401473829,1
Random Forest,NDARAG584XLU,Despicable_Me,1,1,0.6518748350088858,1
Random Forest,NDARBM839WR5,Despicable_Me,1,1,0.6275600783659805,1
Random Forest,NDARVY054WEA,Despicable_Me,0,1,0.6134281551921812,1
Random Forest,NDAREC647MKW,Despicable_Me,1,0,0.46138703493217803,1
Random Forest,NDARTC802PGL,Despicable_Me,1,1,0.5482231712661265,1
Random Forest,NDARRY807MXC,Despicable_Me,1,1,0.6152231739091277,1
Random Forest,NDARDL511UND,Despicable_Me,0,1,0.5952227185375771,1
Random Forest,NDARBR128UFP,Despicable_Me,1,0,0.4670191760701646,1
Random Forest,NDARXK164TNN,Despicable_Me,1,1,0.5816124442082738,1
Random Forest,NDARDZ058NZN,Despicable_Me,1,1,0.6059192141615876,1
Random Forest,NDARWV405ZW0,Despicable_Me,1,1,0.5598537689049385,1
Random Forest,NDARCW497XW2,Despicable_Me,1,0,0.4497351787948624,1
Random Forest,NDAREN667YTZ,Despicable_Me,1,1,0.5123777008996422,1
Random Forest,NDARRX819BZ0,Despicable_Me,1,0,0.43724891470525507,1
Random Forest,NDARHN158DC6,Despicable_Me,1,0,0.4864295209064275,1
Random Forest,NDARJU787GF5,Despicable_Me,1,0,0.41041790791007443,1
Random Forest,NDARYC243UW5,Despicable_Me,1,0,0.4782716528932571,1
Random Forest,NDARAJ366ZFA,Despicable_Me,1,0,0.3982021213624622,1
Random Forest,NDARLK963HXP,Despicable_Me,1,1,0.5869737007561333,1
Random Forest,NDARXH017ZLE,Despicable_Me,1,0,0.4366561510188467,1
Random Forest,NDARAW179AYF,Despicable_Me,1,1,0.599057845967373,1
Random Forest,NDARYJ638RTN,Despicable_Me,1,0,0.459602026364797,1
Random Forest,NDARKX346VTV,Despicable_Me,1,1,0.5574088441020332,1
Random Forest,NDARXG995EV6,Despicable_Me,1,0,0.4803211266482855,1
Random Forest,NDARAY238DFL,Despicable_Me,1,0,0.4770710346542763,1
Random Forest,NDAREE196FEG,Despicable_Me,1,0,0.2973647118274113,1
Random Forest,NDARRK370YFX,Despicable_Me,1,1,0.5975888216800267,1
Random Forest,NDARBK638HLZ,Despicable_Me,1,1,0.6396522884659339,1
Random Forest,NDARVP135ZGE,Despicable_Me,1,1,0.5185977076841958,1
Random Forest,NDARFZ296UNG,Despicable_Me,1,0,0.4537505575273667,1
Random Forest,NDARHR443EHF,Despicable_Me,0,1,0.5977428209301797,1
Random Forest,NDARLX816JUZ,Diary_of_a_Wimpy_Kid_Trailer,0,0,0.4600714468843558,1
Random Forest,NDARMF508PA2,Diary_of_a_Wimpy_Kid_Trailer,0,0,0.35818352547493065,1
Random Forest,NDARPC817XZ5,Diary_of_a_Wimpy_Kid_Trailer,0,0,0.41916723498658953,1
Random Forest,NDARBN100LCD,Diary_of_a_Wimpy_Kid_Trailer,0,0,0.3866575773458721,1
Random Forest,NDARKF615JNZ,Diary_of_a_Wimpy_Kid_Trailer,0,1,0.511824969317904,1
Random Forest,NDARUF935UL3,Diary_of_a_Wimpy_Kid_Trailer,0,0,0.4528245835665988,1
Random Forest,NDARMW252AJW,Diary_of_a_Wimpy_Kid_Trailer,0,0,0.4185898416442003,1
Random Forest,NDARUF152ARR,Diary_of_a_Wimpy_Kid_Trailer,0,1,0.5176219377888716,1
Random Forest,NDARVP281CJ4,Diary_of_a_Wimpy_Kid_Trailer,0,0,0.37011748089101426,1
Random Forest,NDARRB338YZ0,Diary_of_a_Wimpy_Kid_Trailer,0,1,0.6815723245721543,1
Random Forest,NDARLZ104NDT,Diary_of_a_Wimpy_Kid_Trailer,0,0,0.4393430139076087,1
Random Forest,NDARGX443CEU,Diary_of_a_Wimpy_Kid_Trailer,0,0,0.48238804599066315,1
Random Forest,NDARHX877BLQ,Diary_of_a_Wimpy_Kid_Trailer,1,0,0.4445772267215474,1
Random Forest,NDARPL596YTD,Diary_of_a_Wimpy_Kid_Trailer,0,0,0.44504321737020236,1
Random Forest,NDARNZ792HBN,Diary_of_a_Wimpy_Kid_Trailer,1,0,0.32471020095828573,1
Random Forest,NDARGM439FZD,Diary_of_a_Wimpy_Kid_Trailer,1,0,0.4866442972393162,1
Random Forest,NDARPW482TVE,Diary_of_a_Wimpy_Kid_Trailer,0,0,0.40219793277126836,1
Random Forest,NDARDM385EK2,Diary_of_a_Wimpy_Kid_Trailer,1,0,0.4550462531556248,1
Random Forest,NDARTF566PYH,Diary_of_a_Wimpy_Kid_Trailer,0,1,0.5713457804263811,1
Random Forest,NDARMH559LKK,Diary_of_a_Wimpy_Kid_Trailer,1,0,0.44916695181280164,1
Random Forest,NDARNT939YMG,Diary_of_a_Wimpy_Kid_Trailer,0,1,0.5262310854828665,1
Random Forest,NDARME930DE7,Diary_of_a_Wimpy_Kid_Trailer,0,1,0.5855538191714209,1
Random Forest,NDARAP522AFK,Diary_of_a_Wimpy_Kid_Trailer,0,1,0.5394537699354736,1
Random Forest,NDARYD546HCB,Diary_of_a_Wimpy_Kid_Trailer,0,1,0.5527196592894794,1
Random Forest,NDARYF085LZQ,Diary_of_a_Wimpy_Kid_Trailer,1,1,0.6813374138953581,1
Random Forest,NDARNH147WGN,Diary_of_a_Wimpy_Kid_Trailer,0,1,0.5604071661348438,1
Random Forest,NDARUZ206DRV,Diary_of_a_Wimpy_Kid_Trailer,1,0,0.46783192855490513,1
Random Forest,NDARMC760NEC,Diary_of_a_Wimpy_Kid_Trailer,0,0,0.3439449399666591,1
Random Forest,NDARCR499NE4,Diary_of_a_Wimpy_Kid_Trailer,1,0,0.3184450568960738,1
Random Forest,NDARWB457JU6,Diary_of_a_Wimpy_Kid_Trailer,1,0,0.48057486576737396,1
Random Forest,NDARJV377HG4,Diary_of_a_Wimpy_Kid_Trailer,0,1,0.5438784526312023,1
Random Forest,NDARVB151GXF,Diary_of_a_Wimpy_Kid_Trailer,1,1,0.6406396359329997,1
Random Forest,NDARHD931FNA,Diary_of_a_Wimpy_Kid_Trailer,1,0,0.42814663996780294,1
Random Forest,NDARPF937BDQ,Diary_of_a_Wimpy_Kid_Trailer,1,1,0.5019272512260629,1
Random Forest,NDARRG199RU4,Diary_of_a_Wimpy_Kid_Trailer,0,1,0.5340313481353427,1
Random Forest,NDARAG584XLU,Diary_of_a_Wimpy_Kid_Trailer,1,1,0.599802682768347,1
Random Forest,NDARVY054WEA,Diary_of_a_Wimpy_Kid_Trailer,0,0,0.4720813730014825,1
Random Forest,NDAREC647MKW,Diary_of_a_Wimpy_Kid_Trailer,1,0,0.4267577790882944,1
Random Forest,NDARFV780ABD,Diary_of_a_Wimpy_Kid_Trailer,1,1,0.6863346759887724,1
Random Forest,NDARTC802PGL,Diary_of_a_Wimpy_Kid_Trailer,1,0,0.438559138793938,1
Random Forest,NDARRY807MXC,Diary_of_a_Wimpy_Kid_Trailer,1,1,0.5261876888107937,1
Random Forest,NDARVC195NLH,Diary_of_a_Wimpy_Kid_Trailer,0,1,0.5780881496531519,1
Random Forest,NDARBR128UFP,Diary_of_a_Wimpy_Kid_Trailer,1,0,0.43302716163622196,1
Random Forest,NDARXK164TNN,Diary_of_a_Wimpy_Kid_Trailer,1,1,0.6948101529098721,1
Random Forest,NDARDZ058NZN,Diary_of_a_Wimpy_Kid_Trailer,1,1,0.6630002568944985,1
Random Forest,NDARWV405ZW0,Diary_of_a_Wimpy_Kid_Trailer,1,1,0.5577534391734,1
Random Forest,NDARCW497XW2,Diary_of_a_Wimpy_Kid_Trailer,1,1,0.5485457972091448,1
Random Forest,NDAREN667YTZ,Diary_of_a_Wimpy_Kid_Trailer,1,0,0.467212602892898,1
Random Forest,NDARRX819BZ0,Diary_of_a_Wimpy_Kid_Trailer,1,0,0.447955316363296,1
Random Forest,NDARHN158DC6,Diary_of_a_Wimpy_Kid_Trailer,1,1,0.5776121132052787,1
Random Forest,NDARLD016VCA,Diary_of_a_Wimpy_Kid_Trailer,1,1,0.5206378206076006,1
Random Forest,NDARYC243UW5,Diary_of_a_Wimpy_Kid_Trailer,1,0,0.3975450730117106,1
Random Forest,NDARFH674DWX,Diary_of_a_Wimpy_Kid_Trailer,1,0,0.4454338874215741,1
Random Forest,NDARLK963HXP,Diary_of_a_Wimpy_Kid_Trailer,1,1,0.5723913857168125,1
Random Forest,NDARXH017ZLE,Diary_of_a_Wimpy_Kid_Trailer,1,0,0.4813237731899513,1
Random Forest,NDARAW179AYF,Diary_of_a_Wimpy_Kid_Trailer,1,1,0.6745149739420815,1
Random Forest,NDARYJ638RTN,Diary_of_a_Wimpy_Kid_Trailer,1,0,0.45944125977975925,1
Random Forest,NDARKX346VTV,Diary_of_a_Wimpy_Kid_Trailer,1,1,0.5457746580335334,1
Random Forest,NDARAY238DFL,Diary_of_a_Wimpy_Kid_Trailer,1,0,0.39235643040233426,1
Random Forest,NDAREE196FEG,Diary_of_a_Wimpy_Kid_Trailer,1,0,0.3666018704149079,1
Random Forest,NDARVN629CRD,Diary_of_a_Wimpy_Kid_Trailer,1,1,0.6064085584248821,1
Random Forest,NDARRK370YFX,Diary_of_a_Wimpy_Kid_Trailer,1,1,0.678548966153516,1
Random Forest,NDARBK638HLZ,Diary_of_a_Wimpy_Kid_Trailer,1,1,0.6859792566720744,1
Random Forest,NDARPL721WTD,Diary_of_a_Wimpy_Kid_Trailer,1,0,0.4821126603824799,1
Random Forest,NDARFZ296UNG,Diary_of_a_Wimpy_Kid_Trailer,1,0,0.42150579017542655,1
Random Forest,NDARHR443EHF,Diary_of_a_Wimpy_Kid_Trailer,0,1,0.6032215519547529,1
Random Forest,NDARRB338YZ0,Fractals,0,1,0.6577673668164861,1
Random Forest,NDARPL596YTD,Fractals,0,0,0.4754563970323771,1
Random Forest,NDARGM439FZD,Fractals,1,0,0.4701463497710461,1
Random Forest,NDARAP522AFK,Fractals,0,0,0.45552660168199943,1
Random Forest,NDARVB151GXF,Fractals,1,0,0.46269001607754245,1
Random Forest,NDARDL511UND,Fractals,0,1,0.5177541986564869,1
Random Forest,NDARBR128UFP,Fractals,1,0,0.43199965976095617,1
Random Forest,NDARXK164TNN,Fractals,1,1,0.619271692516778,1
Random Forest,NDARCW497XW2,Fractals,1,0,0.4582821377783274,1
Random Forest,NDARYC243UW5,Fractals,1,0,0.43845654748457263,1
Random Forest,NDARAW179AYF,Fractals,1,1,0.6728442270335875,1
Random Forest,NDARVN629CRD,Fractals,1,1,0.7006409253791911,1
Random Forest,NDARRK370YFX,Fractals,1,1,0.6802497285528457,1
Random Forest,NDARBK638HLZ,Fractals,1,1,0.5742918360914266,1
Random Forest,NDARMF508PA2,The_Present,0,0,0.3975541536844641,1
Random Forest,NDARRB338YZ0,The_Present,0,1,0.6206441671491899,1
Random Forest,NDARGX443CEU,The_Present,0,1,0.5973625153212097,1
Random Forest,NDARPL596YTD,The_Present,0,1,0.5508913034887499,1
Random Forest,NDARKV800DTW,The_Present,0,1,0.6142071026553717,1
Random Forest,NDARNZ792HBN,The_Present,1,0,0.4294669767646035,1
Random Forest,NDARGM439FZD,The_Present,1,0,0.46997284500319525,1
Random Forest,NDARMH559LKK,The_Present,1,0,0.4557413145675428,1
Random Forest,NDARAP522AFK,The_Present,0,0,0.45067118215433816,1
Random Forest,NDARYD546HCB,The_Present,0,1,0.5905712866649215,1
Random Forest,NDARYF085LZQ,The_Present,1,1,0.5747851973087443,1
Random Forest,NDARNH147WGN,The_Present,0,1,0.5109517017757743,1
Random Forest,NDARWB457JU6,The_Present,1,0,0.4966085078106359,1
Random Forest,NDARKT811ATJ,The_Present,0,1,0.6002484504397879,1
Random Forest,NDARVB151GXF,The_Present,1,0,0.46904245710971026,1
Random Forest,NDARHD931FNA,The_Present,1,1,0.5855453895456635,1
Random Forest,NDARRA537FWW,The_Present,1,0,0.44028857204450667,1
Random Forest,NDARPF937BDQ,The_Present,1,1,0.5407879353506169,1
Random Forest,NDARAG584XLU,The_Present,1,1,0.5856014739411621,1
Random Forest,NDARBM839WR5,The_Present,1,0,0.4981982301051074,1
Random Forest,NDAREC647MKW,The_Present,1,0,0.4440546574666139,1
Random Forest,NDARFV780ABD,The_Present,1,1,0.7106977166736316,1
Random Forest,NDARDL511UND,The_Present,0,0,0.4946443023626269,1
Random Forest,NDARVC195NLH,The_Present,0,1,0.5179062322135948,1
Random Forest,NDARBR128UFP,The_Present,1,1,0.511393874066298,1
Random Forest,NDARCW497XW2,The_Present,1,1,0.6232627633061841,1
Random Forest,NDARJU787GF5,The_Present,1,1,0.5642450355491174,1
Random Forest,NDARYC243UW5,The_Present,1,0,0.4924940702169181,1
Random Forest,NDARAW179AYF,The_Present,1,1,0.5772039060403117,1
Random Forest,NDARYJ638RTN,The_Present,1,0,0.38691261952661266,1
Random Forest,NDARXG995EV6,The_Present,1,1,0.5092490040969471,1
Random Forest,NDARVN629CRD,The_Present,1,0,0.48745813935768695,1
Random Forest,NDARBK638HLZ,The_Present,1,1,0.6172439340394985,1
Random Forest,NDARAV610EY3,Despicable_Me,0,1,0.5069266308510488,2
Random Forest,NDARYH480GTD,Despicable_Me,0,0,0.4667324632078218,2
Random Forest,NDARRV638MJV,Despicable_Me,0,1,0.5723622616741921,2
Random Forest,NDARXK462WRZ,Despicable_Me,0,0,0.4184800561489549,2
Random Forest,NDARLC358CYJ,Despicable_Me,0,1,0.5017814552801947,2
Random Forest,NDARJM708VGE,Despicable_Me,0,1,0.6354105047648847,2
Random Forest,NDARUA421HT8,Despicable_Me,0,0,0.44859275169221197,2
Random Forest,NDARGF543PM2,Despicable_Me,0,0,0.4844868671047084,2
Random Forest,NDARCX053GU5,Despicable_Me,0,0,0.46355209899327626,2
Random Forest,NDARYY664KHF,Despicable_Me,1,0,0.4050103744611201,2
Random Forest,NDARUM569EV1,Despicable_Me,0,0,0.4078126912686578,2
Random Forest,NDARAA117NEJ,Despicable_Me,1,0,0.4745628090907596,2
Random Forest,NDARYU620RH9,Despicable_Me,0,0,0.45820489541336373,2
Random Forest,NDARRK882CLT,Despicable_Me,0,1,0.6459945461178619,2
Random Forest,NDARCU118LMX,Despicable_Me,1,0,0.4543225812836358,2
Random Forest,NDARMM782KJK,Despicable_Me,0,0,0.4821284556315581,2
Random Forest,NDARVG461LA2,Despicable_Me,0,0,0.30230693882163245,2
Random Forest,NDARLE091XAZ,Despicable_Me,0,1,0.5526148511077295,2
Random Forest,NDARRY268AF2,Despicable_Me,1,0,0.46731517534184974,2
Random Forest,NDARXF203DCD,Despicable_Me,0,1,0.5101933199100055,2
Random Forest,NDARXD944ZXV,Despicable_Me,1,1,0.5745067426313679,2
Random Forest,NDARCJ363KLE,Despicable_Me,0,0,0.46077624679060314,2
Random Forest,NDARPX244EHJ,Despicable_Me,1,0,0.46433724972638507,2
Random Forest,NDARBK082PDD,Despicable_Me,0,0,0.4814570321388951,2
Random Forest,NDARPV303LAX,Despicable_Me,1,1,0.690659089723281,2
Random Forest,NDARRN619WHY,Despicable_Me,1,0,0.33758898790969183,2
Random Forest,NDARXC534KT4,Despicable_Me,1,0,0.46350077072506307,2
Random Forest,NDARMZ518UH1,Despicable_Me,0,0,0.4696480806433184,2
Random Forest,NDARXM571XCC,Despicable_Me,0,1,0.5713293407227169,2
Random Forest,NDARHB993EV0,Despicable_Me,1,0,0.4669976639404723,2
Random Forest,NDARTH473LF8,Despicable_Me,0,0,0.4399182273431287,2
Random Forest,NDARFP512MEK,Despicable_Me,1,0,0.4221233480495076,2
Random Forest,NDARWV677EFC,Despicable_Me,1,1,0.5449769100406989,2
Random Forest,NDAREK255DEE,Despicable_Me,1,1,0.5286212030338223,2
Random Forest,NDARVL555VVA,Despicable_Me,0,0,0.49241182389570703,2
Random Forest,NDAREW201WD9,Despicable_Me,0,1,0.6844557394158715,2
Random Forest,NDARTY225EWV,Despicable_Me,1,1,0.6821088580377858,2
Random Forest,NDARVN715MJ9,Despicable_Me,1,0,0.4384053915251028,2
Random Forest,NDARRX443NVT,Despicable_Me,1,1,0.5229364839210007,2
Random Forest,NDARLZ986JLL,Despicable_Me,1,1,0.6349971714570537,2
Random Forest,NDAREN151YXN,Despicable_Me,1,0,0.4981149320612143,2
Random Forest,NDARGJ395FKP,Despicable_Me,1,1,0.5013134447569008,2
Random Forest,NDARUT470BM4,Despicable_Me,1,0,0.48504570619936305,2
Random Forest,NDARGU395RFP,Despicable_Me,1,0,0.4666457314631437,2
Random Forest,NDARWT715BMK,Despicable_Me,1,1,0.5260632861159784,2
Random Forest,NDARAN385MDH,Despicable_Me,0,0,0.3651889410716424,2
Random Forest,NDARLN961XGP,Despicable_Me,1,1,0.5233664064607644,2
Random Forest,NDARHB772TE5,Despicable_Me,1,1,0.5383086192741633,2
Random Forest,NDARXY532ZTT,Despicable_Me,1,1,0.6672183655038426,2
Random Forest,NDARWW820WZN,Despicable_Me,1,0,0.4480251198047161,2
Random Forest,NDARBJ674TVU,Despicable_Me,1,0,0.45144940418211815,2
Random Forest,NDARGU667MCK,Despicable_Me,1,1,0.6730647791083993,2
Random Forest,NDARZW472CCF,Despicable_Me,1,0,0.4947666573499735,2
Random Forest,NDARRR813CY6,Despicable_Me,1,1,0.6293117801525905,2
Random Forest,NDARUB231LHN,Despicable_Me,1,0,0.48541842611855507,2
Random Forest,NDARKF442GZ5,Despicable_Me,1,1,0.5851201530649093,2
Random Forest,NDARWX711LBK,Despicable_Me,1,0,0.41510225118124366,2
Random Forest,NDARYL771XDP,Despicable_Me,1,0,0.3370470803325837,2
Random Forest,NDARKG460MWV,Despicable_Me,1,1,0.5258084260425486,2
Random Forest,NDARCD401HGZ,Despicable_Me,0,0,0.370631042096971,2
Random Forest,NDARXJ696AMX,Despicable_Me,0,0,0.4596145157065838,2
Random Forest,NDARKN509RP9,Despicable_Me,0,0,0.48219419565883687,2
Random Forest,NDARAV610EY3,Diary_of_a_Wimpy_Kid_Trailer,0,0,0.4776348128514532,2
Random Forest,NDARZG263HRK,Diary_of_a_Wimpy_Kid_Trailer,0,0,0.4865144331866844,2
Random Forest,NDARYH480GTD,Diary_of_a_Wimpy_Kid_Trailer,0,0,0.48050301136054,2
Random Forest,NDARRV638MJV,Diary_of_a_Wimpy_Kid_Trailer,0,0,0.32396035125491757,2
Random Forest,NDARXK462WRZ,Diary_of_a_Wimpy_Kid_Trailer,0,0,0.4198760017029443,2
Random Forest,NDARLC358CYJ,Diary_of_a_Wimpy_Kid_Trailer,0,0,0.48501277250514335,2
Random Forest,NDARJM708VGE,Diary_of_a_Wimpy_Kid_Trailer,0,1,0.6828912429805828,2
Random Forest,NDARUA421HT8,Diary_of_a_Wimpy_Kid_Trailer,0,0,0.4579993587969211,2
Random Forest,NDARGF543PM2,Diary_of_a_Wimpy_Kid_Trailer,0,1,0.5237267360747556,2
Random Forest,NDARAC904DMU,Diary_of_a_Wimpy_Kid_Trailer,0,0,0.4462722055779729,2
Random Forest,NDARCX053GU5,Diary_of_a_Wimpy_Kid_Trailer,0,1,0.6024748768021025,2
Random Forest,NDARYY664KHF,Diary_of_a_Wimpy_Kid_Trailer,1,0,0.43983292916687466,2
Random Forest,NDARUM569EV1,Diary_of_a_Wimpy_Kid_Trailer,0,1,0.6422985506428702,2
Random Forest,NDARAA117NEJ,Diary_of_a_Wimpy_Kid_Trailer,1,0,0.472193114637536,2
Random Forest,NDARYU620RH9,Diary_of_a_Wimpy_Kid_Trailer,0,0,0.4422306396109714,2
Random Forest,NDARRK882CLT,Diary_of_a_Wimpy_Kid_Trailer,0,0,0.453568384972814,2
Random Forest,NDARMM782KJK,Diary_of_a_Wimpy_Kid_Trailer,0,1,0.6810760513469435,2
Random Forest,NDARVG461LA2,Diary_of_a_Wimpy_Kid_Trailer,0,1,0.6702863493568847,2
Random Forest,NDARLE091XAZ,Diary_of_a_Wimpy_Kid_Trailer,0,1,0.5699273362579729,2
Random Forest,NDARRY268AF2,Diary_of_a_Wimpy_Kid_Trailer,1,1,0.6153643622163611,2
Random Forest,NDARXF203DCD,Diary_of_a_Wimpy_Kid_Trailer,0,1,0.5251154278117195,2
Random Forest,NDARXD944ZXV,Diary_of_a_Wimpy_Kid_Trailer,1,1,0.5878702139536006,2
Random Forest,NDARCJ363KLE,Diary_of_a_Wimpy_Kid_Trailer,0,0,0.4790373720086376,2
Random Forest,NDARPX244EHJ,Diary_of_a_Wimpy_Kid_Trailer,1,0,0.4667169436494217,2
Random Forest,NDARBK082PDD,Diary_of_a_Wimpy_Kid_Trailer,0,0,0.4662892145307027,2
Random Forest,NDARPV303LAX,Diary_of_a_Wimpy_Kid_Trailer,1,1,0.6876499609080877,2
Random Forest,NDARRN619WHY,Diary_of_a_Wimpy_Kid_Trailer,1,0,0.4502485751474824,2
Random Forest,NDARXC534KT4,Diary_of_a_Wimpy_Kid_Trailer,1,0,0.43522377638454846,2
Random Forest,NDARMZ518UH1,Diary_of_a_Wimpy_Kid_Trailer,0,1,0.5061340225833092,2
Random Forest,NDARXM571XCC,Diary_of_a_Wimpy_Kid_Trailer,0,0,0.4734951793098805,2
Random Forest,NDARTH473LF8,Diary_of_a_Wimpy_Kid_Trailer,0,0,0.4605425950935416,2
Random Forest,NDARVH153RE7,Diary_of_a_Wimpy_Kid_Trailer,1,0,0.37307482159239136,2
Random Forest,NDARFP512MEK,Diary_of_a_Wimpy_Kid_Trailer,1,0,0.45861820516509044,2
Random Forest,NDARMU269TFY,Diary_of_a_Wimpy_Kid_Trailer,1,1,0.5474858671110197,2
Random Forest,NDARXV445NYZ,Diary_of_a_Wimpy_Kid_Trailer,0,0,0.45767139069430707,2
Random Forest,NDARWV677EFC,Diary_of_a_Wimpy_Kid_Trailer,1,0,0.4920343412123782,2
Random Forest,NDARRN444MJG,Diary_of_a_Wimpy_Kid_Trailer,1,0,0.44042657101981225,2
Random Forest,NDAREK255DEE,Diary_of_a_Wimpy_Kid_Trailer,1,1,0.576772993304213,2
Random Forest,NDARVL555VVA,Diary_of_a_Wimpy_Kid_Trailer,0,0,0.4610022891174045,2
Random Forest,NDARTX659HAF,Diary_of_a_Wimpy_Kid_Trailer,1,0,0.4947635442157061,2
Random Forest,NDAREW201WD9,Diary_of_a_Wimpy_Kid_Trailer,0,0,0.3524653086741035,2
Random Forest,NDARTY225EWV,Diary_of_a_Wimpy_Kid_Trailer,1,1,0.676341130246479,2
Random Forest,NDARBM642JFT,Diary_of_a_Wimpy_Kid_Trailer,1,1,0.5024836267057379,2
Random Forest,NDARRX443NVT,Diary_of_a_Wimpy_Kid_Trailer,1,1,0.5089722603790287,2
Random Forest,NDARLZ986JLL,Diary_of_a_Wimpy_Kid_Trailer,1,0,0.4941543325906164,2
Random Forest,NDAREH852JE0,Diary_of_a_Wimpy_Kid_Trailer,1,1,0.5099559785484385,2
Random Forest,NDAREN151YXN,Diary_of_a_Wimpy_Kid_Trailer,1,1,0.7317205327633243,2
Random Forest,NDARGJ395FKP,Diary_of_a_Wimpy_Kid_Trailer,1,0,0.3681552975850287,2
Random Forest,NDARGL085RTW,Diary_of_a_Wimpy_Kid_Trailer,1,1,0.525778399723598,2
Random Forest,NDARUT470BM4,Diary_of_a_Wimpy_Kid_Trailer,1,0,0.4988882405844556,2
Random Forest,NDARGU395RFP,Diary_of_a_Wimpy_Kid_Trailer,1,1,0.5590266775957599,2
Random Forest,NDARWT715BMK,Diary_of_a_Wimpy_Kid_Trailer,1,0,0.47724036027960637,2
Random Forest,NDARAN385MDH,Diary_of_a_Wimpy_Kid_Trailer,0,0,0.43423041931356265,2
Random Forest,NDARLN961XGP,Diary_of_a_Wimpy_Kid_Trailer,1,1,0.5500857969533839,2
Random Forest,NDARHB772TE5,Diary_of_a_Wimpy_Kid_Trailer,1,1,0.5083542719403061,2
Random Forest,NDARXY532ZTT,Diary_of_a_Wimpy_Kid_Trailer,1,1,0.6112983930750496,2
Random Forest,NDARRJ130PV7,Diary_of_a_Wimpy_Kid_Trailer,1,1,0.6147108558145591,2
Random Forest,NDARWW820WZN,Diary_of_a_Wimpy_Kid_Trailer,1,0,0.4662874178131444,2
Random Forest,NDARKK732JW3,Diary_of_a_Wimpy_Kid_Trailer,1,1,0.5326344002054149,2
Random Forest,NDARBJ674TVU,Diary_of_a_Wimpy_Kid_Trailer,1,0,0.46976443542103086,2
Random Forest,NDARGU667MCK,Diary_of_a_Wimpy_Kid_Trailer,1,0,0.47380290702941447,2
Random Forest,NDARZW472CCF,Diary_of_a_Wimpy_Kid_Trailer,1,0,0.47904504549179194,2
Random Forest,NDARRR813CY6,Diary_of_a_Wimpy_Kid_Trailer,1,1,0.5675995537497829,2
Random Forest,NDARUB231LHN,Diary_of_a_Wimpy_Kid_Trailer,1,1,0.6887558386473158,2
Random Forest,NDARFU444HEF,Diary_of_a_Wimpy_Kid_Trailer,1,1,0.5437205962908432,2
Random Forest,NDARWX711LBK,Diary_of_a_Wimpy_Kid_Trailer,1,0,0.48243156523420005,2
Random Forest,NDARYL771XDP,Diary_of_a_Wimpy_Kid_Trailer,1,0,0.3726824665450816,2
Random Forest,NDARKG460MWV,Diary_of_a_Wimpy_Kid_Trailer,1,1,0.5370818194469061,2
Random Forest,NDARHF351AA6,Diary_of_a_Wimpy_Kid_Trailer,1,0,0.42567864790517895,2
Random Forest,NDARCD401HGZ,Diary_of_a_Wimpy_Kid_Trailer,0,0,0.38003059513856413,2
Random Forest,NDARKN509RP9,Diary_of_a_Wimpy_Kid_Trailer,0,0,0.4806767807337104,2
Random Forest,NDARGF543PM2,Fractals,0,1,0.5464603317522919,2
Random Forest,NDARLE091XAZ,Fractals,0,0,0.4263488403050836,2
Random Forest,NDARXF203DCD,Fractals,0,1,0.5170382381715266,2
Random Forest,NDARTY225EWV,Fractals,1,1,0.7649630004714202,2
Random Forest,NDAREN151YXN,Fractals,1,1,0.5457012865711901,2
Random Forest,NDARWT715BMK,Fractals,1,0,0.4936790919548714,2
Random Forest,NDARXY532ZTT,Fractals,1,0,0.4949954974316522,2
Random Forest,NDARRJ130PV7,Fractals,1,1,0.5652615066932892,2
Random Forest,NDARRR813CY6,Fractals,1,0,0.4929507668470966,2
Random Forest,NDARWX711LBK,Fractals,1,0,0.4020552013867799,2
Random Forest,NDARGF543PM2,The_Present,0,1,0.5052358829196163,2
Random Forest,NDARCX053GU5,The_Present,0,1,0.5376804044224016,2
Random Forest,NDARYY664KHF,The_Present,1,0,0.4748701215673846,2
Random Forest,NDARLE091XAZ,The_Present,0,1,0.681124560199002,2
Random Forest,NDARRY268AF2,The_Present,1,1,0.5676038903086561,2
Random Forest,NDARXF203DCD,The_Present,0,1,0.5235826026970173,2
Random Forest,NDARPV303LAX,The_Present,1,1,0.53744518876409,2
Random Forest,NDARMZ518UH1,The_Present,0,1,0.7035803436702878,2
Random Forest,NDARXM571XCC,The_Present,0,1,0.6103707667209427,2
Random Forest,NDARVH153RE7,The_Present,1,0,0.3159181005977878,2
Random Forest,NDAREK255DEE,The_Present,1,1,0.5174275402672864,2
Random Forest,NDAREW201WD9,The_Present,0,0,0.4307218633897426,2
Random Forest,NDARTY225EWV,The_Present,1,1,0.7203871443028187,2
Random Forest,NDARVN715MJ9,The_Present,1,0,0.34894479552680163,2
Random Forest,NDARRX443NVT,The_Present,1,1,0.6715508692378138,2
Random Forest,NDAREH852JE0,The_Present,1,1,0.512862984033474,2
Random Forest,NDAREN151YXN,The_Present,1,0,0.49155649342107516,2
Random Forest,NDARUT470BM4,The_Present,1,0,0.45264336599787586,2
Random Forest,NDARGU395RFP,The_Present,1,1,0.5488153094012295,2
Random Forest,NDARWT715BMK,The_Present,1,1,0.5076917925571467,2
Random Forest,NDARLN961XGP,The_Present,1,1,0.5223104290127872,2
Random Forest,NDARXY532ZTT,The_Present,1,0,0.49329844847039717,2
Random Forest,NDARWW820WZN,The_Present,1,0,0.4983838972746929,2
Random Forest,NDARKK732JW3,The_Present,1,0,0.48647699811822953,2
Random Forest,NDARHE199NGL,The_Present,1,0,0.40287244781290965,2
Random Forest,NDARBJ674TVU,The_Present,1,1,0.5610474216267562,2
Random Forest,NDARRR813CY6,The_Present,1,1,0.5849071780161278,2
Random Forest,NDARUB231LHN,The_Present,1,0,0.48875958889367466,2
Random Forest,NDARKF442GZ5,The_Present,1,1,0.5058909050032739,2
Random Forest,NDARFU444HEF,The_Present,1,1,0.5431282548030454,2
Random Forest,NDARWX711LBK,The_Present,1,0,0.41882203902382376,2
Random Forest,NDARYL771XDP,The_Present,1,0,0.3213149298466886,2
Random Forest,NDARKG460MWV,The_Present,1,0,0.46690176474466843,2
Random Forest,NDARKN509RP9,The_Present,0,0,0.47149558734180536,2
Random Forest,NDARXT792GY8,Despicable_Me,0,1,0.5002252576826832,3
Random Forest,NDARYA503XVQ,Despicable_Me,0,1,0.8273830895394483,3
Random Forest,NDARXZ685TU4,Despicable_Me,0,0,0.49875139230915844,3
Random Forest,NDARAA075AMK,Despicable_Me,0,0,0.4658415746559745,3
Random Forest,NDARUG507AZX,Despicable_Me,0,0,0.4411010056342917,3
Random Forest,NDARTH610GMK,Despicable_Me,0,0,0.3917363303492906,3
Random Forest,NDARRY785GLM,Despicable_Me,0,1,0.7448047421099088,3
Random Forest,NDARDX872VH6,Despicable_Me,0,1,0.5251653976256249,3
Random Forest,NDARXX895FNJ,Despicable_Me,0,0,0.46571708701388864,3
Random Forest,NDARUD764NFJ,Despicable_Me,0,0,0.47303457489189055,3
Random Forest,NDAREK549XUQ,Despicable_Me,0,1,0.7242506920168381,3
Random Forest,NDARRE333EKT,Despicable_Me,0,0,0.4861231551442635,3
Random Forest,NDARZT772PU4,Despicable_Me,0,1,0.5183046257264962,3
Random Forest,NDARTN173MXV,Despicable_Me,0,1,0.5302247692152814,3
Random Forest,NDARZF602KU6,Despicable_Me,1,0,0.4887957738425061,3
Random Forest,NDARLA516PH1,Despicable_Me,0,0,0.4569449070158709,3
Random Forest,NDARZW662UK6,Despicable_Me,1,0,0.499288303228865,3
Random Forest,NDARNW182PJC,Despicable_Me,1,1,0.6249847403995744,3
Random Forest,NDARUP249AMD,Despicable_Me,0,0,0.46247044521883607,3
Random Forest,NDARTU768MY1,Despicable_Me,0,0,0.4843286051457853,3
Random Forest,NDARUG323DM3,Despicable_Me,0,1,0.6023426993628335,3
Random Forest,NDARJJ343TR0,Despicable_Me,0,1,0.842211449786464,3
Random Forest,NDARZN677EYE,Despicable_Me,1,1,0.8748922347355915,3
Random Forest,NDARTC710UM1,Despicable_Me,1,1,0.555357818635297,3
Random Forest,NDARLM196YRG,Despicable_Me,0,1,0.5991463119455052,3
Random Forest,NDARYL272HDW,Despicable_Me,0,0,0.45926602718173903,3
Random Forest,NDARXF358XGE,Despicable_Me,0,1,0.7103009901628567,3
Random Forest,NDARGV956EGX,Despicable_Me,0,0,0.4930497380263043,3
Random Forest,NDAREF848YWD,Despicable_Me,1,1,0.5338934216002693,3
Random Forest,NDARKU278YRR,Despicable_Me,0,1,0.5045972037228856,3
Random Forest,NDARTV525XC0,Despicable_Me,1,1,0.5106669061968498,3
Random Forest,NDARXC418YG7,Despicable_Me,0,0,0.46189778216404986,3
Random Forest,NDARAG340ERT,Despicable_Me,1,0,0.430063541930512,3
Random Forest,NDARGD507TDZ,Despicable_Me,0,0,0.4929963641509766,3
Random Forest,NDARLV387GP4,Despicable_Me,0,0,0.4312174688434249,3
Random Forest,NDARDU760YZC,Despicable_Me,1,0,0.23007142336843447,3
Random Forest,NDARCY178KJP,Despicable_Me,0,0,0.4808167702270268,3
Random Forest,NDARUK329RUU,Despicable_Me,1,1,0.5205256682766212,3
Random Forest,NDARVX162AZU,Despicable_Me,1,1,0.577557237924891,3
Random Forest,NDARAY461TZZ,Despicable_Me,1,1,0.5635928809505981,3
Random Forest,NDARCB370UK4,Despicable_Me,1,1,0.5675276953023158,3
Random Forest,NDARUJ779NM0,Despicable_Me,1,0,0.49936547848542373,3
Random Forest,NDARLG943AAN,Despicable_Me,1,1,0.5378843973091786,3
Random Forest,NDARLJ311YNA,Despicable_Me,1,1,0.5058178712691538,3
Random Forest,NDARRW680PHD,Despicable_Me,1,0,0.4606690825556159,3
Random Forest,NDARFY009MNL,Despicable_Me,1,0,0.4600817410199307,3
Random Forest,NDARZZ740MLM,Despicable_Me,1,0,0.4726263869741686,3
Random Forest,NDARRF180JBU,Despicable_Me,1,1,0.603983101775115,3
Random Forest,NDARMU161LHN,Despicable_Me,1,1,0.5122355420632074,3
Random Forest,NDAREK947FYP,Despicable_Me,1,0,0.4351906643250624,3
Random Forest,NDARVT488RXJ,Despicable_Me,1,0,0.4967625886151896,3
Random Forest,NDARYE379GGT,Despicable_Me,1,1,0.6116261069187634,3
Random Forest,NDARCZ947WU5,Despicable_Me,1,0,0.4143275914960293,3
Random Forest,NDAREW671HZW,Despicable_Me,1,0,0.4807274824299628,3
Random Forest,NDAREM018TJQ,Despicable_Me,1,0,0.4509918117339664,3
Random Forest,NDARNF873FCV,Despicable_Me,1,0,0.4857549515129861,3
Random Forest,NDARVM685MER,Despicable_Me,1,0,0.456623343657173,3
Random Forest,NDARPF319WV2,Despicable_Me,1,1,0.6559334991944552,3
Random Forest,NDARWX338NDL,Despicable_Me,1,0,0.4821194542973522,3
Random Forest,NDARFR820KFF,Despicable_Me,1,0,0.4709007007574694,3
Random Forest,NDARJZ549HU8,Despicable_Me,1,0,0.4821413238011681,3
Random Forest,NDARWK065NJ9,Despicable_Me,1,0,0.3650418715007126,3
Random Forest,NDARNP939DDQ,Despicable_Me,1,0,0.4211398829096993,3
Random Forest,NDARAV189JGX,Despicable_Me,1,1,0.5532556748887834,3
Random Forest,NDARPW635LN4,Despicable_Me,1,1,0.6130526786957506,3
Random Forest,NDAREF888EVV,Despicable_Me,1,1,0.9067966977530714,3
Random Forest,NDARGB441VVD,Despicable_Me,0,0,0.4941038506346805,3
Random Forest,NDARXT792GY8,Diary_of_a_Wimpy_Kid_Trailer,0,1,0.5047261270341954,3
Random Forest,NDARYA503XVQ,Diary_of_a_Wimpy_Kid_Trailer,0,1,0.6877591523818842,3
Random Forest,NDARXZ685TU4,Diary_of_a_Wimpy_Kid_Trailer,0,0,0.46290996452049454,3
Random Forest,NDARAA075AMK,Diary_of_a_Wimpy_Kid_Trailer,0,0,0.43516474701395697,3
Random Forest,NDARUG507AZX,Diary_of_a_Wimpy_Kid_Trailer,0,0,0.4301323014327095,3
Random Forest,NDARTH610GMK,Diary_of_a_Wimpy_Kid_Trailer,0,0,0.46611993807053426,3
Random Forest,NDARRY785GLM,Diary_of_a_Wimpy_Kid_Trailer,0,1,0.5786429161714185,3
Random Forest,NDARDX872VH6,Diary_of_a_Wimpy_Kid_Trailer,0,0,0.4979908109856263,3
Random Forest,NDARXX895FNJ,Diary_of_a_Wimpy_Kid_Trailer,0,0,0.4490110450916479,3
Random Forest,NDARUD764NFJ,Diary_of_a_Wimpy_Kid_Trailer,0,0,0.45878301341814887,3
Random Forest,NDAREK549XUQ,Diary_of_a_Wimpy_Kid_Trailer,0,1,0.8546662200443574,3
Random Forest,NDARRE333EKT,Diary_of_a_Wimpy_Kid_Trailer,0,0,0.29452667061138227,3
Random Forest,NDARXG646PM9,Diary_of_a_Wimpy_Kid_Trailer,1,0,0.4702564065378465,3
Random Forest,NDARZT772PU4,Diary_of_a_Wimpy_Kid_Trailer,0,0,0.4583144990941917,3
Random Forest,NDARFK610GY5,Diary_of_a_Wimpy_Kid_Trailer,0,0,0.4919737306447938,3
Random Forest,NDARZF602KU6,Diary_of_a_Wimpy_Kid_Trailer,1,0,0.45382869344164606,3
Random Forest,NDARZW662UK6,Diary_of_a_Wimpy_Kid_Trailer,1,0,0.43038250206491435,3
Random Forest,NDARNW182PJC,Diary_of_a_Wimpy_Kid_Trailer,1,1,0.5780745813880035,3
Random Forest,NDARUP249AMD,Diary_of_a_Wimpy_Kid_Trailer,0,1,0.6647073929009916,3
Random Forest,NDARTU768MY1,Diary_of_a_Wimpy_Kid_Trailer,0,0,0.4316142324373096,3
Random Forest,NDARUG323DM3,Diary_of_a_Wimpy_Kid_Trailer,0,0,0.4269220805451286,3
Random Forest,NDARZN677EYE,Diary_of_a_Wimpy_Kid_Trailer,1,1,0.5136732234923,3
Random Forest,NDARMG196KV4,Diary_of_a_Wimpy_Kid_Trailer,1,0,0.4555707036978487,3
Random Forest,NDARTC710UM1,Diary_of_a_Wimpy_Kid_Trailer,1,1,0.5608734402006545,3
Random Forest,NDARLM196YRG,Diary_of_a_Wimpy_Kid_Trailer,0,1,0.5209481228631365,3
Random Forest,NDARYL272HDW,Diary_of_a_Wimpy_Kid_Trailer,0,0,0.4780061249429595,3
Random Forest,NDARXF358XGE,Diary_of_a_Wimpy_Kid_Trailer,0,1,0.6718187042657313,3
Random Forest,NDARGV956EGX,Diary_of_a_Wimpy_Kid_Trailer,0,0,0.4884494297709024,3
Random Forest,NDAREF848YWD,Diary_of_a_Wimpy_Kid_Trailer,1,1,0.5238796337564631,3
Random Forest,NDARKU278YRR,Diary_of_a_Wimpy_Kid_Trailer,0,0,0.49858200304763256,3
Random Forest,NDARTV525XC0,Diary_of_a_Wimpy_Kid_Trailer,1,0,0.4365433262252604,3
Random Forest,NDARLV387GP4,Diary_of_a_Wimpy_Kid_Trailer,0,0,0.44468436463594896,3
Random Forest,NDARDU760YZC,Diary_of_a_Wimpy_Kid_Trailer,1,1,0.7037021073613504,3
Random Forest,NDARCY178KJP,Diary_of_a_Wimpy_Kid_Trailer,0,0,0.2998003902377686,3
Random Forest,NDARUK329RUU,Diary_of_a_Wimpy_Kid_Trailer,1,0,0.44264679403962115,3
Random Forest,NDARMF939FNX,Diary_of_a_Wimpy_Kid_Trailer,1,1,0.7036499789348802,3
Random Forest,NDARVX162AZU,Diary_of_a_Wimpy_Kid_Trailer,1,1,0.6319089668883913,3
Random Forest,NDARAY461TZZ,Diary_of_a_Wimpy_Kid_Trailer,1,0,0.42150411076644406,3
Random Forest,NDARCB370UK4,Diary_of_a_Wimpy_Kid_Trailer,1,0,0.3995245269559807,3
Random Forest,NDARUJ779NM0,Diary_of_a_Wimpy_Kid_Trailer,1,0,0.4780286302674645,3
Random Forest,NDARLG943AAN,Diary_of_a_Wimpy_Kid_Trailer,1,1,0.5674937382655874,3
Random Forest,NDARLJ311YNA,Diary_of_a_Wimpy_Kid_Trailer,1,1,0.6395981263687497,3
Random Forest,NDARRW680PHD,Diary_of_a_Wimpy_Kid_Trailer,1,0,0.46603145124195994,3
Random Forest,NDARYF135ZHU,Diary_of_a_Wimpy_Kid_Trailer,1,0,0.42862119965325796,3
Random Forest,NDARFY009MNL,Diary_of_a_Wimpy_Kid_Trailer,1,0,0.49659004469481327,3
Random Forest,NDARZZ740MLM,Diary_of_a_Wimpy_Kid_Trailer,1,0,0.43208517822381753,3
Random Forest,NDARRF180JBU,Diary_of_a_Wimpy_Kid_Trailer,1,1,0.5981341996845156,3
Random Forest,NDARMU161LHN,Diary_of_a_Wimpy_Kid_Trailer,1,1,0.6545742560418726,3
Random Forest,NDAREK947FYP,Diary_of_a_Wimpy_Kid_Trailer,1,0,0.47042993234086194,3
Random Forest,NDARVT488RXJ,Diary_of_a_Wimpy_Kid_Trailer,1,1,0.6171428947980735,3
Random Forest,NDARYE379GGT,Diary_of_a_Wimpy_Kid_Trailer,1,1,0.5614648927082361,3
Random Forest,NDARCZ947WU5,Diary_of_a_Wimpy_Kid_Trailer,1,0,0.4548053402049095,3
Random Forest,NDAREM018TJQ,Diary_of_a_Wimpy_Kid_Trailer,1,1,0.587138329188348,3
Random Forest,NDARNF873FCV,Diary_of_a_Wimpy_Kid_Trailer,1,1,0.5469818643898172,3
Random Forest,NDARJM828PAL,Diary_of_a_Wimpy_Kid_Trailer,1,1,0.5084686306697178,3
Random Forest,NDARVM685MER,Diary_of_a_Wimpy_Kid_Trailer,1,0,0.48324417331530223,3
Random Forest,NDARWX338NDL,Diary_of_a_Wimpy_Kid_Trailer,1,0,0.48523372805389037,3
Random Forest,NDARRF897HB5,Diary_of_a_Wimpy_Kid_Trailer,1,0,0.4814191652148154,3
Random Forest,NDARJZ549HU8,Diary_of_a_Wimpy_Kid_Trailer,1,0,0.4886248325776691,3
Random Forest,NDARWK065NJ9,Diary_of_a_Wimpy_Kid_Trailer,1,0,0.4365104647019333,3
Random Forest,NDARNP939DDQ,Diary_of_a_Wimpy_Kid_Trailer,1,0,0.4667681382653882,3
Random Forest,NDARZE542ZVH,Diary_of_a_Wimpy_Kid_Trailer,1,0,0.3327783044160042,3
Random Forest,NDARPW635LN4,Diary_of_a_Wimpy_Kid_Trailer,1,0,0.46444288119407995,3
Random Forest,NDARGB441VVD,Diary_of_a_Wimpy_Kid_Trailer,0,1,0.754694079105882,3
Random Forest,NDAREK549XUQ,Fractals,0,1,0.8625323869492802,3
Random Forest,NDARZN677EYE,Fractals,1,1,0.6013859376893256,3
Random Forest,NDARTC710UM1,Fractals,1,0,0.4593299389500176,3
Random Forest,NDARLM196YRG,Fractals,0,1,0.5896854165236101,3
Random Forest,NDAREF848YWD,Fractals,1,0,0.43755407504363963,3
Random Forest,NDARZD415ZZ1,Fractals,0,1,0.730424175826167,3
Random Forest,NDARMF939FNX,Fractals,1,1,0.844858337388255,3
Random Forest,NDARRW680PHD,Fractals,1,0,0.4691913252280627,3
Random Forest,NDARMU161LHN,Fractals,1,1,0.5385646175531084,3
Random Forest,NDARYE379GGT,Fractals,1,1,0.5467476913149995,3
Random Forest,NDARNF873FCV,Fractals,1,1,0.5011892673820321,3
Random Forest,NDARJM828PAL,Fractals,1,1,0.6232595854944033,3
Random Forest,NDARAV189JGX,Fractals,1,0,0.48764401205900726,3
Random Forest,NDAREF888EVV,Fractals,1,1,0.531884082647634,3
Random Forest,NDARYA503XVQ,The_Present,0,1,0.733556324859175,3
Random Forest,NDARRY785GLM,The_Present,0,1,0.6334615512010151,3
Random Forest,NDARDX872VH6,The_Present,0,1,0.5118662218890258,3
Random Forest,NDAREK549XUQ,The_Present,0,1,0.7495811709676518,3
Random Forest,NDARZW662UK6,The_Present,1,0,0.32429156561660144,3
Random Forest,NDARJJ343TR0,The_Present,0,1,0.5619605893680071,3
Random Forest,NDARZN677EYE,The_Present,1,1,0.6751052755219732,3
Random Forest,NDARMG196KV4,The_Present,1,1,0.5817383516377593,3
Random Forest,NDARTC710UM1,The_Present,1,1,0.5291130487344818,3
Random Forest,NDARLM196YRG,The_Present,0,1,0.5058239563680155,3
Random Forest,NDARXF358XGE,The_Present,0,1,0.6266541148187725,3
Random Forest,NDAREF848YWD,The_Present,1,0,0.45300945556517025,3
Random Forest,NDARKU278YRR,The_Present,0,0,0.4514527810278357,3
Random Forest,NDARTV525XC0,The_Present,1,1,0.5108516438238238,3
Random Forest,NDARZD415ZZ1,The_Present,0,1,0.6446793906178188,3
Random Forest,NDARDU760YZC,The_Present,1,1,0.5480312674196895,3
Random Forest,NDARUK329RUU,The_Present,1,1,0.5348789473637373,3
Random Forest,NDARMF939FNX,The_Present,1,1,0.922173126504145,3
Random Forest,NDARAY461TZZ,The_Present,1,1,0.6083075313797082,3
Random Forest,NDARLG943AAN,The_Present,1,0,0.4922361706772088,3
Random Forest,NDARRW680PHD,The_Present,1,1,0.5416295723193767,3
Random Forest,NDARZZ740MLM,The_Present,1,0,0.4723667875987292,3
Random Forest,NDARRF180JBU,The_Present,1,1,0.5360374440045331,3
Random Forest,NDARMU161LHN,The_Present,1,1,0.5651363525139798,3
Random Forest,NDAREW671HZW,The_Present,1,1,0.5783982416734511,3
Random Forest,NDARNF873FCV,The_Present,1,1,0.5026744889620937,3
Random Forest,NDARJM828PAL,The_Present,1,1,0.6031666640615273,3
Random Forest,NDARFR820KFF,The_Present,1,1,0.522362514423999,3
Random Forest,NDARAV189JGX,The_Present,1,1,0.5078919750818545,3
Random Forest,NDAREF888EVV,The_Present,1,1,0.5092607072314257,3
Random Forest,NDARGB441VVD,The_Present,0,1,0.7189622962999271,3
Random Forest,NDARRV505ND6,Despicable_Me,0,1,0.579017657298881,4
Random Forest,NDARET653TAM,Despicable_Me,0,1,0.522445445261031,4
Random Forest,NDARPE056ACA,Despicable_Me,0,1,0.613738000291735,4
Random Forest,NDARNG689AAP,Despicable_Me,0,0,0.4940029103526202,4
Random Forest,NDARLV086DEH,Despicable_Me,1,1,0.5412238004840259,4
Random Forest,NDARLJ886BFK,Despicable_Me,0,1,0.6990722847271517,4
Random Forest,NDARUR987CDM,Despicable_Me,0,1,0.5641309053689262,4
Random Forest,NDARBA521RA8,Despicable_Me,0,0,0.4638666290841322,4
Random Forest,NDARLR620FW6,Despicable_Me,1,0,0.4539199855659941,4
Random Forest,NDAREX065KJU,Despicable_Me,0,1,0.5067882494987505,4
Random Forest,NDARHF269ATU,Despicable_Me,1,0,0.4838422655956296,4
Random Forest,NDARKH837TB2,Despicable_Me,0,0,0.22143843350051762,4
Random Forest,NDARJH441HJD,Despicable_Me,0,0,0.2270554888881625,4
Random Forest,NDARJJ356DAL,Despicable_Me,0,1,0.6334280982137067,4
Random Forest,NDARZR412TBP,Despicable_Me,1,0,0.4601685971711051,4
Random Forest,NDARXF497LYF,Despicable_Me,1,1,0.551151906858341,4
Random Forest,NDAREV527ZRF,Despicable_Me,1,0,0.4907603127944948,4
Random Forest,NDARKP815KPZ,Despicable_Me,1,0,0.23642290268662763,4
Random Forest,NDARPF640ZRG,Despicable_Me,1,1,0.5075144117618493,4
Random Forest,NDAREY741MG9,Despicable_Me,1,1,0.5216231966965744,4
Random Forest,NDARYX806FL1,Despicable_Me,1,1,0.6241525977434692,4
Random Forest,NDARHC825ZFZ,Despicable_Me,1,1,0.5220676293665449,4
Random Forest,NDARPZ621ZLE,Despicable_Me,0,0,0.4828518849566197,4
Random Forest,NDARDM118LR6,Despicable_Me,0,0,0.46824077664011515,4
Random Forest,NDARYC466ER1,Despicable_Me,1,0,0.459569419842596,4
Random Forest,NDARWC427JB2,Despicable_Me,0,1,0.5190596780236433,4
Random Forest,NDARXB286YBR,Despicable_Me,1,0,0.46559319108938485,4
Random Forest,NDARAT100AEQ,Despicable_Me,0,0,0.36712819346134795,4
Random Forest,NDARAE012DGA,Despicable_Me,0,0,0.4791695829783771,4
Random Forest,NDARVV248VW0,Despicable_Me,0,0,0.48880052746331076,4
Random Forest,NDARZV608BL8,Despicable_Me,1,1,0.6605894946195807,4
Random Forest,NDARZM903TNL,Despicable_Me,0,1,0.5336629555045834,4
Random Forest,NDARUL456EER,Despicable_Me,0,1,0.5164687360265977,4
Random Forest,NDARBL117AUV,Despicable_Me,0,1,0.5417362012602402,4
Random Forest,NDARCT933HF2,Despicable_Me,1,0,0.35814134018130733,4
Random Forest,NDARLE417RA4,Despicable_Me,1,0,0.4718680568680249,4
Random Forest,NDARJC559WW5,Despicable_Me,1,1,0.6352679914146193,4
Random Forest,NDARYU575CE2,Despicable_Me,1,0,0.48187400333724373,4
Random Forest,NDARRD326KB9,Despicable_Me,0,0,0.2767414399001746,4
Random Forest,NDARFE526NK3,Despicable_Me,1,0,0.45610085500607256,4
Random Forest,NDARAX283MAK,Despicable_Me,0,0,0.48687339299906246,4
Random Forest,NDARMN302YAV,Despicable_Me,1,0,0.4712268618390551,4
Random Forest,NDARCL590LPD,Despicable_Me,1,1,0.6694902038412636,4
Random Forest,NDARKD134TCX,Despicable_Me,1,0,0.3986492436860805,4
Random Forest,NDARLX836EHJ,Despicable_Me,0,0,0.3499189045393644,4
Random Forest,NDARJJ389CP2,Despicable_Me,1,0,0.48210622419497745,4
Random Forest,NDARED047DTH,Despicable_Me,0,1,0.6359622186749796,4
Random Forest,NDARDF568GL5,Despicable_Me,1,1,0.5923661571565776,4
Random Forest,NDARVP953BBF,Despicable_Me,1,1,0.5187638101886978,4
Random Forest,NDARWR628EFJ,Despicable_Me,0,0,0.45533839078345884,4
Random Forest,NDARRL685WB7,Despicable_Me,1,1,0.6855437793278042,4
Random Forest,NDARJM036PVX,Despicable_Me,1,1,0.6151210887646353,4
Random Forest,NDARVU320XJZ,Despicable_Me,1,0,0.4594200626196783,4
Random Forest,NDARGK608LJ8,Despicable_Me,1,1,0.5273316025424634,4
Random Forest,NDARLF142AF5,Despicable_Me,1,0,0.25125032560218397,4
Random Forest,NDARDF373ZDW,Despicable_Me,1,1,0.5583836247971862,4
Random Forest,NDARFK477WX9,Despicable_Me,1,0,0.4721934757144441,4
Random Forest,NDARZF615DC0,Despicable_Me,1,0,0.4092383355944865,4
Random Forest,NDARZG623FYX,Despicable_Me,1,0,0.48589016761368725,4
Random Forest,NDARVL964HH1,Despicable_Me,1,0,0.4636105437389823,4
Random Forest,NDARHY177LY9,Despicable_Me,1,1,0.7292228397431002,4
Random Forest,NDARRG735TU5,Despicable_Me,1,0,0.39404129912583097,4
Random Forest,NDARAJ807UYR,Despicable_Me,1,0,0.32115256686683286,4
Random Forest,NDARML406ZB8,Despicable_Me,1,1,0.5934504370112735,4
Random Forest,NDARMW178UDD,Diary_of_a_Wimpy_Kid_Trailer,0,0,0.47409745363514577,4
Random Forest,NDARET653TAM,Diary_of_a_Wimpy_Kid_Trailer,0,0,0.48484673294689346,4
Random Forest,NDARPE056ACA,Diary_of_a_Wimpy_Kid_Trailer,0,0,0.4593743512570119,4
Random Forest,NDAREL622FA6,Diary_of_a_Wimpy_Kid_Trailer,0,0,0.4720037873172585,4
Random Forest,NDARNG689AAP,Diary_of_a_Wimpy_Kid_Trailer,0,1,0.6547156327277811,4
Random Forest,NDARLV086DEH,Diary_of_a_Wimpy_Kid_Trailer,1,1,0.5304851581149309,4
Random Forest,NDARLJ886BFK,Diary_of_a_Wimpy_Kid_Trailer,0,1,0.5349339637319418,4
Random Forest,NDARUR987CDM,Diary_of_a_Wimpy_Kid_Trailer,0,1,0.5504528593858944,4
Random Forest,NDARBA521RA8,Diary_of_a_Wimpy_Kid_Trailer,0,0,0.47715110016876866,4
Random Forest,NDARLR620FW6,Diary_of_a_Wimpy_Kid_Trailer,1,1,0.5566134223124746,4
Random Forest,NDAREX065KJU,Diary_of_a_Wimpy_Kid_Trailer,0,1,0.5240671768533944,4
Random Forest,NDARHF269ATU,Diary_of_a_Wimpy_Kid_Trailer,1,1,0.528090532910678,4
Random Forest,NDARCH001CN2,Diary_of_a_Wimpy_Kid_Trailer,1,1,0.5283956420700368,4
Random Forest,NDARCE721YB5,Diary_of_a_Wimpy_Kid_Trailer,0,1,0.5297453460715169,4
Random Forest,NDARKH837TB2,Diary_of_a_Wimpy_Kid_Trailer,0,1,0.5001293569764457,4
Random Forest,NDARJH441HJD,Diary_of_a_Wimpy_Kid_Trailer,0,0,0.24405795887162057,4
Random Forest,NDARJJ356DAL,Diary_of_a_Wimpy_Kid_Trailer,0,1,0.553977284156826,4
Random Forest,NDARZR412TBP,Diary_of_a_Wimpy_Kid_Trailer,1,0,0.43120482573493535,4
Random Forest,NDARXF497LYF,Diary_of_a_Wimpy_Kid_Trailer,1,1,0.7214399481259359,4
Random Forest,NDAREV527ZRF,Diary_of_a_Wimpy_Kid_Trailer,1,0,0.45126313732395934,4
Random Forest,NDARKP815KPZ,Diary_of_a_Wimpy_Kid_Trailer,1,1,0.5192499393264269,4
Random Forest,NDAREY741MG9,Diary_of_a_Wimpy_Kid_Trailer,1,1,0.5939591600276126,4
Random Forest,NDARYX806FL1,Diary_of_a_Wimpy_Kid_Trailer,1,0,0.46314509756805206,4
Random Forest,NDARHC825ZFZ,Diary_of_a_Wimpy_Kid_Trailer,1,0,0.446297992256304,4
Random Forest,NDARPZ621ZLE,Diary_of_a_Wimpy_Kid_Trailer,0,0,0.3885775449210257,4
Random Forest,NDARDM118LR6,Diary_of_a_Wimpy_Kid_Trailer,0,0,0.43980141431270897,4
Random Forest,NDARYC466ER1,Diary_of_a_Wimpy_Kid_Trailer,1,0,0.48841800776151284,4
Random Forest,NDARWC427JB2,Diary_of_a_Wimpy_Kid_Trailer,0,1,0.672150366938317,4
Random Forest,NDARDH086ZKK,Diary_of_a_Wimpy_Kid_Trailer,0,0,0.4692540786699472,4
Random Forest,NDARDY714NV9,Diary_of_a_Wimpy_Kid_Trailer,1,0,0.4542468214472414,4
Random Forest,NDARXB286YBR,Diary_of_a_Wimpy_Kid_Trailer,1,1,0.6751378106657743,4
Random Forest,NDARAT100AEQ,Diary_of_a_Wimpy_Kid_Trailer,0,0,0.35115867710775345,4
Random Forest,NDARAE012DGA,Diary_of_a_Wimpy_Kid_Trailer,0,0,0.4115317737118076,4
Random Forest,NDARRG415BJM,Diary_of_a_Wimpy_Kid_Trailer,0,1,0.576829450258534,4
Random Forest,NDARET550NXC,Diary_of_a_Wimpy_Kid_Trailer,1,1,0.608333382738619,4
Random Forest,NDARVV248VW0,Diary_of_a_Wimpy_Kid_Trailer,0,1,0.6187936490609739,4
Random Forest,NDARZV608BL8,Diary_of_a_Wimpy_Kid_Trailer,1,1,0.5320015095777634,4
Random Forest,NDARZM903TNL,Diary_of_a_Wimpy_Kid_Trailer,0,1,0.6391620679540272,4
Random Forest,NDARUL456EER,Diary_of_a_Wimpy_Kid_Trailer,0,0,0.4338651255731761,4
Random Forest,NDARCT933HF2,Diary_of_a_Wimpy_Kid_Trailer,1,0,0.3372613290438685,4
Random Forest,NDARLE417RA4,Diary_of_a_Wimpy_Kid_Trailer,1,1,0.517720210888488,4
Random Forest,NDARJC559WW5,Diary_of_a_Wimpy_Kid_Trailer,1,1,0.5943610559321254,4
Random Forest,NDARFM211KDJ,Diary_of_a_Wimpy_Kid_Trailer,1,1,0.6557016289263493,4
Random Forest,NDARYU575CE2,Diary_of_a_Wimpy_Kid_Trailer,1,1,0.5238340775527028,4
Random Forest,NDARRD326KB9,Diary_of_a_Wimpy_Kid_Trailer,0,1,0.6320907377820617,4
Random Forest,NDARFE526NK3,Diary_of_a_Wimpy_Kid_Trailer,1,0,0.4627831404515396,4
Random Forest,NDARAX283MAK,Diary_of_a_Wimpy_Kid_Trailer,0,0,0.4521162644357804,4
Random Forest,NDARCL590LPD,Diary_of_a_Wimpy_Kid_Trailer,1,1,0.7753098711789078,4
Random Forest,NDARKD134TCX,Diary_of_a_Wimpy_Kid_Trailer,1,1,0.6021859493722255,4
Random Forest,NDARLX836EHJ,Diary_of_a_Wimpy_Kid_Trailer,0,1,0.5048009207502872,4
Random Forest,NDARJJ389CP2,Diary_of_a_Wimpy_Kid_Trailer,1,1,0.6212008565521434,4
Random Forest,NDARED047DTH,Diary_of_a_Wimpy_Kid_Trailer,0,1,0.5774988696016276,4
Random Forest,NDARDF568GL5,Diary_of_a_Wimpy_Kid_Trailer,1,1,0.5506572001729441,4
Random Forest,NDARVP953BBF,Diary_of_a_Wimpy_Kid_Trailer,1,0,0.4786816244523669,4
Random Forest,NDARWR628EFJ,Diary_of_a_Wimpy_Kid_Trailer,0,1,0.5112597997692796,4
Random Forest,NDARRL685WB7,Diary_of_a_Wimpy_Kid_Trailer,1,0,0.4244702484338505,4
Random Forest,NDARJM036PVX,Diary_of_a_Wimpy_Kid_Trailer,1,0,0.4270682918114294,4
Random Forest,NDARVU320XJZ,Diary_of_a_Wimpy_Kid_Trailer,1,1,0.5650495761918902,4
Random Forest,NDARGK608LJ8,Diary_of_a_Wimpy_Kid_Trailer,1,0,0.451551660457917,4
Random Forest,NDARLF142AF5,Diary_of_a_Wimpy_Kid_Trailer,1,0,0.36054171692626297,4
Random Forest,NDARPW313LAJ,Diary_of_a_Wimpy_Kid_Trailer,1,0,0.4410516828480097,4
Random Forest,NDARFK477WX9,Diary_of_a_Wimpy_Kid_Trailer,1,1,0.6449097911282641,4
Random Forest,NDARZG623FYX,Diary_of_a_Wimpy_Kid_Trailer,1,0,0.3107446581674681,4
Random Forest,NDARHY177LY9,Diary_of_a_Wimpy_Kid_Trailer,1,1,0.6187047209405638,4
Random Forest,NDARRG735TU5,Diary_of_a_Wimpy_Kid_Trailer,1,0,0.4876272681436769,4
Random Forest,NDARAJ807UYR,Diary_of_a_Wimpy_Kid_Trailer,1,1,0.5833604498607083,4
Random Forest,NDARWC801CB5,Diary_of_a_Wimpy_Kid_Trailer,1,0,0.4669605589061662,4
Random Forest,NDARML406ZB8,Diary_of_a_Wimpy_Kid_Trailer,1,1,0.5869257696743786,4
Random Forest,NDARRV505ND6,Fractals,0,1,0.5460213927523841,4
Random Forest,NDARUR987CDM,Fractals,0,1,0.5826481125921579,4
Random Forest,NDAREV527ZRF,Fractals,1,1,0.6652583171490443,4
Random Forest,NDARPF640ZRG,Fractals,1,1,0.5494717485096734,4
Random Forest,NDARYX806FL1,Fractals,1,0,0.47621956257220743,4
Random Forest,NDARYC466ER1,Fractals,1,1,0.560548256079411,4
Random Forest,NDARWC427JB2,Fractals,0,0,0.49725885485978033,4
Random Forest,NDARVV248VW0,Fractals,0,1,0.6218658136548902,4
Random Forest,NDARZM903TNL,Fractals,0,1,0.7022797787393429,4
Random Forest,NDARLE417RA4,Fractals,1,0,0.4360554852533311,4
Random Forest,NDARFM211KDJ,Fractals,1,1,0.5398164861663233,4
Random Forest,NDARFE526NK3,Fractals,1,1,0.5220380605877958,4
Random Forest,NDARCL590LPD,Fractals,1,1,0.5069494243186602,4
Random Forest,NDARVP953BBF,Fractals,1,1,0.5910932443968213,4
Random Forest,NDARZF615DC0,Fractals,1,0,0.483440356396531,4
Random Forest,NDARUR987CDM,The_Present,0,1,0.6321666889679652,4
Random Forest,NDAREX065KJU,The_Present,0,0,0.4157844028603757,4
Random Forest,NDARCH001CN2,The_Present,1,1,0.6493416972341703,4
Random Forest,NDARXF497LYF,The_Present,1,1,0.5389267111652648,4
Random Forest,NDAREV527ZRF,The_Present,1,0,0.45761319756740154,4
Random Forest,NDARPF640ZRG,The_Present,1,0,0.4842991710100763,4
Random Forest,NDARYX806FL1,The_Present,1,1,0.5563173249332874,4
Random Forest,NDARHC825ZFZ,The_Present,1,1,0.5184993190609888,4
Random Forest,NDARDM118LR6,The_Present,0,1,0.5386843587453721,4
Random Forest,NDARYC466ER1,The_Present,1,1,0.546764465125652,4
Random Forest,NDARWC427JB2,The_Present,0,1,0.5744964039269298,4
Random Forest,NDARDH086ZKK,The_Present,0,1,0.7423260554638291,4
Random Forest,NDARXB286YBR,The_Present,1,1,0.5340371457077779,4
Random Forest,NDARZV608BL8,The_Present,1,1,0.5311237274008256,4
Random Forest,NDARZM903TNL,The_Present,0,1,0.6234260206225544,4
Random Forest,NDARLE417RA4,The_Present,1,1,0.512806856833386,4
Random Forest,NDARJC559WW5,The_Present,1,1,0.5807975557890636,4
Random Forest,NDARYU575CE2,The_Present,1,1,0.5808187985875937,4
Random Forest,NDARFE526NK3,The_Present,1,1,0.5798728915770932,4
Random Forest,NDARAX283MAK,The_Present,0,1,0.5174811369259433,4
Random Forest,NDARVP953BBF,The_Present,1,1,0.5869870266798962,4
Random Forest,NDARWR628EFJ,The_Present,0,1,0.641890211014901,4
Random Forest,NDARJM036PVX,The_Present,1,0,0.43204126608388577,4
Random Forest,NDARKH444AGK,The_Present,1,0,0.4388657746622809,4
Random Forest,NDARVU320XJZ,The_Present,1,0,0.3914087961181316,4
Random Forest,NDARGK608LJ8,The_Present,1,1,0.5272679255507644,4
Random Forest,NDARZF615DC0,The_Present,1,0,0.4914307340456228,4
Random Forest,NDARVL964HH1,The_Present,1,0,0.4633533602258248,4
Random Forest,NDARVD543CMZ,The_Present,1,1,0.6393491679969588,4
Random Forest,NDARWW901MTC,Despicable_Me,0,1,0.6304397363675627,5
Random Forest,NDARFW292PBD,Despicable_Me,0,0,0.41778899030123273,5
Random Forest,NDARYM334BZ5,Despicable_Me,1,1,0.5098639065385737,5
Random Forest,NDARRZ199KNG,Despicable_Me,0,1,0.5394118892199181,5
Random Forest,NDARTK185PBH,Despicable_Me,0,1,0.5097301053274021,5
Random Forest,NDARYH697TPA,Despicable_Me,0,1,0.5092604684812843,5
Random Forest,NDARYJ389DWX,Despicable_Me,0,0,0.47273400911143776,5
Random Forest,NDARND697FLK,Despicable_Me,0,0,0.36294185436928456,5
Random Forest,NDARZG690NHH,Despicable_Me,0,0,0.31451217400611786,5
Random Forest,NDARBH024NH2,Despicable_Me,0,1,0.5046792688240908,5
Random Forest,NDARMC759CX3,Despicable_Me,0,1,0.5171890985261645,5
Random Forest,NDARVB811FVD,Despicable_Me,0,0,0.33533080826172823,5
Random Forest,NDARKR010EN7,Despicable_Me,0,1,0.5528736520420136,5
Random Forest,NDARWZ495PG4,Despicable_Me,0,0,0.47045282894826596,5
Random Forest,NDARLU111UYF,Despicable_Me,0,1,0.5151817515102896,5
Random Forest,NDARWM656UWL,Despicable_Me,0,0,0.4697830920383538,5
Random Forest,NDARMT271DT6,Despicable_Me,1,0,0.499458568178588,5
Random Forest,NDARDR804MFE,Despicable_Me,0,1,0.5531784648015023,5
Random Forest,NDARWW003WWW,Despicable_Me,1,1,0.5381905513456336,5
Random Forest,NDARCH889NUF,Despicable_Me,1,1,0.5804343618538153,5
Random Forest,NDARVX111CNA,Despicable_Me,1,1,0.5254566939407749,5
Random Forest,NDAREU551GPC,Despicable_Me,0,1,0.5400702950086869,5
Random Forest,NDARXU253JHC,Despicable_Me,0,0,0.4037212751950864,5
Random Forest,NDARGT682ZWN,Despicable_Me,0,1,0.5079045544135987,5
Random Forest,NDARMV575DC1,Despicable_Me,0,0,0.41969350358495333,5
Random Forest,NDARJZ274PRQ,Despicable_Me,1,0,0.49167361034665485,5
Random Forest,NDAREC542MH3,Despicable_Me,1,0,0.48746743265133524,5
Random Forest,NDARKM551DA4,Despicable_Me,1,0,0.3378236630085163,5
Random Forest,NDARNK241ZXA,Despicable_Me,1,1,0.5159093470136901,5
Random Forest,NDARJF517HC8,Despicable_Me,1,1,0.5472532999018156,5
Random Forest,NDARXR123PFR,Despicable_Me,1,1,0.7447694443681135,5
Random Forest,NDARUM991EE8,Despicable_Me,1,0,0.4343468470868363,5
Random Forest,NDARUY549PGQ,Despicable_Me,0,1,0.5454600366033373,5
Random Forest,NDARAB055BPR,Despicable_Me,1,1,0.5770326098860036,5
Random Forest,NDARFP148YDU,Despicable_Me,1,0,0.47964091998166336,5
Random Forest,NDARTB883GUN,Despicable_Me,1,1,0.6042378292216735,5
Random Forest,NDARJJ859RRW,Despicable_Me,1,0,0.4318764955970867,5
Random Forest,NDARRA719CPH,Despicable_Me,1,1,0.5058796530600478,5
Random Forest,NDARZG236AUT,Despicable_Me,1,0,0.4590024053510755,5
Random Forest,NDARGK786DWR,Despicable_Me,1,1,0.6350923334599029,5
Random Forest,NDARJN531EN3,Despicable_Me,1,0,0.4405657300514039,5
Random Forest,NDARYB432MB5,Despicable_Me,1,0,0.45258218350832324,5
Random Forest,NDARNW797PD6,Despicable_Me,1,1,0.6997695997814182,5
Random Forest,NDARWF122UUJ,Despicable_Me,1,0,0.4396941000092784,5
Random Forest,NDARFM619GTV,Despicable_Me,1,1,0.5209240271154632,5
Random Forest,NDARPW915RGD,Despicable_Me,1,0,0.4553602771627214,5
Random Forest,NDARWJ621JRZ,Despicable_Me,1,0,0.460455159860857,5
Random Forest,NDARFA402LMW,Despicable_Me,1,0,0.461064065188934,5
Random Forest,NDARDR296XHN,Despicable_Me,0,1,0.5506758595014521,5
Random Forest,NDARRW100AU0,Despicable_Me,1,1,0.6027768254199611,5
Random Forest,NDARNF766VW2,Despicable_Me,1,1,0.5085919286707503,5
Random Forest,NDAREK801BPB,Despicable_Me,1,0,0.39859284441110254,5
Random Forest,NDARYJ536MCR,Despicable_Me,1,0,0.3365638340642712,5
Random Forest,NDAREY512KVX,Despicable_Me,1,1,0.5697643146324151,5
Random Forest,NDARGE536BGD,Despicable_Me,1,0,0.4130687623223071,5
Random Forest,NDARRC355BM6,Despicable_Me,1,1,0.5407522755817283,5
Random Forest,NDARBV364MBC,Despicable_Me,1,0,0.48574401555952773,5
Random Forest,NDARMT661WCR,Despicable_Me,1,1,0.5156901771683848,5
Random Forest,NDARUM791WPF,Despicable_Me,1,0,0.4865025436783266,5
Random Forest,NDARWW901MTC,Diary_of_a_Wimpy_Kid_Trailer,0,0,0.44436544842110837,5
Random Forest,NDARFW292PBD,Diary_of_a_Wimpy_Kid_Trailer,0,0,0.37360403746352755,5
Random Forest,NDARYM334BZ5,Diary_of_a_Wimpy_Kid_Trailer,1,1,0.59678636857492,5
Random Forest,NDARRZ199KNG,Diary_of_a_Wimpy_Kid_Trailer,0,0,0.4867936153691542,5
Random Forest,NDARTK185PBH,Diary_of_a_Wimpy_Kid_Trailer,0,0,0.45179555019330897,5
Random Forest,NDARRZ653HKY,Diary_of_a_Wimpy_Kid_Trailer,0,1,0.5670673550745281,5
Random Forest,NDARYH697TPA,Diary_of_a_Wimpy_Kid_Trailer,0,0,0.4982569948024858,5
Random Forest,NDARYJ389DWX,Diary_of_a_Wimpy_Kid_Trailer,0,0,0.4759558631882029,5
Random Forest,NDARND697FLK,Diary_of_a_Wimpy_Kid_Trailer,0,1,0.5250998818664507,5
Random Forest,NDARZG690NHH,Diary_of_a_Wimpy_Kid_Trailer,0,0,0.4807500182882493,5
Random Forest,NDARBH024NH2,Diary_of_a_Wimpy_Kid_Trailer,0,1,0.5315618451280552,5
Random Forest,NDARMC759CX3,Diary_of_a_Wimpy_Kid_Trailer,0,0,0.4710297126597649,5
Random Forest,NDARFY075REK,Diary_of_a_Wimpy_Kid_Trailer,0,1,0.6808729797634142,5
Random Forest,NDARVB811FVD,Diary_of_a_Wimpy_Kid_Trailer,0,0,0.3491919440478233,5
Random Forest,NDARFG851ZNZ,Diary_of_a_Wimpy_Kid_Trailer,0,1,0.6520315914821063,5
Random Forest,NDARKR010EN7,Diary_of_a_Wimpy_Kid_Trailer,0,0,0.4660213439093252,5
Random Forest,NDARWZ495PG4,Diary_of_a_Wimpy_Kid_Trailer,0,0,0.3607275316202543,5
Random Forest,NDARUY811CYU,Diary_of_a_Wimpy_Kid_Trailer,0,0,0.39201560268236707,5
Random Forest,NDARLU111UYF,Diary_of_a_Wimpy_Kid_Trailer,0,1,0.5043500900077788,5
Random Forest,NDARLY687YDQ,Diary_of_a_Wimpy_Kid_Trailer,1,1,0.5092655873707226,5
Random Forest,NDARWM656UWL,Diary_of_a_Wimpy_Kid_Trailer,0,0,0.47610572078132674,5
Random Forest,NDARBU928LV0,Diary_of_a_Wimpy_Kid_Trailer,0,0,0.4803279940590064,5
Random Forest,NDARHB000YF8,Diary_of_a_Wimpy_Kid_Trailer,0,1,0.5580455533306051,5
Random Forest,NDARWR247CE1,Diary_of_a_Wimpy_Kid_Trailer,0,1,0.5621256732744828,5
Random Forest,NDARMT271DT6,Diary_of_a_Wimpy_Kid_Trailer,1,1,0.5957387925532686,5
Random Forest,NDARDR804MFE,Diary_of_a_Wimpy_Kid_Trailer,0,1,0.569143946412913,5
Random Forest,NDARWW003WWW,Diary_of_a_Wimpy_Kid_Trailer,1,1,0.5679420648201148,5
Random Forest,NDARCH889NUF,Diary_of_a_Wimpy_Kid_Trailer,1,0,0.4445151713116735,5
Random Forest,NDARYL758JGG,Diary_of_a_Wimpy_Kid_Trailer,0,1,0.6071885707903523,5
Random Forest,NDARVX111CNA,Diary_of_a_Wimpy_Kid_Trailer,1,1,0.5752240345319822,5
Random Forest,NDAREU551GPC,Diary_of_a_Wimpy_Kid_Trailer,0,1,0.5046053653680727,5
Random Forest,NDARXU253JHC,Diary_of_a_Wimpy_Kid_Trailer,0,0,0.4894355732723462,5
Random Forest,NDARGT682ZWN,Diary_of_a_Wimpy_Kid_Trailer,0,0,0.4208895243047318,5
Random Forest,NDARRU729XRU,Diary_of_a_Wimpy_Kid_Trailer,1,0,0.48276709275324226,5
Random Forest,NDARMV575DC1,Diary_of_a_Wimpy_Kid_Trailer,0,0,0.4210944666786732,5
Random Forest,NDARJZ274PRQ,Diary_of_a_Wimpy_Kid_Trailer,1,1,0.518257775832602,5
Random Forest,NDAREC542MH3,Diary_of_a_Wimpy_Kid_Trailer,1,1,0.5552974540784623,5
Random Forest,NDARKM551DA4,Diary_of_a_Wimpy_Kid_Trailer,1,1,0.5438056587441058,5
Random Forest,NDARNK241ZXA,Diary_of_a_Wimpy_Kid_Trailer,1,0,0.4750431726216942,5
Random Forest,NDARJF517HC8,Diary_of_a_Wimpy_Kid_Trailer,1,0,0.48329068843401074,5
Random Forest,NDARRY215CXQ,Diary_of_a_Wimpy_Kid_Trailer,1,1,0.5010874929249831,5
Random Forest,NDARXR123PFR,Diary_of_a_Wimpy_Kid_Trailer,1,1,0.5119415230267366,5
Random Forest,NDARUM991EE8,Diary_of_a_Wimpy_Kid_Trailer,1,0,0.4241098050887412,5
Random Forest,NDARBD879MBX,Diary_of_a_Wimpy_Kid_Trailer,1,1,0.5380724648882104,5
Random Forest,NDARUY549PGQ,Diary_of_a_Wimpy_Kid_Trailer,0,1,0.5609177327793091,5
Random Forest,NDARCW071AU5,Diary_of_a_Wimpy_Kid_Trailer,1,1,0.5201830390260553,5
Random Forest,NDARAB055BPR,Diary_of_a_Wimpy_Kid_Trailer,1,0,0.4783871750083424,5
Random Forest,NDARFP148YDU,Diary_of_a_Wimpy_Kid_Trailer,1,0,0.47713903755003506,5
Random Forest,NDARTB883GUN,Diary_of_a_Wimpy_Kid_Trailer,1,1,0.5074395000898871,5
Random Forest,NDARJJ859RRW,Diary_of_a_Wimpy_Kid_Trailer,1,0,0.45964320101309547,5
Random Forest,NDARRA719CPH,Diary_of_a_Wimpy_Kid_Trailer,1,1,0.5391118110480204,5
Random Forest,NDARZG236AUT,Diary_of_a_Wimpy_Kid_Trailer,1,1,0.5015390672331936,5
Random Forest,NDARGK786DWR,Diary_of_a_Wimpy_Kid_Trailer,1,1,0.6815582216004139,5
Random Forest,NDARYB432MB5,Diary_of_a_Wimpy_Kid_Trailer,1,0,0.43054711493505854,5
Random Forest,NDARJE086YU0,Diary_of_a_Wimpy_Kid_Trailer,1,1,0.5281992579560735,5
Random Forest,NDARNW797PD6,Diary_of_a_Wimpy_Kid_Trailer,1,1,0.625572614259256,5
Random Forest,NDARWF122UUJ,Diary_of_a_Wimpy_Kid_Trailer,1,0,0.49213734167680995,5
Random Forest,NDARFM619GTV,Diary_of_a_Wimpy_Kid_Trailer,1,1,0.5296056905837196,5
Random Forest,NDARPW915RGD,Diary_of_a_Wimpy_Kid_Trailer,1,0,0.4449793236649727,5
Random Forest,NDARFA402LMW,Diary_of_a_Wimpy_Kid_Trailer,1,0,0.4552556526206185,5
Random Forest,NDARDR296XHN,Diary_of_a_Wimpy_Kid_Trailer,0,0,0.49121181502066225,5
Random Forest,NDARRW100AU0,Diary_of_a_Wimpy_Kid_Trailer,1,0,0.35223135128199,5
Random Forest,NDARXF623GEL,Diary_of_a_Wimpy_Kid_Trailer,1,1,0.5451736959829794,5
Random Forest,NDARHG294AFG,Diary_of_a_Wimpy_Kid_Trailer,1,1,0.5466739492751945,5
Random Forest,NDAREK801BPB,Diary_of_a_Wimpy_Kid_Trailer,1,0,0.4958542533266838,5
Random Forest,NDARYJ536MCR,Diary_of_a_Wimpy_Kid_Trailer,1,1,0.6521881710893273,5
Random Forest,NDAREY512KVX,Diary_of_a_Wimpy_Kid_Trailer,1,1,0.6188835505938131,5
Random Forest,NDARGE536BGD,Diary_of_a_Wimpy_Kid_Trailer,1,0,0.3238823340435993,5
Random Forest,NDARRC355BM6,Diary_of_a_Wimpy_Kid_Trailer,1,0,0.4710767954116751,5
Random Forest,NDARBV364MBC,Diary_of_a_Wimpy_Kid_Trailer,1,0,0.4473508216170573,5
Random Forest,NDARMT661WCR,Diary_of_a_Wimpy_Kid_Trailer,1,0,0.4858939030026001,5
Random Forest,NDARUM791WPF,Diary_of_a_Wimpy_Kid_Trailer,1,1,0.5139490661821688,5
Random Forest,NDARYM334BZ5,Fractals,1,1,0.5952075382876266,5
Random Forest,NDARFY075REK,Fractals,0,1,0.5952350499794724,5
Random Forest,NDARWM656UWL,Fractals,0,0,0.4855156857373772,5
Random Forest,NDARHB000YF8,Fractals,0,1,0.5766619139626615,5
Random Forest,NDARWW003WWW,Fractals,1,1,0.5741724724257977,5
Random Forest,NDARVX111CNA,Fractals,1,1,0.6350826733983024,5
Random Forest,NDARXR123PFR,Fractals,1,1,0.5237832922939201,5
Random Forest,NDARBD879MBX,Fractals,1,0,0.4948725366777878,5
Random Forest,NDARUY549PGQ,Fractals,0,1,0.5670424312010424,5
Random Forest,NDARGK786DWR,Fractals,1,1,0.6907723318890612,5
Random Forest,NDARFM619GTV,Fractals,1,0,0.4898450666845911,5
Random Forest,NDARWJ621JRZ,Fractals,1,0,0.4705144487111647,5
Random Forest,NDARNF766VW2,Fractals,1,0,0.47161052076857224,5
Random Forest,NDARMT661WCR,Fractals,1,1,0.5169784307400519,5
Random Forest,NDARYM334BZ5,The_Present,1,1,0.7458861353565156,5
Random Forest,NDARYH697TPA,The_Present,0,1,0.6867945577474942,5
Random Forest,NDARND697FLK,The_Present,0,1,0.6434418958113635,5
Random Forest,NDARZG690NHH,The_Present,0,1,0.5348006157111785,5
Random Forest,NDARFG851ZNZ,The_Present,0,1,0.6541044095761541,5
Random Forest,NDARLU111UYF,The_Present,0,1,0.5291857280419083,5
Random Forest,NDARWM656UWL,The_Present,0,0,0.4862285323443589,5
Random Forest,NDARYF272EDC,The_Present,1,1,0.6819818384271024,5
Random Forest,NDARWR247CE1,The_Present,0,1,0.5888608625756117,5
Random Forest,NDARDR804MFE,The_Present,0,1,0.5792836174433934,5
Random Forest,NDARWW003WWW,The_Present,1,0,0.4855412372351847,5
Random Forest,NDARCH889NUF,The_Present,1,0,0.4685824824169174,5
Random Forest,NDARVX111CNA,The_Present,1,1,0.5134012704926966,5
Random Forest,NDARMV575DC1,The_Present,0,1,0.5297949290203479,5
Random Forest,NDARDJ092YKH,The_Present,0,1,0.6059350197866792,5
Random Forest,NDAREC542MH3,The_Present,1,0,0.4821934416990925,5
Random Forest,NDARNK241ZXA,The_Present,1,1,0.6509178557237372,5
Random Forest,NDARJF517HC8,The_Present,1,0,0.4395821757664043,5
Random Forest,NDARRY215CXQ,The_Present,1,1,0.5451391541429985,5
Random Forest,NDARXR123PFR,The_Present,1,0,0.47550257045410643,5
Random Forest,NDARBD879MBX,The_Present,1,0,0.47703844199149015,5
Random Forest,NDARUY549PGQ,The_Present,0,0,0.44561636175103,5
Random Forest,NDARAB055BPR,The_Present,1,1,0.5020753562751042,5
Random Forest,NDARFP148YDU,The_Present,1,1,0.5491085391089966,5
Random Forest,NDARZG236AUT,The_Present,1,0,0.49477477134912856,5
Random Forest,NDARJN531EN3,The_Present,1,1,0.611907053665509,5
Random Forest,NDARFM619GTV,The_Present,1,1,0.5166807428323379,5
Random Forest,NDARPW915RGD,The_Present,1,0,0.44733614786771475,5
Random Forest,NDARWJ621JRZ,The_Present,1,0,0.421517808882311,5
Random Forest,NDAREY512KVX,The_Present,1,1,0.6054033502691467,5
Random Forest,NDARRC355BM6,The_Present,1,1,0.6339621915150356,5
Random Forest,NDARMT661WCR,The_Present,1,0,0.4808855051128805,5
