student_id,audio_path,grade,prompt,reading_duration,word_accuracy,substitution_rate,deletion_rate,insertion_rate,miscue_rate,wcpm,pause_count,long_pause_count,hesitation_count,speech_duration
3a10a,D:\Main_Project\Multimodal_NDD_Prediction\dyslexia_screening\data/mps/mps_dataset\audios\3a10a_EN-OL-RC-234_2.wav,3,"He went out looking for the lost sheep. He walked all the way back to the river. At last, late in the night, he found the sheep in a bush. The bush was full of thorns. He got the sheep out and carried it home. He was happy. He showed the sheep to his friends. All of them were happy too.",55.43,0.7377,0.2623,0.0,0.0492,0.2623,48.71,4,0,4,55.43
3a10c,D:\Main_Project\Multimodal_NDD_Prediction\dyslexia_screening\data/mps/mps_dataset\audios\3a10c_EN-OL-RC-234_1.wav,3,"Once, there lived a shepherd in a village. He was a kind and good man. He had a hundred sheep. One day, he took the sheep to the riverside. There was a lot of grass there for the sheep. In the evening, the shepherd took them back home. He counted the sheep. There were only ninety-nine! One sheep was lost. The shepherd was sad.",36.08,0.9231,0.0769,0.0,0.0154,0.0769,99.78,2,0,2,36.08
3a10c,D:\Main_Project\Multimodal_NDD_Prediction\dyslexia_screening\data/mps/mps_dataset\audios\3a10c_EN-OL-RC-234_2.wav,3,"He went out looking for the lost sheep. He walked all the way back to the river. At last, late in the night, he found the sheep in a bush. The bush was full of thorns. He got the sheep out and carried it home. He was happy. He showed the sheep to his friends. All of them were happy too.",30.08,0.9836,0.0164,0.0,0.0,0.0164,119.68,4,0,4,30.08
3a10g,D:\Main_Project\Multimodal_NDD_Prediction\dyslexia_screening\data/mps/mps_dataset\audios\3a10g_EN-OL-RC-234_2.wav,3,"He went out looking for the lost sheep. He walked all the way back to the river. At last, late in the night, he found the sheep in a bush. The bush was full of thorns. He got the sheep out and carried it home. He was happy. He showed the sheep to his friends. All of them were happy too.",32.21,0.9344,0.0656,0.0,0.0164,0.0656,106.18,8,0,8,32.21
3a11c,D:\Main_Project\Multimodal_NDD_Prediction\dyslexia_screening\data/mps/mps_dataset\audios\3a11c_EN-OL-RC-234_1.wav,3,"Once, there lived a shepherd in a village. He was a kind and good man. He had a hundred sheep. One day, he took the sheep to the riverside. There was a lot of grass there for the sheep. In the evening, the shepherd took them back home. He counted the sheep. There were only ninety-nine! One sheep was lost. The shepherd was sad.",43.7,0.9385,0.0308,0.0308,0.0,0.0615,83.75,0,0,0,43.7
3a11c,D:\Main_Project\Multimodal_NDD_Prediction\dyslexia_screening\data/mps/mps_dataset\audios\3a11c_EN-OL-RC-234_2.wav,3,"He went out looking for the lost sheep. He walked all the way back to the river. At last, late in the night, he found the sheep in a bush. The bush was full of thorns. He got the sheep out and carried it home. He was happy. He showed the sheep to his friends. All of them were happy too.",32.81,0.9672,0.0328,0.0,0.0164,0.0328,107.89,0,0,0,32.81
3a11g,D:\Main_Project\Multimodal_NDD_Prediction\dyslexia_screening\data/mps/mps_dataset\audios\3a11g_EN-OL-RC-234_1.wav,3,"Once, there lived a shepherd in a village. He was a kind and good man. He had a hundred sheep. One day, he took the sheep to the riverside. There was a lot of grass there for the sheep. In the evening, the shepherd took them back home. He counted the sheep. There were only ninety-nine! One sheep was lost. The shepherd was sad.",60.94,0.6769,0.1231,0.2,0.0308,0.3231,43.32,16,1,16,60.94
3a11h,D:\Main_Project\Multimodal_NDD_Prediction\dyslexia_screening\data/mps/mps_dataset\audios\3a11h_EN-OL-RC-234_1.wav,3,"Once, there lived a shepherd in a village. He was a kind and good man. He had a hundred sheep. One day, he took the sheep to the riverside. There was a lot of grass there for the sheep. In the evening, the shepherd took them back home. He counted the sheep. There were only ninety-nine! One sheep was lost. The shepherd was sad.",48.85,0.8769,0.1231,0.0,0.0462,0.1231,70.01,11,0,11,48.85
3a11h,D:\Main_Project\Multimodal_NDD_Prediction\dyslexia_screening\data/mps/mps_dataset\audios\3a11h_EN-OL-RC-234_2.wav,3,"He went out looking for the lost sheep. He walked all the way back to the river. At last, late in the night, he found the sheep in a bush. The bush was full of thorns. He got the sheep out and carried it home. He was happy. He showed the sheep to his friends. All of them were happy too.",42.98,0.9344,0.0656,0.0,0.0164,0.0656,79.57,13,0,13,42.98
3a12b,D:\Main_Project\Multimodal_NDD_Prediction\dyslexia_screening\data/mps/mps_dataset\audios\3a12b_EN-OL-RC-234_1.wav,3,"Once, there lived a shepherd in a village. He was a kind and good man. He had a hundred sheep. One day, he took the sheep to the riverside. There was a lot of grass there for the sheep. In the evening, the shepherd took them back home. He counted the sheep. There were only ninety-nine! One sheep was lost. The shepherd was sad.",53.96,0.9077,0.0923,0.0,0.0615,0.0923,65.6,16,4,16,53.96
3a12b,D:\Main_Project\Multimodal_NDD_Prediction\dyslexia_screening\data/mps/mps_dataset\audios\3a12b_EN-OL-RC-234_2.wav,3,"He went out looking for the lost sheep. He walked all the way back to the river. At last, late in the night, he found the sheep in a bush. The bush was full of thorns. He got the sheep out and carried it home. He was happy. He showed the sheep to his friends. All of them were happy too.",56.9,0.8525,0.1475,0.0,0.0492,0.1475,54.83,21,5,21,56.9
3a12e,D:\Main_Project\Multimodal_NDD_Prediction\dyslexia_screening\data/mps/mps_dataset\audios\3a12e_EN-OL-RC-234_2.wav,3,"He went out looking for the lost sheep. He walked all the way back to the river. At last, late in the night, he found the sheep in a bush. The bush was full of thorns. He got the sheep out and carried it home. He was happy. He showed the sheep to his friends. All of them were happy too.",61.57,0.5082,0.2131,0.2787,0.1311,0.4918,30.21,27,7,27,61.57
3a12g,D:\Main_Project\Multimodal_NDD_Prediction\dyslexia_screening\data/mps/mps_dataset\audios\3a12g_EN-OL-RC-234_1.wav,3,"Once, there lived a shepherd in a village. He was a kind and good man. He had a hundred sheep. One day, he took the sheep to the riverside. There was a lot of grass there for the sheep. In the evening, the shepherd took them back home. He counted the sheep. There were only ninety-nine! One sheep was lost. The shepherd was sad.",29.33,1.0,0.0,0.0,0.0308,0.0,132.97,4,0,4,29.33
3a12k,D:\Main_Project\Multimodal_NDD_Prediction\dyslexia_screening\data/mps/mps_dataset\audios\3a12k_EN-OL-RC-234_1.wav,3,"Once, there lived a shepherd in a village. He was a kind and good man. He had a hundred sheep. One day, he took the sheep to the riverside. There was a lot of grass there for the sheep. In the evening, the shepherd took them back home. He counted the sheep. There were only ninety-nine! One sheep was lost. The shepherd was sad.",56.03,0.8462,0.1538,0.0,0.0615,0.1538,58.9,16,1,16,56.03
3a12k,D:\Main_Project\Multimodal_NDD_Prediction\dyslexia_screening\data/mps/mps_dataset\audios\3a12k_EN-OL-RC-234_2.wav,3,"He went out looking for the lost sheep. He walked all the way back to the river. At last, late in the night, he found the sheep in a bush. The bush was full of thorns. He got the sheep out and carried it home. He was happy. He showed the sheep to his friends. All of them were happy too.",58.19,0.8525,0.1311,0.0164,0.082,0.1475,53.62,19,6,19,58.19
3a13c,D:\Main_Project\Multimodal_NDD_Prediction\dyslexia_screening\data/mps/mps_dataset\audios\3a13c_EN-OL-RC-234_2.wav,3,"He went out looking for the lost sheep. He walked all the way back to the river. At last, late in the night, he found the sheep in a bush. The bush was full of thorns. He got the sheep out and carried it home. He was happy. He showed the sheep to his friends. All of them were happy too.",38.3,0.9344,0.0492,0.0164,0.0164,0.0656,89.3,7,0,7,38.3
3a14g,D:\Main_Project\Multimodal_NDD_Prediction\dyslexia_screening\data/mps/mps_dataset\audios\3a14g_EN-OL-RC-234_1.wav,3,"Once, there lived a shepherd in a village. He was a kind and good man. He had a hundred sheep. One day, he took the sheep to the riverside. There was a lot of grass there for the sheep. In the evening, the shepherd took them back home. He counted the sheep. There were only ninety-nine! One sheep was lost. The shepherd was sad.",31.88,1.0,0.0,0.0,0.0,0.0,122.33,6,0,6,31.88
3a14g,D:\Main_Project\Multimodal_NDD_Prediction\dyslexia_screening\data/mps/mps_dataset\audios\3a14g_EN-OL-RC-234_2.wav,3,"He went out looking for the lost sheep. He walked all the way back to the river. At last, late in the night, he found the sheep in a bush. The bush was full of thorns. He got the sheep out and carried it home. He was happy. He showed the sheep to his friends. All of them were happy too.",27.68,1.0,0.0,0.0,0.0,0.0,132.23,6,0,6,27.68
3a15c,D:\Main_Project\Multimodal_NDD_Prediction\dyslexia_screening\data/mps/mps_dataset\audios\3a15c_EN-OL-RC-234_1.wav,3,"Once, there lived a shepherd in a village. He was a kind and good man. He had a hundred sheep. One day, he took the sheep to the riverside. There was a lot of grass there for the sheep. In the evening, the shepherd took them back home. He counted the sheep. There were only ninety-nine! One sheep was lost. The shepherd was sad.",38.74,0.9385,0.0615,0.0,0.0,0.0615,94.48,0,0,0,38.74
3a15g,D:\Main_Project\Multimodal_NDD_Prediction\dyslexia_screening\data/mps/mps_dataset\audios\3a15g_EN-OL-RC-234_1.wav,3,"Once, there lived a shepherd in a village. He was a kind and good man. He had a hundred sheep. One day, he took the sheep to the riverside. There was a lot of grass there for the sheep. In the evening, the shepherd took them back home. He counted the sheep. There were only ninety-nine! One sheep was lost. The shepherd was sad.",61.5,0.8615,0.1077,0.0308,0.0308,0.1385,54.63,23,2,23,61.5
3a16a,D:\Main_Project\Multimodal_NDD_Prediction\dyslexia_screening\data/mps/mps_dataset\audios\3a16a_EN-OL-RC-234_1.wav,3,"Once, there lived a shepherd in a village. He was a kind and good man. He had a hundred sheep. One day, he took the sheep to the riverside. There was a lot of grass there for the sheep. In the evening, the shepherd took them back home. He counted the sheep. There were only ninety-nine! One sheep was lost. The shepherd was sad.",40.96,0.9385,0.0615,0.0,0.0615,0.0615,89.36,3,0,3,40.96
3a16a,D:\Main_Project\Multimodal_NDD_Prediction\dyslexia_screening\data/mps/mps_dataset\audios\3a16a_EN-OL-RC-234_2.wav,3,"He went out looking for the lost sheep. He walked all the way back to the river. At last, late in the night, he found the sheep in a bush. The bush was full of thorns. He got the sheep out and carried it home. He was happy. He showed the sheep to his friends. All of them were happy too.",33.89,0.918,0.082,0.0,0.0164,0.082,99.14,9,0,9,33.89
3a16k,D:\Main_Project\Multimodal_NDD_Prediction\dyslexia_screening\data/mps/mps_dataset\audios\3a16k_EN-OL-RC-234_1.wav,3,"Once, there lived a shepherd in a village. He was a kind and good man. He had a hundred sheep. One day, he took the sheep to the riverside. There was a lot of grass there for the sheep. In the evening, the shepherd took them back home. He counted the sheep. There were only ninety-nine! One sheep was lost. The shepherd was sad.",54.67,0.7538,0.2308,0.0154,0.0769,0.2462,53.78,2,0,2,54.67
3a16k,D:\Main_Project\Multimodal_NDD_Prediction\dyslexia_screening\data/mps/mps_dataset\audios\3a16k_EN-OL-RC-234_2.wav,3,"He went out looking for the lost sheep. He walked all the way back to the river. At last, late in the night, he found the sheep in a bush. The bush was full of thorns. He got the sheep out and carried it home. He was happy. He showed the sheep to his friends. All of them were happy too.",54.68,0.7213,0.2623,0.0164,0.0492,0.2787,48.28,5,1,5,54.68
3a18b,D:\Main_Project\Multimodal_NDD_Prediction\dyslexia_screening\data/mps/mps_dataset\audios\3a18b_EN-OL-RC-234_2.wav,3,"He went out looking for the lost sheep. He walked all the way back to the river. At last, late in the night, he found the sheep in a bush. The bush was full of thorns. He got the sheep out and carried it home. He was happy. He showed the sheep to his friends. All of them were happy too.",57.66,0.8525,0.1475,0.0,0.0328,0.1475,54.11,26,4,26,57.66
3a18c,D:\Main_Project\Multimodal_NDD_Prediction\dyslexia_screening\data/mps/mps_dataset\audios\3a18c_EN-OL-RC-234_2.wav,3,"He went out looking for the lost sheep. He walked all the way back to the river. At last, late in the night, he found the sheep in a bush. The bush was full of thorns. He got the sheep out and carried it home. He was happy. He showed the sheep to his friends. All of them were happy too.",27.56,1.0,0.0,0.0,0.0492,0.0,132.8,2,0,2,27.56
3a18e,D:\Main_Project\Multimodal_NDD_Prediction\dyslexia_screening\data/mps/mps_dataset\audios\3a18e_EN-OL-RC-234_2.wav,3,"He went out looking for the lost sheep. He walked all the way back to the river. At last, late in the night, he found the sheep in a bush. The bush was full of thorns. He got the sheep out and carried it home. He was happy. He showed the sheep to his friends. All of them were happy too.",40.61,0.8852,0.1148,0.0,0.0,0.1148,79.78,0,0,0,40.61
3a18f,D:\Main_Project\Multimodal_NDD_Prediction\dyslexia_screening\data/mps/mps_dataset\audios\3a18f_EN-OL-RC-234_1.wav,3,"Once, there lived a shepherd in a village. He was a kind and good man. He had a hundred sheep. One day, he took the sheep to the riverside. There was a lot of grass there for the sheep. In the evening, the shepherd took them back home. He counted the sheep. There were only ninety-nine! One sheep was lost. The shepherd was sad.",30.71,0.9692,0.0308,0.0,0.0,0.0308,123.09,10,0,10,30.71
3a18f,D:\Main_Project\Multimodal_NDD_Prediction\dyslexia_screening\data/mps/mps_dataset\audios\3a18f_EN-OL-RC-234_2.wav,3,"He went out looking for the lost sheep. He walked all the way back to the river. At last, late in the night, he found the sheep in a bush. The bush was full of thorns. He got the sheep out and carried it home. He was happy. He showed the sheep to his friends. All of them were happy too.",32.27,0.9508,0.0492,0.0,0.0,0.0492,107.84,8,0,8,32.27
3a18g,D:\Main_Project\Multimodal_NDD_Prediction\dyslexia_screening\data/mps/mps_dataset\audios\3a18g_EN-OL-RC-234_1.wav,3,"Once, there lived a shepherd in a village. He was a kind and good man. He had a hundred sheep. One day, he took the sheep to the riverside. There was a lot of grass there for the sheep. In the evening, the shepherd took them back home. He counted the sheep. There were only ninety-nine! One sheep was lost. The shepherd was sad.",36.89,0.9846,0.0,0.0154,0.0,0.0154,104.09,7,0,7,36.89
3a18g,D:\Main_Project\Multimodal_NDD_Prediction\dyslexia_screening\data/mps/mps_dataset\audios\3a18g_EN-OL-RC-234_2.wav,3,"He went out looking for the lost sheep. He walked all the way back to the river. At last, late in the night, he found the sheep in a bush. The bush was full of thorns. He got the sheep out and carried it home. He was happy. He showed the sheep to his friends. All of them were happy too.",29.03,1.0,0.0,0.0,0.0,0.0,126.08,10,0,10,29.03
3a19b,D:\Main_Project\Multimodal_NDD_Prediction\dyslexia_screening\data/mps/mps_dataset\audios\3a19b_EN-OL-RC-234_2.wav,3,"He went out looking for the lost sheep. He walked all the way back to the river. At last, late in the night, he found the sheep in a bush. The bush was full of thorns. He got the sheep out and carried it home. He was happy. He showed the sheep to his friends. All of them were happy too.",37.61,0.8852,0.0984,0.0164,0.0,0.1148,86.15,6,0,6,37.61
3a19c,D:\Main_Project\Multimodal_NDD_Prediction\dyslexia_screening\data/mps/mps_dataset\audios\3a19c_EN-OL-RC-234_2.wav,3,"He went out looking for the lost sheep. He walked all the way back to the river. At last, late in the night, he found the sheep in a bush. The bush was full of thorns. He got the sheep out and carried it home. He was happy. He showed the sheep to his friends. All of them were happy too.",45.53,0.9508,0.0492,0.0,0.0492,0.0492,76.43,0,0,0,45.53
3a19g,D:\Main_Project\Multimodal_NDD_Prediction\dyslexia_screening\data/mps/mps_dataset\audios\3a19g_EN-OL-RC-234_1.wav,3,"Once, there lived a shepherd in a village. He was a kind and good man. He had a hundred sheep. One day, he took the sheep to the riverside. There was a lot of grass there for the sheep. In the evening, the shepherd took them back home. He counted the sheep. There were only ninety-nine! One sheep was lost. The shepherd was sad.",56.72,0.9538,0.0462,0.0,0.0769,0.0462,65.59,0,0,0,56.72
3a19k,D:\Main_Project\Multimodal_NDD_Prediction\dyslexia_screening\data/mps/mps_dataset\audios\3a19k_EN-OL-RC-234_1.wav,3,"Once, there lived a shepherd in a village. He was a kind and good man. He had a hundred sheep. One day, he took the sheep to the riverside. There was a lot of grass there for the sheep. In the evening, the shepherd took them back home. He counted the sheep. There were only ninety-nine! One sheep was lost. The shepherd was sad.",27.17,0.9385,0.0462,0.0154,0.0,0.0615,134.71,0,0,0,27.17
3a19k,D:\Main_Project\Multimodal_NDD_Prediction\dyslexia_screening\data/mps/mps_dataset\audios\3a19k_EN-OL-RC-234_2.wav,3,"He went out looking for the lost sheep. He walked all the way back to the river. At last, late in the night, he found the sheep in a bush. The bush was full of thorns. He got the sheep out and carried it home. He was happy. He showed the sheep to his friends. All of them were happy too.",25.01,1.0,0.0,0.0,0.0,0.0,146.34,0,0,0,25.01
3a1f,D:\Main_Project\Multimodal_NDD_Prediction\dyslexia_screening\data/mps/mps_dataset\audios\3a1f_EN-OL-RC-234_1.wav,3,"Once, there lived a shepherd in a village. He was a kind and good man. He had a hundred sheep. One day, he took the sheep to the riverside. There was a lot of grass there for the sheep. In the evening, the shepherd took them back home. He counted the sheep. There were only ninety-nine! One sheep was lost. The shepherd was sad.",37.04,0.9231,0.0769,0.0,0.0308,0.0769,97.19,8,0,8,37.04
3a1f,D:\Main_Project\Multimodal_NDD_Prediction\dyslexia_screening\data/mps/mps_dataset\audios\3a1f_EN-OL-RC-234_2.wav,3,"He went out looking for the lost sheep. He walked all the way back to the river. At last, late in the night, he found the sheep in a bush. The bush was full of thorns. He got the sheep out and carried it home. He was happy. He showed the sheep to his friends. All of them were happy too.",40.94,0.8689,0.1311,0.0,0.0492,0.1311,77.67,12,0,12,40.94
3a1h,D:\Main_Project\Multimodal_NDD_Prediction\dyslexia_screening\data/mps/mps_dataset\audios\3a1h_EN-OL-RC-234_2.wav,3,"He went out looking for the lost sheep. He walked all the way back to the river. At last, late in the night, he found the sheep in a bush. The bush was full of thorns. He got the sheep out and carried it home. He was happy. He showed the sheep to his friends. All of them were happy too.",48.08,0.9672,0.0328,0.0,0.0328,0.0328,73.63,14,2,14,48.08
3a1k,D:\Main_Project\Multimodal_NDD_Prediction\dyslexia_screening\data/mps/mps_dataset\audios\3a1k_EN-OL-RC-234_1.wav,3,"Once, there lived a shepherd in a village. He was a kind and good man. He had a hundred sheep. One day, he took the sheep to the riverside. There was a lot of grass there for the sheep. In the evening, the shepherd took them back home. He counted the sheep. There were only ninety-nine! One sheep was lost. The shepherd was sad.",41.63,0.8308,0.1692,0.0,0.0154,0.1692,77.83,0,0,0,41.63
3a1k,D:\Main_Project\Multimodal_NDD_Prediction\dyslexia_screening\data/mps/mps_dataset\audios\3a1k_EN-OL-RC-234_2.wav,3,"He went out looking for the lost sheep. He walked all the way back to the river. At last, late in the night, he found the sheep in a bush. The bush was full of thorns. He got the sheep out and carried it home. He was happy. He showed the sheep to his friends. All of them were happy too.",42.89,0.8689,0.1311,0.0,0.0492,0.1311,74.14,0,0,0,42.89
3a20b,D:\Main_Project\Multimodal_NDD_Prediction\dyslexia_screening\data/mps/mps_dataset\audios\3a20b_EN-OL-RC-234_1.wav,3,"Once, there lived a shepherd in a village. He was a kind and good man. He had a hundred sheep. One day, he took the sheep to the riverside. There was a lot of grass there for the sheep. In the evening, the shepherd took them back home. He counted the sheep. There were only ninety-nine! One sheep was lost. The shepherd was sad.",60.62,0.7538,0.1231,0.1231,0.0615,0.2462,48.5,26,4,26,60.62
3a20f,D:\Main_Project\Multimodal_NDD_Prediction\dyslexia_screening\data/mps/mps_dataset\audios\3a20f_EN-OL-RC-234_1.wav,3,"Once, there lived a shepherd in a village. He was a kind and good man. He had a hundred sheep. One day, he took the sheep to the riverside. There was a lot of grass there for the sheep. In the evening, the shepherd took them back home. He counted the sheep. There were only ninety-nine! One sheep was lost. The shepherd was sad.",43.26,0.9385,0.0615,0.0,0.0462,0.0615,84.6,17,2,17,43.26
3a21b,D:\Main_Project\Multimodal_NDD_Prediction\dyslexia_screening\data/mps/mps_dataset\audios\3a21b_EN-OL-RC-234_2.wav,3,"He went out looking for the lost sheep. He walked all the way back to the river. At last, late in the night, he found the sheep in a bush. The bush was full of thorns. He got the sheep out and carried it home. He was happy. He showed the sheep to his friends. All of them were happy too.",57.17,0.8689,0.1311,0.0,0.0492,0.1311,55.62,24,4,24,57.17
3a21c,D:\Main_Project\Multimodal_NDD_Prediction\dyslexia_screening\data/mps/mps_dataset\audios\3a21c_EN-OL-RC-234_1.wav,3,"Once, there lived a shepherd in a village. He was a kind and good man. He had a hundred sheep. One day, he took the sheep to the riverside. There was a lot of grass there for the sheep. In the evening, the shepherd took them back home. He counted the sheep. There were only ninety-nine! One sheep was lost. The shepherd was sad.",45.89,0.8769,0.1231,0.0,0.0308,0.1231,74.53,0,0,0,45.89
3a21c,D:\Main_Project\Multimodal_NDD_Prediction\dyslexia_screening\data/mps/mps_dataset\audios\3a21c_EN-OL-RC-234_2.wav,3,"He went out looking for the lost sheep. He walked all the way back to the river. At last, late in the night, he found the sheep in a bush. The bush was full of thorns. He got the sheep out and carried it home. He was happy. He showed the sheep to his friends. All of them were happy too.",40.07,0.8689,0.1148,0.0164,0.0328,0.1311,79.36,0,0,0,40.07
3a21f,D:\Main_Project\Multimodal_NDD_Prediction\dyslexia_screening\data/mps/mps_dataset\audios\3a21f_EN-OL-RC-234_1.wav,3,"Once, there lived a shepherd in a village. He was a kind and good man. He had a hundred sheep. One day, he took the sheep to the riverside. There was a lot of grass there for the sheep. In the evening, the shepherd took them back home. He counted the sheep. There were only ninety-nine! One sheep was lost. The shepherd was sad.",46.18,0.8923,0.1077,0.0,0.0154,0.1077,75.36,25,3,25,46.18
3a22b,D:\Main_Project\Multimodal_NDD_Prediction\dyslexia_screening\data/mps/mps_dataset\audios\3a22b_EN-OL-RC-234_1.wav,3,"Once, there lived a shepherd in a village. He was a kind and good man. He had a hundred sheep. One day, he took the sheep to the riverside. There was a lot of grass there for the sheep. In the evening, the shepherd took them back home. He counted the sheep. There were only ninety-nine! One sheep was lost. The shepherd was sad.",48.44,0.9538,0.0462,0.0,0.0615,0.0462,76.8,14,1,14,48.44
3a22c,D:\Main_Project\Multimodal_NDD_Prediction\dyslexia_screening\data/mps/mps_dataset\audios\3a22c_EN-OL-RC-234_1.wav,3,"Once, there lived a shepherd in a village. He was a kind and good man. He had a hundred sheep. One day, he took the sheep to the riverside. There was a lot of grass there for the sheep. In the evening, the shepherd took them back home. He counted the sheep. There were only ninety-nine! One sheep was lost. The shepherd was sad.",38.8,0.6923,0.2923,0.0154,0.0462,0.3077,69.59,0,0,0,38.8
3a22c,D:\Main_Project\Multimodal_NDD_Prediction\dyslexia_screening\data/mps/mps_dataset\audios\3a22c_EN-OL-RC-234_2.wav,3,"He went out looking for the lost sheep. He walked all the way back to the river. At last, late in the night, he found the sheep in a bush. The bush was full of thorns. He got the sheep out and carried it home. He was happy. He showed the sheep to his friends. All of them were happy too.",31.73,0.8852,0.1148,0.0,0.0328,0.1148,102.11,0,0,0,31.73
3a22k,D:\Main_Project\Multimodal_NDD_Prediction\dyslexia_screening\data/mps/mps_dataset\audios\3a22k_EN-OL-RC-234_1.wav,3,"Once, there lived a shepherd in a village. He was a kind and good man. He had a hundred sheep. One day, he took the sheep to the riverside. There was a lot of grass there for the sheep. In the evening, the shepherd took them back home. He counted the sheep. There were only ninety-nine! One sheep was lost. The shepherd was sad.",23.3,0.9538,0.0462,0.0,0.0,0.0462,159.66,0,0,0,23.3
3a22k,D:\Main_Project\Multimodal_NDD_Prediction\dyslexia_screening\data/mps/mps_dataset\audios\3a22k_EN-OL-RC-234_2.wav,3,"He went out looking for the lost sheep. He walked all the way back to the river. At last, late in the night, he found the sheep in a bush. The bush was full of thorns. He got the sheep out and carried it home. He was happy. He showed the sheep to his friends. All of them were happy too.",23.72,0.8852,0.1148,0.0,0.0,0.1148,136.59,1,0,1,23.72
3a23a,D:\Main_Project\Multimodal_NDD_Prediction\dyslexia_screening\data/mps/mps_dataset\audios\3a23a_EN-OL-RC-234_2.wav,3,"He went out looking for the lost sheep. He walked all the way back to the river. At last, late in the night, he found the sheep in a bush. The bush was full of thorns. He got the sheep out and carried it home. He was happy. He showed the sheep to his friends. All of them were happy too.",37.7,0.8033,0.1967,0.0,0.0,0.1967,77.98,0,0,0,37.7
3a23c,D:\Main_Project\Multimodal_NDD_Prediction\dyslexia_screening\data/mps/mps_dataset\audios\3a23c_EN-OL-RC-234_1.wav,3,"Once, there lived a shepherd in a village. He was a kind and good man. He had a hundred sheep. One day, he took the sheep to the riverside. There was a lot of grass there for the sheep. In the evening, the shepherd took them back home. He counted the sheep. There were only ninety-nine! One sheep was lost. The shepherd was sad.",50.27,0.9385,0.0615,0.0,0.0,0.0615,72.81,0,0,0,50.27
3a23c,D:\Main_Project\Multimodal_NDD_Prediction\dyslexia_screening\data/mps/mps_dataset\audios\3a23c_EN-OL-RC-234_2.wav,3,"He went out looking for the lost sheep. He walked all the way back to the river. At last, late in the night, he found the sheep in a bush. The bush was full of thorns. He got the sheep out and carried it home. He was happy. He showed the sheep to his friends. All of them were happy too.",43.49,0.918,0.082,0.0,0.0,0.082,77.26,0,0,0,43.49
3a23e,D:\Main_Project\Multimodal_NDD_Prediction\dyslexia_screening\data/mps/mps_dataset\audios\3a23e_EN-OL-RC-234_2.wav,3,"He went out looking for the lost sheep. He walked all the way back to the river. At last, late in the night, he found the sheep in a bush. The bush was full of thorns. He got the sheep out and carried it home. He was happy. He showed the sheep to his friends. All of them were happy too.",40.7,0.7869,0.1803,0.0328,0.0328,0.2131,70.76,15,3,15,40.7
3a24b,D:\Main_Project\Multimodal_NDD_Prediction\dyslexia_screening\data/mps/mps_dataset\audios\3a24b_EN-OL-RC-234_2.wav,3,"He went out looking for the lost sheep. He walked all the way back to the river. At last, late in the night, he found the sheep in a bush. The bush was full of thorns. He got the sheep out and carried it home. He was happy. He showed the sheep to his friends. All of them were happy too.",51.14,0.7705,0.2295,0.0,0.0328,0.2295,55.14,27,3,27,51.14
3a24g,D:\Main_Project\Multimodal_NDD_Prediction\dyslexia_screening\data/mps/mps_dataset\audios\3a24g_EN-OL-RC-234_1.wav,3,"Once, there lived a shepherd in a village. He was a kind and good man. He had a hundred sheep. One day, he took the sheep to the riverside. There was a lot of grass there for the sheep. In the evening, the shepherd took them back home. He counted the sheep. There were only ninety-nine! One sheep was lost. The shepherd was sad.",51.98,0.9385,0.0462,0.0154,0.0154,0.0615,70.41,1,0,1,51.98
3a25c,D:\Main_Project\Multimodal_NDD_Prediction\dyslexia_screening\data/mps/mps_dataset\audios\3a25c_EN-OL-RC-234_1.wav,3,"Once, there lived a shepherd in a village. He was a kind and good man. He had a hundred sheep. One day, he took the sheep to the riverside. There was a lot of grass there for the sheep. In the evening, the shepherd took them back home. He counted the sheep. There were only ninety-nine! One sheep was lost. The shepherd was sad.",24.05,0.9385,0.0308,0.0308,0.0,0.0615,152.18,0,0,0,24.05
3a25c,D:\Main_Project\Multimodal_NDD_Prediction\dyslexia_screening\data/mps/mps_dataset\audios\3a25c_EN-OL-RC-234_2.wav,3,"He went out looking for the lost sheep. He walked all the way back to the river. At last, late in the night, he found the sheep in a bush. The bush was full of thorns. He got the sheep out and carried it home. He was happy. He showed the sheep to his friends. All of them were happy too.",25.04,0.9836,0.0164,0.0,0.0164,0.0164,143.77,0,0,0,25.04
3a25k,D:\Main_Project\Multimodal_NDD_Prediction\dyslexia_screening\data/mps/mps_dataset\audios\3a25k_EN-OL-RC-234_2.wav,3,"He went out looking for the lost sheep. He walked all the way back to the river. At last, late in the night, he found the sheep in a bush. The bush was full of thorns. He got the sheep out and carried it home. He was happy. He showed the sheep to his friends. All of them were happy too.",49.85,0.8361,0.1639,0.0,0.082,0.1639,61.38,19,3,19,49.85
3a26f,D:\Main_Project\Multimodal_NDD_Prediction\dyslexia_screening\data/mps/mps_dataset\audios\3a26f_EN-OL-RC-234_1.wav,3,"Once, there lived a shepherd in a village. He was a kind and good man. He had a hundred sheep. One day, he took the sheep to the riverside. There was a lot of grass there for the sheep. In the evening, the shepherd took them back home. He counted the sheep. There were only ninety-nine! One sheep was lost. The shepherd was sad.",53.72,0.9077,0.0923,0.0,0.0615,0.0923,65.9,12,0,12,53.72
3a26k,D:\Main_Project\Multimodal_NDD_Prediction\dyslexia_screening\data/mps/mps_dataset\audios\3a26k_EN-OL-RC-234_1.wav,3,"Once, there lived a shepherd in a village. He was a kind and good man. He had a hundred sheep. One day, he took the sheep to the riverside. There was a lot of grass there for the sheep. In the evening, the shepherd took them back home. He counted the sheep. There were only ninety-nine! One sheep was lost. The shepherd was sad.",48.2,0.9385,0.0615,0.0,0.0154,0.0615,75.93,14,1,14,48.2
3a27c,D:\Main_Project\Multimodal_NDD_Prediction\dyslexia_screening\data/mps/mps_dataset\audios\3a27c_EN-OL-RC-234_1.wav,3,"Once, there lived a shepherd in a village. He was a kind and good man. He had a hundred sheep. One day, he took the sheep to the riverside. There was a lot of grass there for the sheep. In the evening, the shepherd took them back home. He counted the sheep. There were only ninety-nine! One sheep was lost. The shepherd was sad.",43.07,0.9385,0.0615,0.0,0.0,0.0615,84.98,0,0,0,43.07
3a27c,D:\Main_Project\Multimodal_NDD_Prediction\dyslexia_screening\data/mps/mps_dataset\audios\3a27c_EN-OL-RC-234_2.wav,3,"He went out looking for the lost sheep. He walked all the way back to the river. At last, late in the night, he found the sheep in a bush. The bush was full of thorns. He got the sheep out and carried it home. He was happy. He showed the sheep to his friends. All of them were happy too.",34.25,1.0,0.0,0.0,0.0,0.0,106.86,0,0,0,34.25
3a27f,D:\Main_Project\Multimodal_NDD_Prediction\dyslexia_screening\data/mps/mps_dataset\audios\3a27f_EN-OL-RC-234_1.wav,3,"Once, there lived a shepherd in a village. He was a kind and good man. He had a hundred sheep. One day, he took the sheep to the riverside. There was a lot of grass there for the sheep. In the evening, the shepherd took them back home. He counted the sheep. There were only ninety-nine! One sheep was lost. The shepherd was sad.",46.46,0.9077,0.0923,0.0,0.0615,0.0923,76.19,9,0,9,46.46
3a29c,D:\Main_Project\Multimodal_NDD_Prediction\dyslexia_screening\data/mps/mps_dataset\audios\3a29c_EN-OL-RC-234_1.wav,3,"Once, there lived a shepherd in a village. He was a kind and good man. He had a hundred sheep. One day, he took the sheep to the riverside. There was a lot of grass there for the sheep. In the evening, the shepherd took them back home. He counted the sheep. There were only ninety-nine! One sheep was lost. The shepherd was sad.",29.59,1.0,0.0,0.0,0.0,0.0,131.8,0,0,0,29.59
3a29e,D:\Main_Project\Multimodal_NDD_Prediction\dyslexia_screening\data/mps/mps_dataset\audios\3a29e_EN-OL-RC-234_1.wav,3,"Once, there lived a shepherd in a village. He was a kind and good man. He had a hundred sheep. One day, he took the sheep to the riverside. There was a lot of grass there for the sheep. In the evening, the shepherd took them back home. He counted the sheep. There were only ninety-nine! One sheep was lost. The shepherd was sad.",46.13,0.8,0.2,0.0,0.0,0.2,67.63,17,1,17,46.13
3a2b,D:\Main_Project\Multimodal_NDD_Prediction\dyslexia_screening\data/mps/mps_dataset\audios\3a2b_EN-OL-RC-234_1.wav,3,"Once, there lived a shepherd in a village. He was a kind and good man. He had a hundred sheep. One day, he took the sheep to the riverside. There was a lot of grass there for the sheep. In the evening, the shepherd took them back home. He counted the sheep. There were only ninety-nine! One sheep was lost. The shepherd was sad.",44.03,0.9231,0.0769,0.0,0.0308,0.0769,81.76,9,1,9,44.03
3a2c,D:\Main_Project\Multimodal_NDD_Prediction\dyslexia_screening\data/mps/mps_dataset\audios\3a2c_EN-OL-RC-234_1.wav,3,"Once, there lived a shepherd in a village. He was a kind and good man. He had a hundred sheep. One day, he took the sheep to the riverside. There was a lot of grass there for the sheep. In the evening, the shepherd took them back home. He counted the sheep. There were only ninety-nine! One sheep was lost. The shepherd was sad.",53.71,0.9231,0.0769,0.0,0.0308,0.0769,67.03,0,0,0,53.71
3a2c,D:\Main_Project\Multimodal_NDD_Prediction\dyslexia_screening\data/mps/mps_dataset\audios\3a2c_EN-OL-RC-234_2.wav,3,"He went out looking for the lost sheep. He walked all the way back to the river. At last, late in the night, he found the sheep in a bush. The bush was full of thorns. He got the sheep out and carried it home. He was happy. He showed the sheep to his friends. All of them were happy too.",44.66,0.9508,0.0492,0.0,0.0328,0.0492,77.92,0,0,0,44.66
3a2g,D:\Main_Project\Multimodal_NDD_Prediction\dyslexia_screening\data/mps/mps_dataset\audios\3a2g_EN-OL-RC-234_1.wav,3,"Once, there lived a shepherd in a village. He was a kind and good man. He had a hundred sheep. One day, he took the sheep to the riverside. There was a lot of grass there for the sheep. In the evening, the shepherd took them back home. He counted the sheep. There were only ninety-nine! One sheep was lost. The shepherd was sad.",38.66,0.8308,0.1692,0.0,0.0308,0.1692,83.81,0,0,0,38.66
3a2g,D:\Main_Project\Multimodal_NDD_Prediction\dyslexia_screening\data/mps/mps_dataset\audios\3a2g_EN-OL-RC-234_2.wav,3,"He went out looking for the lost sheep. He walked all the way back to the river. At last, late in the night, he found the sheep in a bush. The bush was full of thorns. He got the sheep out and carried it home. He was happy. He showed the sheep to his friends. All of them were happy too.",42.8,0.8361,0.1639,0.0,0.0492,0.1639,71.5,0,0,0,42.8
3a2h,D:\Main_Project\Multimodal_NDD_Prediction\dyslexia_screening\data/mps/mps_dataset\audios\3a2h_EN-OL-RC-234_2.wav,3,"He went out looking for the lost sheep. He walked all the way back to the river. At last, late in the night, he found the sheep in a bush. The bush was full of thorns. He got the sheep out and carried it home. He was happy. He showed the sheep to his friends. All of them were happy too.",41.99,0.9016,0.0984,0.0,0.0164,0.0984,78.59,9,1,9,41.99
3a30b,D:\Main_Project\Multimodal_NDD_Prediction\dyslexia_screening\data/mps/mps_dataset\audios\3a30b_EN-OL-RC-234_2.wav,3,"He went out looking for the lost sheep. He walked all the way back to the river. At last, late in the night, he found the sheep in a bush. The bush was full of thorns. He got the sheep out and carried it home. He was happy. He showed the sheep to his friends. All of them were happy too.",44.12,0.9672,0.0328,0.0,0.0492,0.0328,80.24,16,2,16,44.12
3a30c,D:\Main_Project\Multimodal_NDD_Prediction\dyslexia_screening\data/mps/mps_dataset\audios\3a30c_EN-OL-RC-234_1.wav,3,"Once, there lived a shepherd in a village. He was a kind and good man. He had a hundred sheep. One day, he took the sheep to the riverside. There was a lot of grass there for the sheep. In the evening, the shepherd took them back home. He counted the sheep. There were only ninety-nine! One sheep was lost. The shepherd was sad.",34.81,0.9385,0.0462,0.0154,0.0,0.0615,105.14,0,0,0,34.81
3a31c,D:\Main_Project\Multimodal_NDD_Prediction\dyslexia_screening\data/mps/mps_dataset\audios\3a31c_EN-OL-RC-234_1.wav,3,"Once, there lived a shepherd in a village. He was a kind and good man. He had a hundred sheep. One day, he took the sheep to the riverside. There was a lot of grass there for the sheep. In the evening, the shepherd took them back home. He counted the sheep. There were only ninety-nine! One sheep was lost. The shepherd was sad.",23.54,0.9692,0.0308,0.0,0.0,0.0308,160.58,0,0,0,23.54
3a31f,D:\Main_Project\Multimodal_NDD_Prediction\dyslexia_screening\data/mps/mps_dataset\audios\3a31f_EN-OL-RC-234_1.wav,3,"Once, there lived a shepherd in a village. He was a kind and good man. He had a hundred sheep. One day, he took the sheep to the riverside. There was a lot of grass there for the sheep. In the evening, the shepherd took them back home. He counted the sheep. There were only ninety-nine! One sheep was lost. The shepherd was sad.",33.65,0.9385,0.0615,0.0,0.0154,0.0615,108.77,8,0,8,33.65
3a31f,D:\Main_Project\Multimodal_NDD_Prediction\dyslexia_screening\data/mps/mps_dataset\audios\3a31f_EN-OL-RC-234_2.wav,3,"He went out looking for the lost sheep. He walked all the way back to the river. At last, late in the night, he found the sheep in a bush. The bush was full of thorns. He got the sheep out and carried it home. He was happy. He showed the sheep to his friends. All of them were happy too.",29.69,0.9836,0.0164,0.0,0.0,0.0164,121.25,9,0,9,29.69
3a31k,D:\Main_Project\Multimodal_NDD_Prediction\dyslexia_screening\data/mps/mps_dataset\audios\3a31k_EN-OL-RC-234_1.wav,3,"Once, there lived a shepherd in a village. He was a kind and good man. He had a hundred sheep. One day, he took the sheep to the riverside. There was a lot of grass there for the sheep. In the evening, the shepherd took them back home. He counted the sheep. There were only ninety-nine! One sheep was lost. The shepherd was sad.",54.95,0.9385,0.0615,0.0,0.0154,0.0615,66.61,2,0,2,54.95
3a32b,D:\Main_Project\Multimodal_NDD_Prediction\dyslexia_screening\data/mps/mps_dataset\audios\3a32b_EN-OL-RC-234_1.wav,3,"Once, there lived a shepherd in a village. He was a kind and good man. He had a hundred sheep. One day, he took the sheep to the riverside. There was a lot of grass there for the sheep. In the evening, the shepherd took them back home. He counted the sheep. There were only ninety-nine! One sheep was lost. The shepherd was sad.",43.19,0.8769,0.1077,0.0154,0.0154,0.1231,79.18,2,0,2,43.19
3a32b,D:\Main_Project\Multimodal_NDD_Prediction\dyslexia_screening\data/mps/mps_dataset\audios\3a32b_EN-OL-RC-234_2.wav,3,"He went out looking for the lost sheep. He walked all the way back to the river. At last, late in the night, he found the sheep in a bush. The bush was full of thorns. He got the sheep out and carried it home. He was happy. He showed the sheep to his friends. All of them were happy too.",38.09,0.9344,0.0492,0.0164,0.0,0.0656,89.79,1,0,1,38.09
3a32c,D:\Main_Project\Multimodal_NDD_Prediction\dyslexia_screening\data/mps/mps_dataset\audios\3a32c_EN-OL-RC-234_1.wav,3,"Once, there lived a shepherd in a village. He was a kind and good man. He had a hundred sheep. One day, he took the sheep to the riverside. There was a lot of grass there for the sheep. In the evening, the shepherd took them back home. He counted the sheep. There were only ninety-nine! One sheep was lost. The shepherd was sad.",47.83,0.9231,0.0769,0.0,0.0154,0.0769,75.27,3,0,3,47.83
3a32c,D:\Main_Project\Multimodal_NDD_Prediction\dyslexia_screening\data/mps/mps_dataset\audios\3a32c_EN-OL-RC-234_2.wav,3,"He went out looking for the lost sheep. He walked all the way back to the river. At last, late in the night, he found the sheep in a bush. The bush was full of thorns. He got the sheep out and carried it home. He was happy. He showed the sheep to his friends. All of them were happy too.",41.75,0.8525,0.1311,0.0164,0.0164,0.1475,74.73,5,0,5,41.75
3a32f,D:\Main_Project\Multimodal_NDD_Prediction\dyslexia_screening\data/mps/mps_dataset\audios\3a32f_EN-OL-RC-234_1.wav,3,"Once, there lived a shepherd in a village. He was a kind and good man. He had a hundred sheep. One day, he took the sheep to the riverside. There was a lot of grass there for the sheep. In the evening, the shepherd took them back home. He counted the sheep. There were only ninety-nine! One sheep was lost. The shepherd was sad.",41.75,0.8308,0.1692,0.0,0.0,0.1692,77.6,15,1,15,41.75
3a33c,D:\Main_Project\Multimodal_NDD_Prediction\dyslexia_screening\data/mps/mps_dataset\audios\3a33c_EN-OL-RC-234_1.wav,3,"Once, there lived a shepherd in a village. He was a kind and good man. He had a hundred sheep. One day, he took the sheep to the riverside. There was a lot of grass there for the sheep. In the evening, the shepherd took them back home. He counted the sheep. There were only ninety-nine! One sheep was lost. The shepherd was sad.",35.36,0.9846,0.0154,0.0,0.0154,0.0154,108.6,0,0,0,35.36
3a33c,D:\Main_Project\Multimodal_NDD_Prediction\dyslexia_screening\data/mps/mps_dataset\audios\3a33c_EN-OL-RC-234_2.wav,3,"He went out looking for the lost sheep. He walked all the way back to the river. At last, late in the night, he found the sheep in a bush. The bush was full of thorns. He got the sheep out and carried it home. He was happy. He showed the sheep to his friends. All of them were happy too.",29.33,0.9508,0.0328,0.0164,0.0,0.0492,118.65,1,0,1,29.33
3a33f,D:\Main_Project\Multimodal_NDD_Prediction\dyslexia_screening\data/mps/mps_dataset\audios\3a33f_EN-OL-RC-234_1.wav,3,"Once, there lived a shepherd in a village. He was a kind and good man. He had a hundred sheep. One day, he took the sheep to the riverside. There was a lot of grass there for the sheep. In the evening, the shepherd took them back home. He counted the sheep. There were only ninety-nine! One sheep was lost. The shepherd was sad.",35.63,0.9846,0.0154,0.0,0.0154,0.0154,107.77,10,0,10,35.63
3a33f,D:\Main_Project\Multimodal_NDD_Prediction\dyslexia_screening\data/mps/mps_dataset\audios\3a33f_EN-OL-RC-234_2.wav,3,"He went out looking for the lost sheep. He walked all the way back to the river. At last, late in the night, he found the sheep in a bush. The bush was full of thorns. He got the sheep out and carried it home. He was happy. He showed the sheep to his friends. All of them were happy too.",38.3,0.918,0.082,0.0,0.0328,0.082,87.73,19,0,19,38.3
3a33g,D:\Main_Project\Multimodal_NDD_Prediction\dyslexia_screening\data/mps/mps_dataset\audios\3a33g_EN-OL-RC-234_1.wav,3,"Once, there lived a shepherd in a village. He was a kind and good man. He had a hundred sheep. One day, he took the sheep to the riverside. There was a lot of grass there for the sheep. In the evening, the shepherd took them back home. He counted the sheep. There were only ninety-nine! One sheep was lost. The shepherd was sad.",31.31,0.9385,0.0615,0.0,0.0,0.0615,116.9,0,0,0,31.31
3a33g,D:\Main_Project\Multimodal_NDD_Prediction\dyslexia_screening\data/mps/mps_dataset\audios\3a33g_EN-OL-RC-234_2.wav,3,"He went out looking for the lost sheep. He walked all the way back to the river. At last, late in the night, he found the sheep in a bush. The bush was full of thorns. He got the sheep out and carried it home. He was happy. He showed the sheep to his friends. All of them were happy too.",28.28,0.9836,0.0164,0.0,0.0164,0.0164,127.3,0,0,0,28.28
3a34c,D:\Main_Project\Multimodal_NDD_Prediction\dyslexia_screening\data/mps/mps_dataset\audios\3a34c_EN-OL-RC-234_1.wav,3,"Once, there lived a shepherd in a village. He was a kind and good man. He had a hundred sheep. One day, he took the sheep to the riverside. There was a lot of grass there for the sheep. In the evening, the shepherd took them back home. He counted the sheep. There were only ninety-nine! One sheep was lost. The shepherd was sad.",29.77,0.9846,0.0154,0.0,0.0,0.0154,128.99,0,0,0,29.77
3a34c,D:\Main_Project\Multimodal_NDD_Prediction\dyslexia_screening\data/mps/mps_dataset\audios\3a34c_EN-OL-RC-234_2.wav,3,"He went out looking for the lost sheep. He walked all the way back to the river. At last, late in the night, he found the sheep in a bush. The bush was full of thorns. He got the sheep out and carried it home. He was happy. He showed the sheep to his friends. All of them were happy too.",22.97,1.0,0.0,0.0,0.0,0.0,159.34,0,0,0,22.97
3a34g,D:\Main_Project\Multimodal_NDD_Prediction\dyslexia_screening\data/mps/mps_dataset\audios\3a34g_EN-OL-RC-234_2.wav,3,"He went out looking for the lost sheep. He walked all the way back to the river. At last, late in the night, he found the sheep in a bush. The bush was full of thorns. He got the sheep out and carried it home. He was happy. He showed the sheep to his friends. All of them were happy too.",59.51,0.918,0.082,0.0,0.0984,0.082,56.46,1,0,1,59.51
3a34k,D:\Main_Project\Multimodal_NDD_Prediction\dyslexia_screening\data/mps/mps_dataset\audios\3a34k_EN-OL-RC-234_1.wav,3,"Once, there lived a shepherd in a village. He was a kind and good man. He had a hundred sheep. One day, he took the sheep to the riverside. There was a lot of grass there for the sheep. In the evening, the shepherd took them back home. He counted the sheep. There were only ninety-nine! One sheep was lost. The shepherd was sad.",48.79,0.9385,0.0615,0.0,0.0462,0.0615,75.02,7,1,7,48.79
3a34k,D:\Main_Project\Multimodal_NDD_Prediction\dyslexia_screening\data/mps/mps_dataset\audios\3a34k_EN-OL-RC-234_2.wav,3,"He went out looking for the lost sheep. He walked all the way back to the river. At last, late in the night, he found the sheep in a bush. The bush was full of thorns. He got the sheep out and carried it home. He was happy. He showed the sheep to his friends. All of them were happy too.",41.15,0.9508,0.0492,0.0,0.0328,0.0492,84.57,11,0,11,41.15
3a35a,D:\Main_Project\Multimodal_NDD_Prediction\dyslexia_screening\data/mps/mps_dataset\audios\3a35a_EN-OL-RC-234_1.wav,3,"Once, there lived a shepherd in a village. He was a kind and good man. He had a hundred sheep. One day, he took the sheep to the riverside. There was a lot of grass there for the sheep. In the evening, the shepherd took them back home. He counted the sheep. There were only ninety-nine! One sheep was lost. The shepherd was sad.",46.8,0.8923,0.0615,0.0462,0.0,0.1077,74.36,3,0,3,46.8
3a35b,D:\Main_Project\Multimodal_NDD_Prediction\dyslexia_screening\data/mps/mps_dataset\audios\3a35b_EN-OL-RC-234_2.wav,3,"He went out looking for the lost sheep. He walked all the way back to the river. At last, late in the night, he found the sheep in a bush. The bush was full of thorns. He got the sheep out and carried it home. He was happy. He showed the sheep to his friends. All of them were happy too.",47.0,0.918,0.082,0.0,0.0656,0.082,71.49,15,0,15,47.0
3a35c,D:\Main_Project\Multimodal_NDD_Prediction\dyslexia_screening\data/mps/mps_dataset\audios\3a35c_EN-OL-RC-234_1.wav,3,"Once, there lived a shepherd in a village. He was a kind and good man. He had a hundred sheep. One day, he took the sheep to the riverside. There was a lot of grass there for the sheep. In the evening, the shepherd took them back home. He counted the sheep. There were only ninety-nine! One sheep was lost. The shepherd was sad.",42.41,0.8769,0.1231,0.0,0.0154,0.1231,80.64,1,0,1,42.41
3a35c,D:\Main_Project\Multimodal_NDD_Prediction\dyslexia_screening\data/mps/mps_dataset\audios\3a35c_EN-OL-RC-234_2.wav,3,"He went out looking for the lost sheep. He walked all the way back to the river. At last, late in the night, he found the sheep in a bush. The bush was full of thorns. He got the sheep out and carried it home. He was happy. He showed the sheep to his friends. All of them were happy too.",34.52,0.8689,0.1311,0.0,0.0,0.1311,92.12,1,0,1,34.52
3a36b,D:\Main_Project\Multimodal_NDD_Prediction\dyslexia_screening\data/mps/mps_dataset\audios\3a36b_EN-OL-RC-234_2.wav,3,"He went out looking for the lost sheep. He walked all the way back to the river. At last, late in the night, he found the sheep in a bush. The bush was full of thorns. He got the sheep out and carried it home. He was happy. He showed the sheep to his friends. All of them were happy too.",39.56,0.8525,0.1475,0.0,0.0164,0.1475,78.87,5,0,5,39.56
3a36f,D:\Main_Project\Multimodal_NDD_Prediction\dyslexia_screening\data/mps/mps_dataset\audios\3a36f_EN-OL-RC-234_1.wav,3,"Once, there lived a shepherd in a village. He was a kind and good man. He had a hundred sheep. One day, he took the sheep to the riverside. There was a lot of grass there for the sheep. In the evening, the shepherd took them back home. He counted the sheep. There were only ninety-nine! One sheep was lost. The shepherd was sad.",45.16,0.8923,0.1077,0.0,0.0,0.1077,77.06,18,3,18,45.16
3a36g,D:\Main_Project\Multimodal_NDD_Prediction\dyslexia_screening\data/mps/mps_dataset\audios\3a36g_EN-OL-RC-234_2.wav,3,"He went out looking for the lost sheep. He walked all the way back to the river. At last, late in the night, he found the sheep in a bush. The bush was full of thorns. He got the sheep out and carried it home. He was happy. He showed the sheep to his friends. All of them were happy too.",58.31,0.7049,0.2951,0.0,0.0492,0.2951,44.25,0,0,0,58.31
3a37a,D:\Main_Project\Multimodal_NDD_Prediction\dyslexia_screening\data/mps/mps_dataset\audios\3a37a_EN-OL-RC-234_2.wav,3,"He went out looking for the lost sheep. He walked all the way back to the river. At last, late in the night, he found the sheep in a bush. The bush was full of thorns. He got the sheep out and carried it home. He was happy. He showed the sheep to his friends. All of them were happy too.",42.97,0.7705,0.2295,0.0,0.0328,0.2295,65.63,0,0,0,42.97
3a37b,D:\Main_Project\Multimodal_NDD_Prediction\dyslexia_screening\data/mps/mps_dataset\audios\3a37b_EN-OL-RC-234_1.wav,3,"Once, there lived a shepherd in a village. He was a kind and good man. He had a hundred sheep. One day, he took the sheep to the riverside. There was a lot of grass there for the sheep. In the evening, the shepherd took them back home. He counted the sheep. There were only ninety-nine! One sheep was lost. The shepherd was sad.",41.81,0.9538,0.0462,0.0,0.0,0.0462,88.97,16,0,16,41.81
3a37b,D:\Main_Project\Multimodal_NDD_Prediction\dyslexia_screening\data/mps/mps_dataset\audios\3a37b_EN-OL-RC-234_2.wav,3,"He went out looking for the lost sheep. He walked all the way back to the river. At last, late in the night, he found the sheep in a bush. The bush was full of thorns. He got the sheep out and carried it home. He was happy. He showed the sheep to his friends. All of them were happy too.",42.08,0.9672,0.0328,0.0,0.0492,0.0328,84.13,15,1,15,42.08
3a37c,D:\Main_Project\Multimodal_NDD_Prediction\dyslexia_screening\data/mps/mps_dataset\audios\3a37c_EN-OL-RC-234_1.wav,3,"Once, there lived a shepherd in a village. He was a kind and good man. He had a hundred sheep. One day, he took the sheep to the riverside. There was a lot of grass there for the sheep. In the evening, the shepherd took them back home. He counted the sheep. There were only ninety-nine! One sheep was lost. The shepherd was sad.",27.14,0.9077,0.0769,0.0154,0.0,0.0923,130.43,0,0,0,27.14
3a37f,D:\Main_Project\Multimodal_NDD_Prediction\dyslexia_screening\data/mps/mps_dataset\audios\3a37f_EN-OL-RC-234_1.wav,3,"Once, there lived a shepherd in a village. He was a kind and good man. He had a hundred sheep. One day, he took the sheep to the riverside. There was a lot of grass there for the sheep. In the evening, the shepherd took them back home. He counted the sheep. There were only ninety-nine! One sheep was lost. The shepherd was sad.",30.61,0.9231,0.0462,0.0308,0.0,0.0769,117.61,5,0,5,30.61
3a37f,D:\Main_Project\Multimodal_NDD_Prediction\dyslexia_screening\data/mps/mps_dataset\audios\3a37f_EN-OL-RC-234_2.wav,3,"He went out looking for the lost sheep. He walked all the way back to the river. At last, late in the night, he found the sheep in a bush. The bush was full of thorns. He got the sheep out and carried it home. He was happy. He showed the sheep to his friends. All of them were happy too.",32.0,0.8689,0.0984,0.0328,0.0164,0.1311,99.38,5,0,5,32.0
3a37g,D:\Main_Project\Multimodal_NDD_Prediction\dyslexia_screening\data/mps/mps_dataset\audios\3a37g_EN-OL-RC-234_1.wav,3,"Once, there lived a shepherd in a village. He was a kind and good man. He had a hundred sheep. One day, he took the sheep to the riverside. There was a lot of grass there for the sheep. In the evening, the shepherd took them back home. He counted the sheep. There were only ninety-nine! One sheep was lost. The shepherd was sad.",45.68,0.9385,0.0615,0.0,0.0308,0.0615,80.12,2,0,2,45.68
3a37g,D:\Main_Project\Multimodal_NDD_Prediction\dyslexia_screening\data/mps/mps_dataset\audios\3a37g_EN-OL-RC-234_2.wav,3,"He went out looking for the lost sheep. He walked all the way back to the river. At last, late in the night, he found the sheep in a bush. The bush was full of thorns. He got the sheep out and carried it home. He was happy. He showed the sheep to his friends. All of them were happy too.",42.29,0.9672,0.0328,0.0,0.0164,0.0328,83.71,2,0,2,42.29
3a38a,D:\Main_Project\Multimodal_NDD_Prediction\dyslexia_screening\data/mps/mps_dataset\audios\3a38a_EN-OL-RC-234_2.wav,3,"He went out looking for the lost sheep. He walked all the way back to the river. At last, late in the night, he found the sheep in a bush. The bush was full of thorns. He got the sheep out and carried it home. He was happy. He showed the sheep to his friends. All of them were happy too.",43.16,0.918,0.0656,0.0164,0.0164,0.082,77.85,0,0,0,43.16
3a38c,D:\Main_Project\Multimodal_NDD_Prediction\dyslexia_screening\data/mps/mps_dataset\audios\3a38c_EN-OL-RC-234_2.wav,3,"He went out looking for the lost sheep. He walked all the way back to the river. At last, late in the night, he found the sheep in a bush. The bush was full of thorns. He got the sheep out and carried it home. He was happy. He showed the sheep to his friends. All of them were happy too.",58.37,0.9344,0.0656,0.0,0.0492,0.0656,58.59,0,0,0,58.37
3a38f,D:\Main_Project\Multimodal_NDD_Prediction\dyslexia_screening\data/mps/mps_dataset\audios\3a38f_EN-OL-RC-234_1.wav,3,"Once, there lived a shepherd in a village. He was a kind and good man. He had a hundred sheep. One day, he took the sheep to the riverside. There was a lot of grass there for the sheep. In the evening, the shepherd took them back home. He counted the sheep. There were only ninety-nine! One sheep was lost. The shepherd was sad.",42.9,1.0,0.0,0.0,0.0,0.0,90.91,21,0,21,42.9
3a38g,D:\Main_Project\Multimodal_NDD_Prediction\dyslexia_screening\data/mps/mps_dataset\audios\3a38g_EN-OL-RC-234_1.wav,3,"Once, there lived a shepherd in a village. He was a kind and good man. He had a hundred sheep. One day, he took the sheep to the riverside. There was a lot of grass there for the sheep. In the evening, the shepherd took them back home. He counted the sheep. There were only ninety-nine! One sheep was lost. The shepherd was sad.",58.25,0.9077,0.0923,0.0,0.0154,0.0923,60.77,20,2,20,58.25
3a39g,D:\Main_Project\Multimodal_NDD_Prediction\dyslexia_screening\data/mps/mps_dataset\audios\3a39g_EN-OL-RC-234_1.wav,3,"Once, there lived a shepherd in a village. He was a kind and good man. He had a hundred sheep. One day, he took the sheep to the riverside. There was a lot of grass there for the sheep. In the evening, the shepherd took them back home. He counted the sheep. There were only ninety-nine! One sheep was lost. The shepherd was sad.",43.37,0.9692,0.0308,0.0,0.0923,0.0308,87.16,2,0,2,43.37
3a39g,D:\Main_Project\Multimodal_NDD_Prediction\dyslexia_screening\data/mps/mps_dataset\audios\3a39g_EN-OL-RC-234_2.wav,3,"He went out looking for the lost sheep. He walked all the way back to the river. At last, late in the night, he found the sheep in a bush. The bush was full of thorns. He got the sheep out and carried it home. He was happy. He showed the sheep to his friends. All of them were happy too.",50.21,0.9508,0.0492,0.0,0.082,0.0492,69.31,7,0,7,50.21
3a3f,D:\Main_Project\Multimodal_NDD_Prediction\dyslexia_screening\data/mps/mps_dataset\audios\3a3f_EN-OL-RC-234_1.wav,3,"Once, there lived a shepherd in a village. He was a kind and good man. He had a hundred sheep. One day, he took the sheep to the riverside. There was a lot of grass there for the sheep. In the evening, the shepherd took them back home. He counted the sheep. There were only ninety-nine! One sheep was lost. The shepherd was sad.",44.96,0.8769,0.1231,0.0,0.0462,0.1231,76.07,13,0,13,44.96
3a40g,D:\Main_Project\Multimodal_NDD_Prediction\dyslexia_screening\data/mps/mps_dataset\audios\3a40g_EN-OL-RC-234_2.wav,3,"He went out looking for the lost sheep. He walked all the way back to the river. At last, late in the night, he found the sheep in a bush. The bush was full of thorns. He got the sheep out and carried it home. He was happy. He showed the sheep to his friends. All of them were happy too.",34.31,0.9836,0.0164,0.0,0.0164,0.0164,104.93,0,0,0,34.31
3a41b,D:\Main_Project\Multimodal_NDD_Prediction\dyslexia_screening\data/mps/mps_dataset\audios\3a41b_EN-OL-RC-234_1.wav,3,"Once, there lived a shepherd in a village. He was a kind and good man. He had a hundred sheep. One day, he took the sheep to the riverside. There was a lot of grass there for the sheep. In the evening, the shepherd took them back home. He counted the sheep. There were only ninety-nine! One sheep was lost. The shepherd was sad.",53.16,0.8769,0.1231,0.0,0.0308,0.1231,64.33,20,1,20,53.16
3a41b,D:\Main_Project\Multimodal_NDD_Prediction\dyslexia_screening\data/mps/mps_dataset\audios\3a41b_EN-OL-RC-234_2.wav,3,"He went out looking for the lost sheep. He walked all the way back to the river. At last, late in the night, he found the sheep in a bush. The bush was full of thorns. He got the sheep out and carried it home. He was happy. He showed the sheep to his friends. All of them were happy too.",46.58,0.9016,0.0984,0.0,0.0164,0.0984,70.85,12,1,12,46.58
3a41g,D:\Main_Project\Multimodal_NDD_Prediction\dyslexia_screening\data/mps/mps_dataset\audios\3a41g_EN-OL-RC-234_1.wav,3,"Once, there lived a shepherd in a village. He was a kind and good man. He had a hundred sheep. One day, he took the sheep to the riverside. There was a lot of grass there for the sheep. In the evening, the shepherd took them back home. He counted the sheep. There were only ninety-nine! One sheep was lost. The shepherd was sad.",37.94,0.9538,0.0308,0.0154,0.0154,0.0462,98.05,5,0,5,37.94
3a41k,D:\Main_Project\Multimodal_NDD_Prediction\dyslexia_screening\data/mps/mps_dataset\audios\3a41k_EN-OL-RC-234_1.wav,3,"Once, there lived a shepherd in a village. He was a kind and good man. He had a hundred sheep. One day, he took the sheep to the riverside. There was a lot of grass there for the sheep. In the evening, the shepherd took them back home. He counted the sheep. There were only ninety-nine! One sheep was lost. The shepherd was sad.",33.59,0.8923,0.1077,0.0,0.0462,0.1077,103.6,3,0,3,33.59
3a41k,D:\Main_Project\Multimodal_NDD_Prediction\dyslexia_screening\data/mps/mps_dataset\audios\3a41k_EN-OL-RC-234_2.wav,3,"He went out looking for the lost sheep. He walked all the way back to the river. At last, late in the night, he found the sheep in a bush. The bush was full of thorns. He got the sheep out and carried it home. He was happy. He showed the sheep to his friends. All of them were happy too.",41.3,0.9016,0.0984,0.0,0.0328,0.0984,79.9,7,2,7,41.3
3a42b,D:\Main_Project\Multimodal_NDD_Prediction\dyslexia_screening\data/mps/mps_dataset\audios\3a42b_EN-OL-RC-234_1.wav,3,"Once, there lived a shepherd in a village. He was a kind and good man. He had a hundred sheep. One day, he took the sheep to the riverside. There was a lot of grass there for the sheep. In the evening, the shepherd took them back home. He counted the sheep. There were only ninety-nine! One sheep was lost. The shepherd was sad.",40.94,0.9231,0.0769,0.0,0.0,0.0769,87.93,14,0,14,40.94
3a42b,D:\Main_Project\Multimodal_NDD_Prediction\dyslexia_screening\data/mps/mps_dataset\audios\3a42b_EN-OL-RC-234_2.wav,3,"He went out looking for the lost sheep. He walked all the way back to the river. At last, late in the night, he found the sheep in a bush. The bush was full of thorns. He got the sheep out and carried it home. He was happy. He showed the sheep to his friends. All of them were happy too.",36.74,0.9672,0.0328,0.0,0.0656,0.0328,96.35,11,0,11,36.74
3a42c,D:\Main_Project\Multimodal_NDD_Prediction\dyslexia_screening\data/mps/mps_dataset\audios\3a42c_EN-OL-RC-234_1.wav,3,"Once, there lived a shepherd in a village. He was a kind and good man. He had a hundred sheep. One day, he took the sheep to the riverside. There was a lot of grass there for the sheep. In the evening, the shepherd took them back home. He counted the sheep. There were only ninety-nine! One sheep was lost. The shepherd was sad.",52.9,0.9385,0.0462,0.0154,0.0308,0.0615,69.19,0,0,0,52.9
3a42f,D:\Main_Project\Multimodal_NDD_Prediction\dyslexia_screening\data/mps/mps_dataset\audios\3a42f_EN-OL-RC-234_1.wav,3,"Once, there lived a shepherd in a village. He was a kind and good man. He had a hundred sheep. One day, he took the sheep to the riverside. There was a lot of grass there for the sheep. In the evening, the shepherd took them back home. He counted the sheep. There were only ninety-nine! One sheep was lost. The shepherd was sad.",37.85,0.9385,0.0615,0.0,0.0,0.0615,96.7,9,0,9,37.85
3a42f,D:\Main_Project\Multimodal_NDD_Prediction\dyslexia_screening\data/mps/mps_dataset\audios\3a42f_EN-OL-RC-234_2.wav,3,"He went out looking for the lost sheep. He walked all the way back to the river. At last, late in the night, he found the sheep in a bush. The bush was full of thorns. He got the sheep out and carried it home. He was happy. He showed the sheep to his friends. All of them were happy too.",35.54,0.9508,0.0492,0.0,0.0164,0.0492,97.92,4,0,4,35.54
3a42g,D:\Main_Project\Multimodal_NDD_Prediction\dyslexia_screening\data/mps/mps_dataset\audios\3a42g_EN-OL-RC-234_1.wav,3,"Once, there lived a shepherd in a village. He was a kind and good man. He had a hundred sheep. One day, he took the sheep to the riverside. There was a lot of grass there for the sheep. In the evening, the shepherd took them back home. He counted the sheep. There were only ninety-nine! One sheep was lost. The shepherd was sad.",44.95,0.8769,0.1231,0.0,0.0,0.1231,76.08,12,3,12,44.95
3a42g,D:\Main_Project\Multimodal_NDD_Prediction\dyslexia_screening\data/mps/mps_dataset\audios\3a42g_EN-OL-RC-234_2.wav,3,"He went out looking for the lost sheep. He walked all the way back to the river. At last, late in the night, he found the sheep in a bush. The bush was full of thorns. He got the sheep out and carried it home. He was happy. He showed the sheep to his friends. All of them were happy too.",41.57,0.8525,0.1475,0.0,0.0,0.1475,75.05,16,3,16,41.57
3a42k,D:\Main_Project\Multimodal_NDD_Prediction\dyslexia_screening\data/mps/mps_dataset\audios\3a42k_EN-OL-RC-234_1.wav,3,"Once, there lived a shepherd in a village. He was a kind and good man. He had a hundred sheep. One day, he took the sheep to the riverside. There was a lot of grass there for the sheep. In the evening, the shepherd took them back home. He counted the sheep. There were only ninety-nine! One sheep was lost. The shepherd was sad.",34.61,0.9692,0.0308,0.0,0.0615,0.0308,109.22,10,1,10,34.61
3a43a,D:\Main_Project\Multimodal_NDD_Prediction\dyslexia_screening\data/mps/mps_dataset\audios\3a43a_EN-OL-RC-234_1.wav,3,"Once, there lived a shepherd in a village. He was a kind and good man. He had a hundred sheep. One day, he took the sheep to the riverside. There was a lot of grass there for the sheep. In the evening, the shepherd took them back home. He counted the sheep. There were only ninety-nine! One sheep was lost. The shepherd was sad.",42.26,0.9231,0.0769,0.0,0.0,0.0769,85.19,14,0,14,42.26
3a43a,D:\Main_Project\Multimodal_NDD_Prediction\dyslexia_screening\data/mps/mps_dataset\audios\3a43a_EN-OL-RC-234_2.wav,3,"He went out looking for the lost sheep. He walked all the way back to the river. At last, late in the night, he found the sheep in a bush. The bush was full of thorns. He got the sheep out and carried it home. He was happy. He showed the sheep to his friends. All of them were happy too.",31.85,0.9344,0.0656,0.0,0.0,0.0656,107.38,8,0,8,31.85
3a43c,D:\Main_Project\Multimodal_NDD_Prediction\dyslexia_screening\data/mps/mps_dataset\audios\3a43c_EN-OL-RC-234_1.wav,3,"Once, there lived a shepherd in a village. He was a kind and good man. He had a hundred sheep. One day, he took the sheep to the riverside. There was a lot of grass there for the sheep. In the evening, the shepherd took them back home. He counted the sheep. There were only ninety-nine! One sheep was lost. The shepherd was sad.",35.99,0.8308,0.1692,0.0,0.0308,0.1692,90.03,0,0,0,35.99
3a43g,D:\Main_Project\Multimodal_NDD_Prediction\dyslexia_screening\data/mps/mps_dataset\audios\3a43g_EN-OL-RC-234_1.wav,3,"Once, there lived a shepherd in a village. He was a kind and good man. He had a hundred sheep. One day, he took the sheep to the riverside. There was a lot of grass there for the sheep. In the evening, the shepherd took them back home. He counted the sheep. There were only ninety-nine! One sheep was lost. The shepherd was sad.",52.97,0.8615,0.1231,0.0154,0.0308,0.1385,63.43,0,0,0,52.97
3a44f,D:\Main_Project\Multimodal_NDD_Prediction\dyslexia_screening\data/mps/mps_dataset\audios\3a44f_EN-OL-RC-234_1.wav,3,"Once, there lived a shepherd in a village. He was a kind and good man. He had a hundred sheep. One day, he took the sheep to the riverside. There was a lot of grass there for the sheep. In the evening, the shepherd took them back home. He counted the sheep. There were only ninety-nine! One sheep was lost. The shepherd was sad.",43.04,0.9538,0.0462,0.0,0.0154,0.0462,86.43,11,2,11,43.04
3a44f,D:\Main_Project\Multimodal_NDD_Prediction\dyslexia_screening\data/mps/mps_dataset\audios\3a44f_EN-OL-RC-234_2.wav,3,"He went out looking for the lost sheep. He walked all the way back to the river. At last, late in the night, he found the sheep in a bush. The bush was full of thorns. He got the sheep out and carried it home. He was happy. He showed the sheep to his friends. All of them were happy too.",44.45,0.918,0.082,0.0,0.0164,0.082,75.59,17,5,17,44.45
3a44g,D:\Main_Project\Multimodal_NDD_Prediction\dyslexia_screening\data/mps/mps_dataset\audios\3a44g_EN-OL-RC-234_1.wav,3,"Once, there lived a shepherd in a village. He was a kind and good man. He had a hundred sheep. One day, he took the sheep to the riverside. There was a lot of grass there for the sheep. In the evening, the shepherd took them back home. He counted the sheep. There were only ninety-nine! One sheep was lost. The shepherd was sad.",45.53,0.8923,0.1077,0.0,0.0154,0.1077,76.43,0,0,0,45.53
3a46g,D:\Main_Project\Multimodal_NDD_Prediction\dyslexia_screening\data/mps/mps_dataset\audios\3a46g_EN-OL-RC-234_2.wav,3,"He went out looking for the lost sheep. He walked all the way back to the river. At last, late in the night, he found the sheep in a bush. The bush was full of thorns. He got the sheep out and carried it home. He was happy. He showed the sheep to his friends. All of them were happy too.",25.31,0.9836,0.0164,0.0,0.0,0.0164,142.24,7,0,7,25.31
3a47b,D:\Main_Project\Multimodal_NDD_Prediction\dyslexia_screening\data/mps/mps_dataset\audios\3a47b_EN-OL-RC-234_2.wav,3,"He went out looking for the lost sheep. He walked all the way back to the river. At last, late in the night, he found the sheep in a bush. The bush was full of thorns. He got the sheep out and carried it home. He was happy. He showed the sheep to his friends. All of them were happy too.",43.34,0.7541,0.2459,0.0,0.0164,0.2459,63.68,1,0,1,43.34
3a47f,D:\Main_Project\Multimodal_NDD_Prediction\dyslexia_screening\data/mps/mps_dataset\audios\3a47f_EN-OL-RC-234_1.wav,3,"Once, there lived a shepherd in a village. He was a kind and good man. He had a hundred sheep. One day, he took the sheep to the riverside. There was a lot of grass there for the sheep. In the evening, the shepherd took them back home. He counted the sheep. There were only ninety-nine! One sheep was lost. The shepherd was sad.",37.79,0.9231,0.0769,0.0,0.0154,0.0769,95.26,13,0,13,37.79
3a48f,D:\Main_Project\Multimodal_NDD_Prediction\dyslexia_screening\data/mps/mps_dataset\audios\3a48f_EN-OL-RC-234_1.wav,3,"Once, there lived a shepherd in a village. He was a kind and good man. He had a hundred sheep. One day, he took the sheep to the riverside. There was a lot of grass there for the sheep. In the evening, the shepherd took them back home. He counted the sheep. There were only ninety-nine! One sheep was lost. The shepherd was sad.",30.65,0.9538,0.0308,0.0154,0.0154,0.0462,121.37,4,0,4,30.65
3a48f,D:\Main_Project\Multimodal_NDD_Prediction\dyslexia_screening\data/mps/mps_dataset\audios\3a48f_EN-OL-RC-234_2.wav,3,"He went out looking for the lost sheep. He walked all the way back to the river. At last, late in the night, he found the sheep in a bush. The bush was full of thorns. He got the sheep out and carried it home. He was happy. He showed the sheep to his friends. All of them were happy too.",30.74,0.9344,0.0492,0.0164,0.0164,0.0656,111.26,12,0,12,30.74
3a48g,D:\Main_Project\Multimodal_NDD_Prediction\dyslexia_screening\data/mps/mps_dataset\audios\3a48g_EN-OL-RC-234_1.wav,3,"Once, there lived a shepherd in a village. He was a kind and good man. He had a hundred sheep. One day, he took the sheep to the riverside. There was a lot of grass there for the sheep. In the evening, the shepherd took them back home. He counted the sheep. There were only ninety-nine! One sheep was lost. The shepherd was sad.",41.27,0.9231,0.0769,0.0,0.0308,0.0769,87.23,0,0,0,41.27
3a48g,D:\Main_Project\Multimodal_NDD_Prediction\dyslexia_screening\data/mps/mps_dataset\audios\3a48g_EN-OL-RC-234_2.wav,3,"He went out looking for the lost sheep. He walked all the way back to the river. At last, late in the night, he found the sheep in a bush. The bush was full of thorns. He got the sheep out and carried it home. He was happy. He showed the sheep to his friends. All of them were happy too.",41.68,0.9672,0.0328,0.0,0.0,0.0328,84.93,3,0,3,41.68
3a49g,D:\Main_Project\Multimodal_NDD_Prediction\dyslexia_screening\data/mps/mps_dataset\audios\3a49g_EN-OL-RC-234_1.wav,3,"Once, there lived a shepherd in a village. He was a kind and good man. He had a hundred sheep. One day, he took the sheep to the riverside. There was a lot of grass there for the sheep. In the evening, the shepherd took them back home. He counted the sheep. There were only ninety-nine! One sheep was lost. The shepherd was sad.",44.66,1.0,0.0,0.0,0.0154,0.0,87.33,0,0,0,44.66
3a4a,D:\Main_Project\Multimodal_NDD_Prediction\dyslexia_screening\data/mps/mps_dataset\audios\3a4a_EN-OL-RC-234_1.wav,3,"Once, there lived a shepherd in a village. He was a kind and good man. He had a hundred sheep. One day, he took the sheep to the riverside. There was a lot of grass there for the sheep. In the evening, the shepherd took them back home. He counted the sheep. There were only ninety-nine! One sheep was lost. The shepherd was sad.",58.19,0.8769,0.1231,0.0,0.0923,0.1231,58.77,0,0,0,58.19
3a4a,D:\Main_Project\Multimodal_NDD_Prediction\dyslexia_screening\data/mps/mps_dataset\audios\3a4a_EN-OL-RC-234_2.wav,3,"He went out looking for the lost sheep. He walked all the way back to the river. At last, late in the night, he found the sheep in a bush. The bush was full of thorns. He got the sheep out and carried it home. He was happy. He showed the sheep to his friends. All of them were happy too.",44.03,0.8361,0.1639,0.0,0.082,0.1639,69.5,0,0,0,44.03
3a4c,D:\Main_Project\Multimodal_NDD_Prediction\dyslexia_screening\data/mps/mps_dataset\audios\3a4c_EN-OL-RC-234_1.wav,3,"Once, there lived a shepherd in a village. He was a kind and good man. He had a hundred sheep. One day, he took the sheep to the riverside. There was a lot of grass there for the sheep. In the evening, the shepherd took them back home. He counted the sheep. There were only ninety-nine! One sheep was lost. The shepherd was sad.",42.28,0.8769,0.1231,0.0,0.0154,0.1231,80.89,0,0,0,42.28
3a4c,D:\Main_Project\Multimodal_NDD_Prediction\dyslexia_screening\data/mps/mps_dataset\audios\3a4c_EN-OL-RC-234_2.wav,3,"He went out looking for the lost sheep. He walked all the way back to the river. At last, late in the night, he found the sheep in a bush. The bush was full of thorns. He got the sheep out and carried it home. He was happy. He showed the sheep to his friends. All of them were happy too.",36.77,0.8852,0.1148,0.0,0.0328,0.1148,88.12,2,0,2,36.77
3a4h,D:\Main_Project\Multimodal_NDD_Prediction\dyslexia_screening\data/mps/mps_dataset\audios\3a4h_EN-OL-RC-234_1.wav,3,"Once, there lived a shepherd in a village. He was a kind and good man. He had a hundred sheep. One day, he took the sheep to the riverside. There was a lot of grass there for the sheep. In the evening, the shepherd took them back home. He counted the sheep. There were only ninety-nine! One sheep was lost. The shepherd was sad.",45.69,0.8615,0.1231,0.0154,0.0154,0.1385,73.54,7,2,7,45.69
3a4h,D:\Main_Project\Multimodal_NDD_Prediction\dyslexia_screening\data/mps/mps_dataset\audios\3a4h_EN-OL-RC-234_2.wav,3,"He went out looking for the lost sheep. He walked all the way back to the river. At last, late in the night, he found the sheep in a bush. The bush was full of thorns. He got the sheep out and carried it home. He was happy. He showed the sheep to his friends. All of them were happy too.",36.17,0.9508,0.0492,0.0,0.0,0.0492,96.21,5,0,5,36.17
3a50f,D:\Main_Project\Multimodal_NDD_Prediction\dyslexia_screening\data/mps/mps_dataset\audios\3a50f_EN-OL-RC-234_1.wav,3,"Once, there lived a shepherd in a village. He was a kind and good man. He had a hundred sheep. One day, he took the sheep to the riverside. There was a lot of grass there for the sheep. In the evening, the shepherd took them back home. He counted the sheep. There were only ninety-nine! One sheep was lost. The shepherd was sad.",53.03,0.9077,0.0923,0.0,0.0308,0.0923,66.75,16,1,16,53.03
3a50f,D:\Main_Project\Multimodal_NDD_Prediction\dyslexia_screening\data/mps/mps_dataset\audios\3a50f_EN-OL-RC-234_2.wav,3,"He went out looking for the lost sheep. He walked all the way back to the river. At last, late in the night, he found the sheep in a bush. The bush was full of thorns. He got the sheep out and carried it home. He was happy. He showed the sheep to his friends. All of them were happy too.",45.41,0.9508,0.0492,0.0,0.0328,0.0492,76.64,8,0,8,45.41
3a51f,D:\Main_Project\Multimodal_NDD_Prediction\dyslexia_screening\data/mps/mps_dataset\audios\3a51f_EN-OL-RC-234_1.wav,3,"Once, there lived a shepherd in a village. He was a kind and good man. He had a hundred sheep. One day, he took the sheep to the riverside. There was a lot of grass there for the sheep. In the evening, the shepherd took them back home. He counted the sheep. There were only ninety-nine! One sheep was lost. The shepherd was sad.",61.07,0.8462,0.1231,0.0308,0.0462,0.1538,54.04,18,5,18,61.07
3a51g,D:\Main_Project\Multimodal_NDD_Prediction\dyslexia_screening\data/mps/mps_dataset\audios\3a51g_EN-OL-RC-234_1.wav,3,"Once, there lived a shepherd in a village. He was a kind and good man. He had a hundred sheep. One day, he took the sheep to the riverside. There was a lot of grass there for the sheep. In the evening, the shepherd took them back home. He counted the sheep. There were only ninety-nine! One sheep was lost. The shepherd was sad.",46.64,0.9077,0.0769,0.0154,0.0154,0.0923,75.9,1,0,1,46.64
3a54f,D:\Main_Project\Multimodal_NDD_Prediction\dyslexia_screening\data/mps/mps_dataset\audios\3a54f_EN-OL-RC-234_1.wav,3,"Once, there lived a shepherd in a village. He was a kind and good man. He had a hundred sheep. One day, he took the sheep to the riverside. There was a lot of grass there for the sheep. In the evening, the shepherd took them back home. He counted the sheep. There were only ninety-nine! One sheep was lost. The shepherd was sad.",58.07,0.8615,0.1385,0.0,0.0615,0.1385,57.86,18,4,18,58.07
3a54f,D:\Main_Project\Multimodal_NDD_Prediction\dyslexia_screening\data/mps/mps_dataset\audios\3a54f_EN-OL-RC-234_2.wav,3,"He went out looking for the lost sheep. He walked all the way back to the river. At last, late in the night, he found the sheep in a bush. The bush was full of thorns. He got the sheep out and carried it home. He was happy. He showed the sheep to his friends. All of them were happy too.",51.62,0.8852,0.0984,0.0164,0.0656,0.1148,62.77,20,3,20,51.62
3a54g,D:\Main_Project\Multimodal_NDD_Prediction\dyslexia_screening\data/mps/mps_dataset\audios\3a54g_EN-OL-RC-234_2.wav,3,"He went out looking for the lost sheep. He walked all the way back to the river. At last, late in the night, he found the sheep in a bush. The bush was full of thorns. He got the sheep out and carried it home. He was happy. He showed the sheep to his friends. All of them were happy too.",48.83,0.918,0.082,0.0,0.0164,0.082,68.81,0,0,0,48.83
3a5b,D:\Main_Project\Multimodal_NDD_Prediction\dyslexia_screening\data/mps/mps_dataset\audios\3a5b_EN-OL-RC-234_1.wav,3,"Once, there lived a shepherd in a village. He was a kind and good man. He had a hundred sheep. One day, he took the sheep to the riverside. There was a lot of grass there for the sheep. In the evening, the shepherd took them back home. He counted the sheep. There were only ninety-nine! One sheep was lost. The shepherd was sad.",48.22,0.8923,0.1077,0.0,0.0462,0.1077,72.17,6,1,6,48.22
3a5b,D:\Main_Project\Multimodal_NDD_Prediction\dyslexia_screening\data/mps/mps_dataset\audios\3a5b_EN-OL-RC-234_2.wav,3,"He went out looking for the lost sheep. He walked all the way back to the river. At last, late in the night, he found the sheep in a bush. The bush was full of thorns. He got the sheep out and carried it home. He was happy. He showed the sheep to his friends. All of them were happy too.",40.22,0.8689,0.1311,0.0,0.0492,0.1311,79.07,3,0,3,40.22
3a6c,D:\Main_Project\Multimodal_NDD_Prediction\dyslexia_screening\data/mps/mps_dataset\audios\3a6c_EN-OL-RC-234_1.wav,3,"Once, there lived a shepherd in a village. He was a kind and good man. He had a hundred sheep. One day, he took the sheep to the riverside. There was a lot of grass there for the sheep. In the evening, the shepherd took them back home. He counted the sheep. There were only ninety-nine! One sheep was lost. The shepherd was sad.",44.12,0.9538,0.0462,0.0,0.0462,0.0462,84.32,0,0,0,44.12
3a6c,D:\Main_Project\Multimodal_NDD_Prediction\dyslexia_screening\data/mps/mps_dataset\audios\3a6c_EN-OL-RC-234_2.wav,3,"He went out looking for the lost sheep. He walked all the way back to the river. At last, late in the night, he found the sheep in a bush. The bush was full of thorns. He got the sheep out and carried it home. He was happy. He showed the sheep to his friends. All of them were happy too.",35.81,0.9508,0.0492,0.0,0.0,0.0492,97.18,0,0,0,35.81
3a6f,D:\Main_Project\Multimodal_NDD_Prediction\dyslexia_screening\data/mps/mps_dataset\audios\3a6f_EN-OL-RC-234_1.wav,3,"Once, there lived a shepherd in a village. He was a kind and good man. He had a hundred sheep. One day, he took the sheep to the riverside. There was a lot of grass there for the sheep. In the evening, the shepherd took them back home. He counted the sheep. There were only ninety-nine! One sheep was lost. The shepherd was sad.",37.49,0.9385,0.0615,0.0,0.0308,0.0615,97.63,6,0,6,37.49
3a6f,D:\Main_Project\Multimodal_NDD_Prediction\dyslexia_screening\data/mps/mps_dataset\audios\3a6f_EN-OL-RC-234_2.wav,3,"He went out looking for the lost sheep. He walked all the way back to the river. At last, late in the night, he found the sheep in a bush. The bush was full of thorns. He got the sheep out and carried it home. He was happy. He showed the sheep to his friends. All of them were happy too.",36.35,0.918,0.082,0.0,0.0164,0.082,92.43,12,0,12,36.35
3a6g,D:\Main_Project\Multimodal_NDD_Prediction\dyslexia_screening\data/mps/mps_dataset\audios\3a6g_EN-OL-RC-234_1.wav,3,"Once, there lived a shepherd in a village. He was a kind and good man. He had a hundred sheep. One day, he took the sheep to the riverside. There was a lot of grass there for the sheep. In the evening, the shepherd took them back home. He counted the sheep. There were only ninety-nine! One sheep was lost. The shepherd was sad.",58.5,0.8308,0.1692,0.0,0.0769,0.1692,55.38,23,2,23,58.5
3a6h,D:\Main_Project\Multimodal_NDD_Prediction\dyslexia_screening\data/mps/mps_dataset\audios\3a6h_EN-OL-RC-234_1.wav,3,"Once, there lived a shepherd in a village. He was a kind and good man. He had a hundred sheep. One day, he took the sheep to the riverside. There was a lot of grass there for the sheep. In the evening, the shepherd took them back home. He counted the sheep. There were only ninety-nine! One sheep was lost. The shepherd was sad.",35.96,0.8615,0.1385,0.0,0.0,0.1385,93.44,8,0,8,35.96
3a6h,D:\Main_Project\Multimodal_NDD_Prediction\dyslexia_screening\data/mps/mps_dataset\audios\3a6h_EN-OL-RC-234_2.wav,3,"He went out looking for the lost sheep. He walked all the way back to the river. At last, late in the night, he found the sheep in a bush. The bush was full of thorns. He got the sheep out and carried it home. He was happy. He showed the sheep to his friends. All of them were happy too.",29.81,0.9344,0.0656,0.0,0.0164,0.0656,114.73,3,0,3,29.81
3a6k,D:\Main_Project\Multimodal_NDD_Prediction\dyslexia_screening\data/mps/mps_dataset\audios\3a6k_EN-OL-RC-234_2.wav,3,"He went out looking for the lost sheep. He walked all the way back to the river. At last, late in the night, he found the sheep in a bush. The bush was full of thorns. He got the sheep out and carried it home. He was happy. He showed the sheep to his friends. All of them were happy too.",52.46,0.7541,0.2295,0.0164,0.0328,0.2459,52.61,0,0,0,52.46
3a7b,D:\Main_Project\Multimodal_NDD_Prediction\dyslexia_screening\data/mps/mps_dataset\audios\3a7b_EN-OL-RC-234_1.wav,3,"Once, there lived a shepherd in a village. He was a kind and good man. He had a hundred sheep. One day, he took the sheep to the riverside. There was a lot of grass there for the sheep. In the evening, the shepherd took them back home. He counted the sheep. There were only ninety-nine! One sheep was lost. The shepherd was sad.",53.48,0.8923,0.1077,0.0,0.0923,0.1077,65.07,16,2,16,53.48
3a7b,D:\Main_Project\Multimodal_NDD_Prediction\dyslexia_screening\data/mps/mps_dataset\audios\3a7b_EN-OL-RC-234_2.wav,3,"He went out looking for the lost sheep. He walked all the way back to the river. At last, late in the night, he found the sheep in a bush. The bush was full of thorns. He got the sheep out and carried it home. He was happy. He showed the sheep to his friends. All of them were happy too.",52.88,0.918,0.082,0.0,0.1148,0.082,63.54,17,0,17,52.88
3a7c,D:\Main_Project\Multimodal_NDD_Prediction\dyslexia_screening\data/mps/mps_dataset\audios\3a7c_EN-OL-RC-234_1.wav,3,"Once, there lived a shepherd in a village. He was a kind and good man. He had a hundred sheep. One day, he took the sheep to the riverside. There was a lot of grass there for the sheep. In the evening, the shepherd took them back home. He counted the sheep. There were only ninety-nine! One sheep was lost. The shepherd was sad.",34.85,0.9538,0.0308,0.0154,0.0,0.0462,106.74,1,0,1,34.85
3a7c,D:\Main_Project\Multimodal_NDD_Prediction\dyslexia_screening\data/mps/mps_dataset\audios\3a7c_EN-OL-RC-234_2.wav,3,"He went out looking for the lost sheep. He walked all the way back to the river. At last, late in the night, he found the sheep in a bush. The bush was full of thorns. He got the sheep out and carried it home. He was happy. He showed the sheep to his friends. All of them were happy too.",31.1,0.9508,0.0492,0.0,0.0328,0.0492,111.9,2,0,2,31.1
3a7f,D:\Main_Project\Multimodal_NDD_Prediction\dyslexia_screening\data/mps/mps_dataset\audios\3a7f_EN-OL-RC-234_1.wav,3,"Once, there lived a shepherd in a village. He was a kind and good man. He had a hundred sheep. One day, he took the sheep to the riverside. There was a lot of grass there for the sheep. In the evening, the shepherd took them back home. He counted the sheep. There were only ninety-nine! One sheep was lost. The shepherd was sad.",26.36,0.9231,0.0769,0.0,0.0,0.0769,136.57,9,0,9,26.36
3a7f,D:\Main_Project\Multimodal_NDD_Prediction\dyslexia_screening\data/mps/mps_dataset\audios\3a7f_EN-OL-RC-234_2.wav,3,"He went out looking for the lost sheep. He walked all the way back to the river. At last, late in the night, he found the sheep in a bush. The bush was full of thorns. He got the sheep out and carried it home. He was happy. He showed the sheep to his friends. All of them were happy too.",25.82,0.918,0.082,0.0,0.0,0.082,130.13,7,0,7,25.82
3a8a,D:\Main_Project\Multimodal_NDD_Prediction\dyslexia_screening\data/mps/mps_dataset\audios\3a8a_EN-OL-RC-234_2.wav,3,"He went out looking for the lost sheep. He walked all the way back to the river. At last, late in the night, he found the sheep in a bush. The bush was full of thorns. He got the sheep out and carried it home. He was happy. He showed the sheep to his friends. All of them were happy too.",34.46,0.918,0.082,0.0,0.0656,0.082,97.5,0,0,0,34.46
3a8b,D:\Main_Project\Multimodal_NDD_Prediction\dyslexia_screening\data/mps/mps_dataset\audios\3a8b_EN-OL-RC-234_1.wav,3,"Once, there lived a shepherd in a village. He was a kind and good man. He had a hundred sheep. One day, he took the sheep to the riverside. There was a lot of grass there for the sheep. In the evening, the shepherd took them back home. He counted the sheep. There were only ninety-nine! One sheep was lost. The shepherd was sad.",53.87,0.9385,0.0615,0.0,0.0615,0.0615,67.94,22,2,22,53.87
3a8b,D:\Main_Project\Multimodal_NDD_Prediction\dyslexia_screening\data/mps/mps_dataset\audios\3a8b_EN-OL-RC-234_2.wav,3,"He went out looking for the lost sheep. He walked all the way back to the river. At last, late in the night, he found the sheep in a bush. The bush was full of thorns. He got the sheep out and carried it home. He was happy. He showed the sheep to his friends. All of them were happy too.",45.41,0.9016,0.0984,0.0,0.0328,0.0984,72.67,17,4,17,45.41
3a8c,D:\Main_Project\Multimodal_NDD_Prediction\dyslexia_screening\data/mps/mps_dataset\audios\3a8c_EN-OL-RC-234_1.wav,3,"Once, there lived a shepherd in a village. He was a kind and good man. He had a hundred sheep. One day, he took the sheep to the riverside. There was a lot of grass there for the sheep. In the evening, the shepherd took them back home. He counted the sheep. There were only ninety-nine! One sheep was lost. The shepherd was sad.",40.34,0.9846,0.0154,0.0,0.0462,0.0154,95.19,7,0,7,40.34
3a8c,D:\Main_Project\Multimodal_NDD_Prediction\dyslexia_screening\data/mps/mps_dataset\audios\3a8c_EN-OL-RC-234_2.wav,3,"He went out looking for the lost sheep. He walked all the way back to the river. At last, late in the night, he found the sheep in a bush. The bush was full of thorns. He got the sheep out and carried it home. He was happy. He showed the sheep to his friends. All of them were happy too.",30.77,0.9836,0.0164,0.0,0.0,0.0164,117.0,4,0,4,30.77
3a9a,D:\Main_Project\Multimodal_NDD_Prediction\dyslexia_screening\data/mps/mps_dataset\audios\3a9a_EN-OL-RC-234_2.wav,3,"He went out looking for the lost sheep. He walked all the way back to the river. At last, late in the night, he found the sheep in a bush. The bush was full of thorns. He got the sheep out and carried it home. He was happy. He showed the sheep to his friends. All of them were happy too.",39.38,0.9344,0.0656,0.0,0.0328,0.0656,86.85,9,1,9,39.38
3a9k,D:\Main_Project\Multimodal_NDD_Prediction\dyslexia_screening\data/mps/mps_dataset\audios\3a9k_EN-OL-RC-234_2.wav,3,"He went out looking for the lost sheep. He walked all the way back to the river. At last, late in the night, he found the sheep in a bush. The bush was full of thorns. He got the sheep out and carried it home. He was happy. He showed the sheep to his friends. All of them were happy too.",40.82,0.9016,0.082,0.0164,0.0164,0.0984,80.84,8,0,8,40.82
3b10b,D:\Main_Project\Multimodal_NDD_Prediction\dyslexia_screening\data/mps/mps_dataset\audios\3b10b_EN-OL-RC-234_2.wav,3,"He went out looking for the lost sheep. He walked all the way back to the river. At last, late in the night, he found the sheep in a bush. The bush was full of thorns. He got the sheep out and carried it home. He was happy. He showed the sheep to his friends. All of them were happy too.",51.95,0.8525,0.1475,0.0,0.0492,0.1475,60.06,16,1,16,51.95
3b10f,D:\Main_Project\Multimodal_NDD_Prediction\dyslexia_screening\data/mps/mps_dataset\audios\3b10f_EN-OL-RC-234_1.wav,3,"Once, there lived a shepherd in a village. He was a kind and good man. He had a hundred sheep. One day, he took the sheep to the riverside. There was a lot of grass there for the sheep. In the evening, the shepherd took them back home. He counted the sheep. There were only ninety-nine! One sheep was lost. The shepherd was sad.",48.63,0.8615,0.1385,0.0,0.0308,0.1385,69.09,1,1,1,48.63
3b10f,D:\Main_Project\Multimodal_NDD_Prediction\dyslexia_screening\data/mps/mps_dataset\audios\3b10f_EN-OL-RC-234_2.wav,3,"He went out looking for the lost sheep. He walked all the way back to the river. At last, late in the night, he found the sheep in a bush. The bush was full of thorns. He got the sheep out and carried it home. He was happy. He showed the sheep to his friends. All of them were happy too.",45.47,0.8525,0.1311,0.0164,0.0492,0.1475,68.62,5,0,5,45.47
3b10g,D:\Main_Project\Multimodal_NDD_Prediction\dyslexia_screening\data/mps/mps_dataset\audios\3b10g_EN-OL-RC-234_1.wav,3,"Once, there lived a shepherd in a village. He was a kind and good man. He had a hundred sheep. One day, he took the sheep to the riverside. There was a lot of grass there for the sheep. In the evening, the shepherd took them back home. He counted the sheep. There were only ninety-nine! One sheep was lost. The shepherd was sad.",61.3,0.7077,0.1231,0.1692,0.0923,0.2923,45.02,6,1,6,61.3
3b10g,D:\Main_Project\Multimodal_NDD_Prediction\dyslexia_screening\data/mps/mps_dataset\audios\3b10g_EN-OL-RC-234_2.wav,3,"He went out looking for the lost sheep. He walked all the way back to the river. At last, late in the night, he found the sheep in a bush. The bush was full of thorns. He got the sheep out and carried it home. He was happy. He showed the sheep to his friends. All of them were happy too.",46.94,0.7705,0.2295,0.0,0.0328,0.2295,60.08,0,0,0,46.94
3b10k,D:\Main_Project\Multimodal_NDD_Prediction\dyslexia_screening\data/mps/mps_dataset\audios\3b10k_EN-OL-RC-234_1.wav,3,"Once, there lived a shepherd in a village. He was a kind and good man. He had a hundred sheep. One day, he took the sheep to the riverside. There was a lot of grass there for the sheep. In the evening, the shepherd took them back home. He counted the sheep. There were only ninety-nine! One sheep was lost. The shepherd was sad.",55.46,0.8769,0.1231,0.0,0.0462,0.1231,61.67,13,0,13,55.46
3b11b,D:\Main_Project\Multimodal_NDD_Prediction\dyslexia_screening\data/mps/mps_dataset\audios\3b11b_EN-OL-RC-234_1.wav,3,"Once, there lived a shepherd in a village. He was a kind and good man. He had a hundred sheep. One day, he took the sheep to the riverside. There was a lot of grass there for the sheep. In the evening, the shepherd took them back home. He counted the sheep. There were only ninety-nine! One sheep was lost. The shepherd was sad.",60.1,0.8154,0.1538,0.0308,0.0462,0.1846,52.91,31,5,31,60.1
3b11b,D:\Main_Project\Multimodal_NDD_Prediction\dyslexia_screening\data/mps/mps_dataset\audios\3b11b_EN-OL-RC-234_2.wav,3,"He went out looking for the lost sheep. He walked all the way back to the river. At last, late in the night, he found the sheep in a bush. The bush was full of thorns. He got the sheep out and carried it home. He was happy. He showed the sheep to his friends. All of them were happy too.",50.12,0.8033,0.1967,0.0,0.0328,0.1967,58.66,18,4,18,50.12
3b11g,D:\Main_Project\Multimodal_NDD_Prediction\dyslexia_screening\data/mps/mps_dataset\audios\3b11g_EN-OL-RC-234_1.wav,3,"Once, there lived a shepherd in a village. He was a kind and good man. He had a hundred sheep. One day, he took the sheep to the riverside. There was a lot of grass there for the sheep. In the evening, the shepherd took them back home. He counted the sheep. There were only ninety-nine! One sheep was lost. The shepherd was sad.",46.85,0.9538,0.0462,0.0,0.0615,0.0462,79.4,3,0,3,46.85
3b11k,D:\Main_Project\Multimodal_NDD_Prediction\dyslexia_screening\data/mps/mps_dataset\audios\3b11k_EN-OL-RC-234_2.wav,3,"He went out looking for the lost sheep. He walked all the way back to the river. At last, late in the night, he found the sheep in a bush. The bush was full of thorns. He got the sheep out and carried it home. He was happy. He showed the sheep to his friends. All of them were happy too.",55.88,0.6557,0.3443,0.0,0.1148,0.3443,42.95,22,0,22,55.88
3b12a,D:\Main_Project\Multimodal_NDD_Prediction\dyslexia_screening\data/mps/mps_dataset\audios\3b12a_EN-OL-RC-234_2.wav,3,"He went out looking for the lost sheep. He walked all the way back to the river. At last, late in the night, he found the sheep in a bush. The bush was full of thorns. He got the sheep out and carried it home. He was happy. He showed the sheep to his friends. All of them were happy too.",38.65,0.9016,0.0984,0.0,0.0,0.0984,85.38,7,0,7,38.65
3b12c,D:\Main_Project\Multimodal_NDD_Prediction\dyslexia_screening\data/mps/mps_dataset\audios\3b12c_EN-OL-RC-234_2.wav,3,"He went out looking for the lost sheep. He walked all the way back to the river. At last, late in the night, he found the sheep in a bush. The bush was full of thorns. He got the sheep out and carried it home. He was happy. He showed the sheep to his friends. All of them were happy too.",38.81,0.8852,0.1148,0.0,0.0164,0.1148,83.48,0,0,0,38.81
3b12f,D:\Main_Project\Multimodal_NDD_Prediction\dyslexia_screening\data/mps/mps_dataset\audios\3b12f_EN-OL-RC-234_1.wav,3,"Once, there lived a shepherd in a village. He was a kind and good man. He had a hundred sheep. One day, he took the sheep to the riverside. There was a lot of grass there for the sheep. In the evening, the shepherd took them back home. He counted the sheep. There were only ninety-nine! One sheep was lost. The shepherd was sad.",45.74,0.9231,0.0615,0.0154,0.0154,0.0769,78.71,7,1,7,45.74
3b13a,D:\Main_Project\Multimodal_NDD_Prediction\dyslexia_screening\data/mps/mps_dataset\audios\3b13a_EN-OL-RC-234_1.wav,3,"Once, there lived a shepherd in a village. He was a kind and good man. He had a hundred sheep. One day, he took the sheep to the riverside. There was a lot of grass there for the sheep. In the evening, the shepherd took them back home. He counted the sheep. There were only ninety-nine! One sheep was lost. The shepherd was sad.",33.8,0.8923,0.0923,0.0154,0.0,0.1077,102.96,2,0,2,33.8
3b14b,D:\Main_Project\Multimodal_NDD_Prediction\dyslexia_screening\data/mps/mps_dataset\audios\3b14b_EN-OL-RC-234_1.wav,3,"Once, there lived a shepherd in a village. He was a kind and good man. He had a hundred sheep. One day, he took the sheep to the riverside. There was a lot of grass there for the sheep. In the evening, the shepherd took them back home. He counted the sheep. There were only ninety-nine! One sheep was lost. The shepherd was sad.",40.19,0.8923,0.0769,0.0308,0.0308,0.1077,86.59,3,0,3,40.19
3b14b,D:\Main_Project\Multimodal_NDD_Prediction\dyslexia_screening\data/mps/mps_dataset\audios\3b14b_EN-OL-RC-234_2.wav,3,"He went out looking for the lost sheep. He walked all the way back to the river. At last, late in the night, he found the sheep in a bush. The bush was full of thorns. He got the sheep out and carried it home. He was happy. He showed the sheep to his friends. All of them were happy too.",38.87,0.8689,0.1311,0.0,0.0492,0.1311,81.81,1,0,1,38.87
3b14c,D:\Main_Project\Multimodal_NDD_Prediction\dyslexia_screening\data/mps/mps_dataset\audios\3b14c_EN-OL-RC-234_1.wav,3,"Once, there lived a shepherd in a village. He was a kind and good man. He had a hundred sheep. One day, he took the sheep to the riverside. There was a lot of grass there for the sheep. In the evening, the shepherd took them back home. He counted the sheep. There were only ninety-nine! One sheep was lost. The shepherd was sad.",26.45,0.9846,0.0154,0.0,0.0154,0.0154,145.18,0,0,0,26.45
3b14g,D:\Main_Project\Multimodal_NDD_Prediction\dyslexia_screening\data/mps/mps_dataset\audios\3b14g_EN-OL-RC-234_1.wav,3,"Once, there lived a shepherd in a village. He was a kind and good man. He had a hundred sheep. One day, he took the sheep to the riverside. There was a lot of grass there for the sheep. In the evening, the shepherd took them back home. He counted the sheep. There were only ninety-nine! One sheep was lost. The shepherd was sad.",50.81,0.8308,0.1692,0.0,0.0154,0.1692,63.77,12,0,12,50.81
3b14g,D:\Main_Project\Multimodal_NDD_Prediction\dyslexia_screening\data/mps/mps_dataset\audios\3b14g_EN-OL-RC-234_2.wav,3,"He went out looking for the lost sheep. He walked all the way back to the river. At last, late in the night, he found the sheep in a bush. The bush was full of thorns. He got the sheep out and carried it home. He was happy. He showed the sheep to his friends. All of them were happy too.",48.53,0.8361,0.1639,0.0,0.0328,0.1639,63.05,11,0,11,48.53
3b14h,D:\Main_Project\Multimodal_NDD_Prediction\dyslexia_screening\data/mps/mps_dataset\audios\3b14h_EN-OL-RC-234_1.wav,3,"Once, there lived a shepherd in a village. He was a kind and good man. He had a hundred sheep. One day, he took the sheep to the riverside. There was a lot of grass there for the sheep. In the evening, the shepherd took them back home. He counted the sheep. There were only ninety-nine! One sheep was lost. The shepherd was sad.",36.23,0.9385,0.0462,0.0154,0.0154,0.0615,101.02,5,0,5,36.23
3b14h,D:\Main_Project\Multimodal_NDD_Prediction\dyslexia_screening\data/mps/mps_dataset\audios\3b14h_EN-OL-RC-234_2.wav,3,"He went out looking for the lost sheep. He walked all the way back to the river. At last, late in the night, he found the sheep in a bush. The bush was full of thorns. He got the sheep out and carried it home. He was happy. He showed the sheep to his friends. All of them were happy too.",28.55,0.9836,0.0164,0.0,0.0,0.0164,126.09,4,0,4,28.55
3b14k,D:\Main_Project\Multimodal_NDD_Prediction\dyslexia_screening\data/mps/mps_dataset\audios\3b14k_EN-OL-RC-234_2.wav,3,"He went out looking for the lost sheep. He walked all the way back to the river. At last, late in the night, he found the sheep in a bush. The bush was full of thorns. He got the sheep out and carried it home. He was happy. He showed the sheep to his friends. All of them were happy too.",55.0,0.8361,0.1639,0.0,0.1148,0.1639,55.64,18,2,18,55.0
3b15c,D:\Main_Project\Multimodal_NDD_Prediction\dyslexia_screening\data/mps/mps_dataset\audios\3b15c_EN-OL-RC-234_1.wav,3,"Once, there lived a shepherd in a village. He was a kind and good man. He had a hundred sheep. One day, he took the sheep to the riverside. There was a lot of grass there for the sheep. In the evening, the shepherd took them back home. He counted the sheep. There were only ninety-nine! One sheep was lost. The shepherd was sad.",27.0,0.9538,0.0462,0.0,0.0154,0.0462,137.78,0,0,0,27.0
3b15c,D:\Main_Project\Multimodal_NDD_Prediction\dyslexia_screening\data/mps/mps_dataset\audios\3b15c_EN-OL-RC-234_2.wav,3,"He went out looking for the lost sheep. He walked all the way back to the river. At last, late in the night, he found the sheep in a bush. The bush was full of thorns. He got the sheep out and carried it home. He was happy. He showed the sheep to his friends. All of them were happy too.",21.71,0.9836,0.0164,0.0,0.0,0.0164,165.82,1,0,1,21.71
3b15g,D:\Main_Project\Multimodal_NDD_Prediction\dyslexia_screening\data/mps/mps_dataset\audios\3b15g_EN-OL-RC-234_1.wav,3,"Once, there lived a shepherd in a village. He was a kind and good man. He had a hundred sheep. One day, he took the sheep to the riverside. There was a lot of grass there for the sheep. In the evening, the shepherd took them back home. He counted the sheep. There were only ninety-nine! One sheep was lost. The shepherd was sad.",35.09,0.9538,0.0308,0.0154,0.0,0.0462,106.01,0,0,0,35.09
3b15g,D:\Main_Project\Multimodal_NDD_Prediction\dyslexia_screening\data/mps/mps_dataset\audios\3b15g_EN-OL-RC-234_2.wav,3,"He went out looking for the lost sheep. He walked all the way back to the river. At last, late in the night, he found the sheep in a bush. The bush was full of thorns. He got the sheep out and carried it home. He was happy. He showed the sheep to his friends. All of them were happy too.",34.75,0.9508,0.0328,0.0164,0.0,0.0492,100.14,0,0,0,34.75
3b16g,D:\Main_Project\Multimodal_NDD_Prediction\dyslexia_screening\data/mps/mps_dataset\audios\3b16g_EN-OL-RC-234_1.wav,3,"Once, there lived a shepherd in a village. He was a kind and good man. He had a hundred sheep. One day, he took the sheep to the riverside. There was a lot of grass there for the sheep. In the evening, the shepherd took them back home. He counted the sheep. There were only ninety-nine! One sheep was lost. The shepherd was sad.",55.58,0.9385,0.0615,0.0,0.0462,0.0615,65.85,13,1,13,55.58
3b16g,D:\Main_Project\Multimodal_NDD_Prediction\dyslexia_screening\data/mps/mps_dataset\audios\3b16g_EN-OL-RC-234_2.wav,3,"He went out looking for the lost sheep. He walked all the way back to the river. At last, late in the night, he found the sheep in a bush. The bush was full of thorns. He got the sheep out and carried it home. He was happy. He showed the sheep to his friends. All of them were happy too.",58.76,0.9836,0.0164,0.0,0.0164,0.0164,61.27,15,3,15,58.76
3b17c,D:\Main_Project\Multimodal_NDD_Prediction\dyslexia_screening\data/mps/mps_dataset\audios\3b17c_EN-OL-RC-234_1.wav,3,"Once, there lived a shepherd in a village. He was a kind and good man. He had a hundred sheep. One day, he took the sheep to the riverside. There was a lot of grass there for the sheep. In the evening, the shepherd took them back home. He counted the sheep. There were only ninety-nine! One sheep was lost. The shepherd was sad.",45.32,0.8,0.1692,0.0308,0.0154,0.2,68.84,0,0,0,45.32
3b18a,D:\Main_Project\Multimodal_NDD_Prediction\dyslexia_screening\data/mps/mps_dataset\audios\3b18a_EN-OL-RC-234_1.wav,3,"Once, there lived a shepherd in a village. He was a kind and good man. He had a hundred sheep. One day, he took the sheep to the riverside. There was a lot of grass there for the sheep. In the evening, the shepherd took them back home. He counted the sheep. There were only ninety-nine! One sheep was lost. The shepherd was sad.",53.66,0.8923,0.1077,0.0,0.0,0.1077,64.85,12,2,12,53.66
3b18c,D:\Main_Project\Multimodal_NDD_Prediction\dyslexia_screening\data/mps/mps_dataset\audios\3b18c_EN-OL-RC-234_2.wav,3,"He went out looking for the lost sheep. He walked all the way back to the river. At last, late in the night, he found the sheep in a bush. The bush was full of thorns. He got the sheep out and carried it home. He was happy. He showed the sheep to his friends. All of them were happy too.",36.58,0.9672,0.0328,0.0,0.0164,0.0328,96.77,0,0,0,36.58
3b18e,D:\Main_Project\Multimodal_NDD_Prediction\dyslexia_screening\data/mps/mps_dataset\audios\3b18e_EN-OL-RC-234_1.wav,3,"Once, there lived a shepherd in a village. He was a kind and good man. He had a hundred sheep. One day, he took the sheep to the riverside. There was a lot of grass there for the sheep. In the evening, the shepherd took them back home. He counted the sheep. There were only ninety-nine! One sheep was lost. The shepherd was sad.",29.66,1.0,0.0,0.0,0.0,0.0,131.49,7,1,7,29.66
3b18g,D:\Main_Project\Multimodal_NDD_Prediction\dyslexia_screening\data/mps/mps_dataset\audios\3b18g_EN-OL-RC-234_1.wav,3,"Once, there lived a shepherd in a village. He was a kind and good man. He had a hundred sheep. One day, he took the sheep to the riverside. There was a lot of grass there for the sheep. In the evening, the shepherd took them back home. He counted the sheep. There were only ninety-nine! One sheep was lost. The shepherd was sad.",35.39,0.9385,0.0462,0.0154,0.0154,0.0615,103.42,0,0,0,35.39
3b18k,D:\Main_Project\Multimodal_NDD_Prediction\dyslexia_screening\data/mps/mps_dataset\audios\3b18k_EN-OL-RC-234_1.wav,3,"Once, there lived a shepherd in a village. He was a kind and good man. He had a hundred sheep. One day, he took the sheep to the riverside. There was a lot of grass there for the sheep. In the evening, the shepherd took them back home. He counted the sheep. There were only ninety-nine! One sheep was lost. The shepherd was sad.",59.17,0.5846,0.1385,0.2769,0.0615,0.4154,38.53,24,3,24,59.17
3b19c,D:\Main_Project\Multimodal_NDD_Prediction\dyslexia_screening\data/mps/mps_dataset\audios\3b19c_EN-OL-RC-234_2.wav,3,"He went out looking for the lost sheep. He walked all the way back to the river. At last, late in the night, he found the sheep in a bush. The bush was full of thorns. He got the sheep out and carried it home. He was happy. He showed the sheep to his friends. All of them were happy too.",35.78,0.8525,0.1475,0.0,0.0164,0.1475,87.2,0,0,0,35.78
3b19k,D:\Main_Project\Multimodal_NDD_Prediction\dyslexia_screening\data/mps/mps_dataset\audios\3b19k_EN-OL-RC-234_1.wav,3,"Once, there lived a shepherd in a village. He was a kind and good man. He had a hundred sheep. One day, he took the sheep to the riverside. There was a lot of grass there for the sheep. In the evening, the shepherd took them back home. He counted the sheep. There were only ninety-nine! One sheep was lost. The shepherd was sad.",39.47,0.9385,0.0615,0.0,0.0308,0.0615,92.73,13,1,13,39.47
3b19k,D:\Main_Project\Multimodal_NDD_Prediction\dyslexia_screening\data/mps/mps_dataset\audios\3b19k_EN-OL-RC-234_2.wav,3,"He went out looking for the lost sheep. He walked all the way back to the river. At last, late in the night, he found the sheep in a bush. The bush was full of thorns. He got the sheep out and carried it home. He was happy. He showed the sheep to his friends. All of them were happy too.",34.28,0.9836,0.0164,0.0,0.0164,0.0164,105.02,13,1,13,34.28
3b1e,D:\Main_Project\Multimodal_NDD_Prediction\dyslexia_screening\data/mps/mps_dataset\audios\3b1e_EN-OL-RC-234_1.wav,3,"Once, there lived a shepherd in a village. He was a kind and good man. He had a hundred sheep. One day, he took the sheep to the riverside. There was a lot of grass there for the sheep. In the evening, the shepherd took them back home. He counted the sheep. There were only ninety-nine! One sheep was lost. The shepherd was sad.",34.07,0.9846,0.0154,0.0,0.0,0.0154,112.71,6,0,6,34.07
3b1e,D:\Main_Project\Multimodal_NDD_Prediction\dyslexia_screening\data/mps/mps_dataset\audios\3b1e_EN-OL-RC-234_2.wav,3,"He went out looking for the lost sheep. He walked all the way back to the river. At last, late in the night, he found the sheep in a bush. The bush was full of thorns. He got the sheep out and carried it home. He was happy. He showed the sheep to his friends. All of them were happy too.",29.24,0.9836,0.0,0.0164,0.0164,0.0164,123.12,4,0,4,29.24
3b20g,D:\Main_Project\Multimodal_NDD_Prediction\dyslexia_screening\data/mps/mps_dataset\audios\3b20g_EN-OL-RC-234_1.wav,3,"Once, there lived a shepherd in a village. He was a kind and good man. He had a hundred sheep. One day, he took the sheep to the riverside. There was a lot of grass there for the sheep. In the evening, the shepherd took them back home. He counted the sheep. There were only ninety-nine! One sheep was lost. The shepherd was sad.",56.9,0.8615,0.0769,0.0615,0.0308,0.1385,59.05,21,2,21,56.9
3b20g,D:\Main_Project\Multimodal_NDD_Prediction\dyslexia_screening\data/mps/mps_dataset\audios\3b20g_EN-OL-RC-234_2.wav,3,"He went out looking for the lost sheep. He walked all the way back to the river. At last, late in the night, he found the sheep in a bush. The bush was full of thorns. He got the sheep out and carried it home. He was happy. He showed the sheep to his friends. All of them were happy too.",44.84,0.9508,0.0492,0.0,0.0,0.0492,77.61,0,0,0,44.84
3b21a,D:\Main_Project\Multimodal_NDD_Prediction\dyslexia_screening\data/mps/mps_dataset\audios\3b21a_EN-OL-RC-234_2.wav,3,"He went out looking for the lost sheep. He walked all the way back to the river. At last, late in the night, he found the sheep in a bush. The bush was full of thorns. He got the sheep out and carried it home. He was happy. He showed the sheep to his friends. All of them were happy too.",41.66,0.8033,0.1803,0.0164,0.0164,0.1967,70.57,0,0,0,41.66
3b22b,D:\Main_Project\Multimodal_NDD_Prediction\dyslexia_screening\data/mps/mps_dataset\audios\3b22b_EN-OL-RC-234_1.wav,3,"Once, there lived a shepherd in a village. He was a kind and good man. He had a hundred sheep. One day, he took the sheep to the riverside. There was a lot of grass there for the sheep. In the evening, the shepherd took them back home. He counted the sheep. There were only ninety-nine! One sheep was lost. The shepherd was sad.",40.79,0.9538,0.0462,0.0,0.0154,0.0462,91.2,8,1,8,40.79
3b22b,D:\Main_Project\Multimodal_NDD_Prediction\dyslexia_screening\data/mps/mps_dataset\audios\3b22b_EN-OL-RC-234_2.wav,3,"He went out looking for the lost sheep. He walked all the way back to the river. At last, late in the night, he found the sheep in a bush. The bush was full of thorns. He got the sheep out and carried it home. He was happy. He showed the sheep to his friends. All of them were happy too.",34.76,0.918,0.082,0.0,0.0,0.082,96.66,6,0,6,34.76
3b22f,D:\Main_Project\Multimodal_NDD_Prediction\dyslexia_screening\data/mps/mps_dataset\audios\3b22f_EN-OL-RC-234_1.wav,3,"Once, there lived a shepherd in a village. He was a kind and good man. He had a hundred sheep. One day, he took the sheep to the riverside. There was a lot of grass there for the sheep. In the evening, the shepherd took them back home. He counted the sheep. There were only ninety-nine! One sheep was lost. The shepherd was sad.",46.91,0.8769,0.1231,0.0,0.0615,0.1231,72.91,6,0,6,46.91
3b22f,D:\Main_Project\Multimodal_NDD_Prediction\dyslexia_screening\data/mps/mps_dataset\audios\3b22f_EN-OL-RC-234_2.wav,3,"He went out looking for the lost sheep. He walked all the way back to the river. At last, late in the night, he found the sheep in a bush. The bush was full of thorns. He got the sheep out and carried it home. He was happy. He showed the sheep to his friends. All of them were happy too.",53.2,0.8361,0.1639,0.0,0.1639,0.1639,57.52,10,1,10,53.2
3b23b,D:\Main_Project\Multimodal_NDD_Prediction\dyslexia_screening\data/mps/mps_dataset\audios\3b23b_EN-OL-RC-234_1.wav,3,"Once, there lived a shepherd in a village. He was a kind and good man. He had a hundred sheep. One day, he took the sheep to the riverside. There was a lot of grass there for the sheep. In the evening, the shepherd took them back home. He counted the sheep. There were only ninety-nine! One sheep was lost. The shepherd was sad.",42.89,0.9385,0.0615,0.0,0.0,0.0615,85.33,12,2,12,42.89
3b23c,D:\Main_Project\Multimodal_NDD_Prediction\dyslexia_screening\data/mps/mps_dataset\audios\3b23c_EN-OL-RC-234_1.wav,3,"Once, there lived a shepherd in a village. He was a kind and good man. He had a hundred sheep. One day, he took the sheep to the riverside. There was a lot of grass there for the sheep. In the evening, the shepherd took them back home. He counted the sheep. There were only ninety-nine! One sheep was lost. The shepherd was sad.",49.67,0.9077,0.0923,0.0,0.0308,0.0923,71.27,0,0,0,49.67
3b23f,D:\Main_Project\Multimodal_NDD_Prediction\dyslexia_screening\data/mps/mps_dataset\audios\3b23f_EN-OL-RC-234_1.wav,3,"Once, there lived a shepherd in a village. He was a kind and good man. He had a hundred sheep. One day, he took the sheep to the riverside. There was a lot of grass there for the sheep. In the evening, the shepherd took them back home. He counted the sheep. There were only ninety-nine! One sheep was lost. The shepherd was sad.",50.69,0.9538,0.0462,0.0,0.0462,0.0462,73.39,15,1,15,50.69
3b23k,D:\Main_Project\Multimodal_NDD_Prediction\dyslexia_screening\data/mps/mps_dataset\audios\3b23k_EN-OL-RC-234_1.wav,3,"Once, there lived a shepherd in a village. He was a kind and good man. He had a hundred sheep. One day, he took the sheep to the riverside. There was a lot of grass there for the sheep. In the evening, the shepherd took them back home. He counted the sheep. There were only ninety-nine! One sheep was lost. The shepherd was sad.",42.59,0.9538,0.0462,0.0,0.0308,0.0462,87.34,11,1,11,42.59
3b23k,D:\Main_Project\Multimodal_NDD_Prediction\dyslexia_screening\data/mps/mps_dataset\audios\3b23k_EN-OL-RC-234_2.wav,3,"He went out looking for the lost sheep. He walked all the way back to the river. At last, late in the night, he found the sheep in a bush. The bush was full of thorns. He got the sheep out and carried it home. He was happy. He showed the sheep to his friends. All of them were happy too.",49.27,0.9344,0.0492,0.0164,0.0492,0.0656,69.41,19,3,19,49.27
3b24a,D:\Main_Project\Multimodal_NDD_Prediction\dyslexia_screening\data/mps/mps_dataset\audios\3b24a_EN-OL-RC-234_2.wav,3,"He went out looking for the lost sheep. He walked all the way back to the river. At last, late in the night, he found the sheep in a bush. The bush was full of thorns. He got the sheep out and carried it home. He was happy. He showed the sheep to his friends. All of them were happy too.",60.26,0.4262,0.3115,0.2623,0.1148,0.5738,25.89,6,0,6,60.26
3b24c,D:\Main_Project\Multimodal_NDD_Prediction\dyslexia_screening\data/mps/mps_dataset\audios\3b24c_EN-OL-RC-234_1.wav,3,"Once, there lived a shepherd in a village. He was a kind and good man. He had a hundred sheep. One day, he took the sheep to the riverside. There was a lot of grass there for the sheep. In the evening, the shepherd took them back home. He counted the sheep. There were only ninety-nine! One sheep was lost. The shepherd was sad.",37.4,0.9538,0.0462,0.0,0.0154,0.0462,99.47,0,0,0,37.4
3b24c,D:\Main_Project\Multimodal_NDD_Prediction\dyslexia_screening\data/mps/mps_dataset\audios\3b24c_EN-OL-RC-234_2.wav,3,"He went out looking for the lost sheep. He walked all the way back to the river. At last, late in the night, he found the sheep in a bush. The bush was full of thorns. He got the sheep out and carried it home. He was happy. He showed the sheep to his friends. All of them were happy too.",33.07,0.9672,0.0328,0.0,0.0328,0.0328,107.05,0,0,0,33.07
3b24g,D:\Main_Project\Multimodal_NDD_Prediction\dyslexia_screening\data/mps/mps_dataset\audios\3b24g_EN-OL-RC-234_2.wav,3,"He went out looking for the lost sheep. He walked all the way back to the river. At last, late in the night, he found the sheep in a bush. The bush was full of thorns. He got the sheep out and carried it home. He was happy. He showed the sheep to his friends. All of them were happy too.",50.96,0.9344,0.0492,0.0164,0.0328,0.0656,67.11,21,2,21,50.96
3b25c,D:\Main_Project\Multimodal_NDD_Prediction\dyslexia_screening\data/mps/mps_dataset\audios\3b25c_EN-OL-RC-234_2.wav,3,"He went out looking for the lost sheep. He walked all the way back to the river. At last, late in the night, he found the sheep in a bush. The bush was full of thorns. He got the sheep out and carried it home. He was happy. He showed the sheep to his friends. All of them were happy too.",32.62,0.8852,0.1148,0.0,0.0,0.1148,99.33,0,0,0,32.62
3b26c,D:\Main_Project\Multimodal_NDD_Prediction\dyslexia_screening\data/mps/mps_dataset\audios\3b26c_EN-OL-RC-234_1.wav,3,"Once, there lived a shepherd in a village. He was a kind and good man. He had a hundred sheep. One day, he took the sheep to the riverside. There was a lot of grass there for the sheep. In the evening, the shepherd took them back home. He counted the sheep. There were only ninety-nine! One sheep was lost. The shepherd was sad.",27.89,0.9385,0.0308,0.0308,0.0,0.0615,131.23,0,0,0,27.89
3b26c,D:\Main_Project\Multimodal_NDD_Prediction\dyslexia_screening\data/mps/mps_dataset\audios\3b26c_EN-OL-RC-234_2.wav,3,"He went out looking for the lost sheep. He walked all the way back to the river. At last, late in the night, he found the sheep in a bush. The bush was full of thorns. He got the sheep out and carried it home. He was happy. He showed the sheep to his friends. All of them were happy too.",25.88,0.9508,0.0492,0.0,0.0492,0.0492,134.47,0,0,0,25.88
3b26k,D:\Main_Project\Multimodal_NDD_Prediction\dyslexia_screening\data/mps/mps_dataset\audios\3b26k_EN-OL-RC-234_1.wav,3,"Once, there lived a shepherd in a village. He was a kind and good man. He had a hundred sheep. One day, he took the sheep to the riverside. There was a lot of grass there for the sheep. In the evening, the shepherd took them back home. He counted the sheep. There were only ninety-nine! One sheep was lost. The shepherd was sad.",53.18,0.9231,0.0769,0.0,0.0769,0.0769,67.69,13,0,13,53.18
3b27c,D:\Main_Project\Multimodal_NDD_Prediction\dyslexia_screening\data/mps/mps_dataset\audios\3b27c_EN-OL-RC-234_1.wav,3,"Once, there lived a shepherd in a village. He was a kind and good man. He had a hundred sheep. One day, he took the sheep to the riverside. There was a lot of grass there for the sheep. In the evening, the shepherd took them back home. He counted the sheep. There were only ninety-nine! One sheep was lost. The shepherd was sad.",53.39,0.9846,0.0154,0.0,0.1077,0.0154,71.92,1,0,1,53.39
3b27k,D:\Main_Project\Multimodal_NDD_Prediction\dyslexia_screening\data/mps/mps_dataset\audios\3b27k_EN-OL-RC-234_2.wav,3,"He went out looking for the lost sheep. He walked all the way back to the river. At last, late in the night, he found the sheep in a bush. The bush was full of thorns. He got the sheep out and carried it home. He was happy. He showed the sheep to his friends. All of them were happy too.",48.35,0.9016,0.0984,0.0,0.0328,0.0984,68.25,19,0,19,48.35
3b28f,D:\Main_Project\Multimodal_NDD_Prediction\dyslexia_screening\data/mps/mps_dataset\audios\3b28f_EN-OL-RC-234_2.wav,3,"He went out looking for the lost sheep. He walked all the way back to the river. At last, late in the night, he found the sheep in a bush. The bush was full of thorns. He got the sheep out and carried it home. He was happy. He showed the sheep to his friends. All of them were happy too.",33.43,0.9836,0.0164,0.0,0.0328,0.0164,107.69,0,0,0,33.43
3b28h,D:\Main_Project\Multimodal_NDD_Prediction\dyslexia_screening\data/mps/mps_dataset\audios\3b28h_EN-OL-RC-234_1.wav,3,"Once, there lived a shepherd in a village. He was a kind and good man. He had a hundred sheep. One day, he took the sheep to the riverside. There was a lot of grass there for the sheep. In the evening, the shepherd took them back home. He counted the sheep. There were only ninety-nine! One sheep was lost. The shepherd was sad.",35.65,0.9385,0.0462,0.0154,0.0,0.0615,102.66,2,0,2,35.65
3b28h,D:\Main_Project\Multimodal_NDD_Prediction\dyslexia_screening\data/mps/mps_dataset\audios\3b28h_EN-OL-RC-234_2.wav,3,"He went out looking for the lost sheep. He walked all the way back to the river. At last, late in the night, he found the sheep in a bush. The bush was full of thorns. He got the sheep out and carried it home. He was happy. He showed the sheep to his friends. All of them were happy too.",31.43,0.9672,0.0328,0.0,0.0164,0.0328,112.63,4,0,4,31.43
3b29a,D:\Main_Project\Multimodal_NDD_Prediction\dyslexia_screening\data/mps/mps_dataset\audios\3b29a_EN-OL-RC-234_1.wav,3,"Once, there lived a shepherd in a village. He was a kind and good man. He had a hundred sheep. One day, he took the sheep to the riverside. There was a lot of grass there for the sheep. In the evening, the shepherd took them back home. He counted the sheep. There were only ninety-nine! One sheep was lost. The shepherd was sad.",45.23,0.9231,0.0769,0.0,0.0308,0.0769,79.59,0,0,0,45.23
3b29f,D:\Main_Project\Multimodal_NDD_Prediction\dyslexia_screening\data/mps/mps_dataset\audios\3b29f_EN-OL-RC-234_1.wav,3,"Once, there lived a shepherd in a village. He was a kind and good man. He had a hundred sheep. One day, he took the sheep to the riverside. There was a lot of grass there for the sheep. In the evening, the shepherd took them back home. He counted the sheep. There were only ninety-nine! One sheep was lost. The shepherd was sad.",39.26,1.0,0.0,0.0,0.0308,0.0,99.34,0,0,0,39.26
3b29f,D:\Main_Project\Multimodal_NDD_Prediction\dyslexia_screening\data/mps/mps_dataset\audios\3b29f_EN-OL-RC-234_2.wav,3,"He went out looking for the lost sheep. He walked all the way back to the river. At last, late in the night, he found the sheep in a bush. The bush was full of thorns. He got the sheep out and carried it home. He was happy. He showed the sheep to his friends. All of them were happy too.",40.76,0.9508,0.0492,0.0,0.0328,0.0492,85.38,0,0,0,40.76
3b29g,D:\Main_Project\Multimodal_NDD_Prediction\dyslexia_screening\data/mps/mps_dataset\audios\3b29g_EN-OL-RC-234_1.wav,3,"Once, there lived a shepherd in a village. He was a kind and good man. He had a hundred sheep. One day, he took the sheep to the riverside. There was a lot of grass there for the sheep. In the evening, the shepherd took them back home. He counted the sheep. There were only ninety-nine! One sheep was lost. The shepherd was sad.",53.03,0.8462,0.1538,0.0,0.0,0.1538,62.23,6,0,6,53.03
3b2c,D:\Main_Project\Multimodal_NDD_Prediction\dyslexia_screening\data/mps/mps_dataset\audios\3b2c_EN-OL-RC-234_1.wav,3,"Once, there lived a shepherd in a village. He was a kind and good man. He had a hundred sheep. One day, he took the sheep to the riverside. There was a lot of grass there for the sheep. In the evening, the shepherd took them back home. He counted the sheep. There were only ninety-nine! One sheep was lost. The shepherd was sad.",51.97,0.7846,0.1846,0.0308,0.0308,0.2154,58.88,0,0,0,51.97
3b2f,D:\Main_Project\Multimodal_NDD_Prediction\dyslexia_screening\data/mps/mps_dataset\audios\3b2f_EN-OL-RC-234_2.wav,3,"He went out looking for the lost sheep. He walked all the way back to the river. At last, late in the night, he found the sheep in a bush. The bush was full of thorns. He got the sheep out and carried it home. He was happy. He showed the sheep to his friends. All of them were happy too.",34.74,0.918,0.082,0.0,0.0164,0.082,96.72,0,0,0,34.74
3b30b,D:\Main_Project\Multimodal_NDD_Prediction\dyslexia_screening\data/mps/mps_dataset\audios\3b30b_EN-OL-RC-234_2.wav,3,"He went out looking for the lost sheep. He walked all the way back to the river. At last, late in the night, he found the sheep in a bush. The bush was full of thorns. He got the sheep out and carried it home. He was happy. He showed the sheep to his friends. All of them were happy too.",47.75,0.9508,0.0492,0.0,0.0,0.0492,72.88,24,1,24,47.75
3b30f,D:\Main_Project\Multimodal_NDD_Prediction\dyslexia_screening\data/mps/mps_dataset\audios\3b30f_EN-OL-RC-234_2.wav,3,"He went out looking for the lost sheep. He walked all the way back to the river. At last, late in the night, he found the sheep in a bush. The bush was full of thorns. He got the sheep out and carried it home. He was happy. He showed the sheep to his friends. All of them were happy too.",47.33,0.7869,0.1967,0.0164,0.0328,0.2131,60.85,17,2,17,47.33
3b32g,D:\Main_Project\Multimodal_NDD_Prediction\dyslexia_screening\data/mps/mps_dataset\audios\3b32g_EN-OL-RC-234_2.wav,3,"He went out looking for the lost sheep. He walked all the way back to the river. At last, late in the night, he found the sheep in a bush. The bush was full of thorns. He got the sheep out and carried it home. He was happy. He showed the sheep to his friends. All of them were happy too.",53.54,0.9672,0.0328,0.0,0.0656,0.0328,66.12,0,0,0,53.54
3b33a,D:\Main_Project\Multimodal_NDD_Prediction\dyslexia_screening\data/mps/mps_dataset\audios\3b33a_EN-OL-RC-234_2.wav,3,"He went out looking for the lost sheep. He walked all the way back to the river. At last, late in the night, he found the sheep in a bush. The bush was full of thorns. He got the sheep out and carried it home. He was happy. He showed the sheep to his friends. All of them were happy too.",59.84,0.459,0.2131,0.3279,0.082,0.541,28.07,4,0,4,59.84
3b33g,D:\Main_Project\Multimodal_NDD_Prediction\dyslexia_screening\data/mps/mps_dataset\audios\3b33g_EN-OL-RC-234_2.wav,3,"He went out looking for the lost sheep. He walked all the way back to the river. At last, late in the night, he found the sheep in a bush. The bush was full of thorns. He got the sheep out and carried it home. He was happy. He showed the sheep to his friends. All of them were happy too.",29.0,0.9508,0.0492,0.0,0.0,0.0492,120.0,0,0,0,29.0
3b33h,D:\Main_Project\Multimodal_NDD_Prediction\dyslexia_screening\data/mps/mps_dataset\audios\3b33h_EN-OL-RC-234_1.wav,3,"Once, there lived a shepherd in a village. He was a kind and good man. He had a hundred sheep. One day, he took the sheep to the riverside. There was a lot of grass there for the sheep. In the evening, the shepherd took them back home. He counted the sheep. There were only ninety-nine! One sheep was lost. The shepherd was sad.",33.17,0.9538,0.0462,0.0,0.0308,0.0462,112.15,5,0,5,33.17
3b33h,D:\Main_Project\Multimodal_NDD_Prediction\dyslexia_screening\data/mps/mps_dataset\audios\3b33h_EN-OL-RC-234_2.wav,3,"He went out looking for the lost sheep. He walked all the way back to the river. At last, late in the night, he found the sheep in a bush. The bush was full of thorns. He got the sheep out and carried it home. He was happy. He showed the sheep to his friends. All of them were happy too.",30.03,0.9836,0.0164,0.0,0.0164,0.0164,119.88,5,0,5,30.03
3b34a,D:\Main_Project\Multimodal_NDD_Prediction\dyslexia_screening\data/mps/mps_dataset\audios\3b34a_EN-OL-RC-234_2.wav,3,"He went out looking for the lost sheep. He walked all the way back to the river. At last, late in the night, he found the sheep in a bush. The bush was full of thorns. He got the sheep out and carried it home. He was happy. He showed the sheep to his friends. All of them were happy too.",26.3,0.918,0.082,0.0,0.0164,0.082,127.76,0,0,0,26.3
3b34g,D:\Main_Project\Multimodal_NDD_Prediction\dyslexia_screening\data/mps/mps_dataset\audios\3b34g_EN-OL-RC-234_1.wav,3,"Once, there lived a shepherd in a village. He was a kind and good man. He had a hundred sheep. One day, he took the sheep to the riverside. There was a lot of grass there for the sheep. In the evening, the shepherd took them back home. He counted the sheep. There were only ninety-nine! One sheep was lost. The shepherd was sad.",61.18,0.7385,0.0615,0.2,0.0923,0.2615,47.07,0,0,0,61.18
3b34k,D:\Main_Project\Multimodal_NDD_Prediction\dyslexia_screening\data/mps/mps_dataset\audios\3b34k_EN-OL-RC-234_1.wav,3,"Once, there lived a shepherd in a village. He was a kind and good man. He had a hundred sheep. One day, he took the sheep to the riverside. There was a lot of grass there for the sheep. In the evening, the shepherd took them back home. He counted the sheep. There were only ninety-nine! One sheep was lost. The shepherd was sad.",50.93,0.9231,0.0769,0.0,0.0769,0.0769,70.69,10,1,10,50.93
3b35a,D:\Main_Project\Multimodal_NDD_Prediction\dyslexia_screening\data/mps/mps_dataset\audios\3b35a_EN-OL-RC-234_1.wav,3,"Once, there lived a shepherd in a village. He was a kind and good man. He had a hundred sheep. One day, he took the sheep to the riverside. There was a lot of grass there for the sheep. In the evening, the shepherd took them back home. He counted the sheep. There were only ninety-nine! One sheep was lost. The shepherd was sad.",40.06,0.9846,0.0154,0.0,0.0,0.0154,95.86,0,0,0,40.06
3b35a,D:\Main_Project\Multimodal_NDD_Prediction\dyslexia_screening\data/mps/mps_dataset\audios\3b35a_EN-OL-RC-234_2.wav,3,"He went out looking for the lost sheep. He walked all the way back to the river. At last, late in the night, he found the sheep in a bush. The bush was full of thorns. He got the sheep out and carried it home. He was happy. He showed the sheep to his friends. All of them were happy too.",38.14,0.918,0.082,0.0,0.0328,0.082,88.1,0,0,0,38.14
3b35g,D:\Main_Project\Multimodal_NDD_Prediction\dyslexia_screening\data/mps/mps_dataset\audios\3b35g_EN-OL-RC-234_1.wav,3,"Once, there lived a shepherd in a village. He was a kind and good man. He had a hundred sheep. One day, he took the sheep to the riverside. There was a lot of grass there for the sheep. In the evening, the shepherd took them back home. He counted the sheep. There were only ninety-nine! One sheep was lost. The shepherd was sad.",30.47,0.9385,0.0462,0.0154,0.0,0.0615,120.12,0,0,0,30.47
3b35g,D:\Main_Project\Multimodal_NDD_Prediction\dyslexia_screening\data/mps/mps_dataset\audios\3b35g_EN-OL-RC-234_2.wav,3,"He went out looking for the lost sheep. He walked all the way back to the river. At last, late in the night, he found the sheep in a bush. The bush was full of thorns. He got the sheep out and carried it home. He was happy. He showed the sheep to his friends. All of them were happy too.",26.27,0.9672,0.0164,0.0164,0.0164,0.0328,134.75,0,0,0,26.27
3b36g,D:\Main_Project\Multimodal_NDD_Prediction\dyslexia_screening\data/mps/mps_dataset\audios\3b36g_EN-OL-RC-234_2.wav,3,"He went out looking for the lost sheep. He walked all the way back to the river. At last, late in the night, he found the sheep in a bush. The bush was full of thorns. He got the sheep out and carried it home. He was happy. He showed the sheep to his friends. All of them were happy too.",44.57,0.8525,0.1475,0.0,0.0656,0.1475,70.0,0,0,0,44.57
3b36h,D:\Main_Project\Multimodal_NDD_Prediction\dyslexia_screening\data/mps/mps_dataset\audios\3b36h_EN-OL-RC-234_1.wav,3,"Once, there lived a shepherd in a village. He was a kind and good man. He had a hundred sheep. One day, he took the sheep to the riverside. There was a lot of grass there for the sheep. In the evening, the shepherd took them back home. He counted the sheep. There were only ninety-nine! One sheep was lost. The shepherd was sad.",47.36,0.8615,0.1385,0.0,0.0615,0.1385,70.95,15,1,15,47.36
3b36h,D:\Main_Project\Multimodal_NDD_Prediction\dyslexia_screening\data/mps/mps_dataset\audios\3b36h_EN-OL-RC-234_2.wav,3,"He went out looking for the lost sheep. He walked all the way back to the river. At last, late in the night, he found the sheep in a bush. The bush was full of thorns. He got the sheep out and carried it home. He was happy. He showed the sheep to his friends. All of them were happy too.",37.58,0.8525,0.1148,0.0328,0.0656,0.1475,83.02,5,0,5,37.58
3b37a,D:\Main_Project\Multimodal_NDD_Prediction\dyslexia_screening\data/mps/mps_dataset\audios\3b37a_EN-OL-RC-234_2.wav,3,"He went out looking for the lost sheep. He walked all the way back to the river. At last, late in the night, he found the sheep in a bush. The bush was full of thorns. He got the sheep out and carried it home. He was happy. He showed the sheep to his friends. All of them were happy too.",60.59,0.3934,0.4098,0.1967,0.082,0.6066,23.77,0,0,0,60.59
3b37f,D:\Main_Project\Multimodal_NDD_Prediction\dyslexia_screening\data/mps/mps_dataset\audios\3b37f_EN-OL-RC-234_2.wav,3,"He went out looking for the lost sheep. He walked all the way back to the river. At last, late in the night, he found the sheep in a bush. The bush was full of thorns. He got the sheep out and carried it home. He was happy. He showed the sheep to his friends. All of them were happy too.",34.99,0.9672,0.0328,0.0,0.0,0.0328,101.17,0,0,0,34.99
3b37g,D:\Main_Project\Multimodal_NDD_Prediction\dyslexia_screening\data/mps/mps_dataset\audios\3b37g_EN-OL-RC-234_1.wav,3,"Once, there lived a shepherd in a village. He was a kind and good man. He had a hundred sheep. One day, he took the sheep to the riverside. There was a lot of grass there for the sheep. In the evening, the shepherd took them back home. He counted the sheep. There were only ninety-nine! One sheep was lost. The shepherd was sad.",44.15,0.8923,0.1077,0.0,0.0308,0.1077,78.82,9,0,9,44.15
3b3b,D:\Main_Project\Multimodal_NDD_Prediction\dyslexia_screening\data/mps/mps_dataset\audios\3b3b_EN-OL-RC-234_1.wav,3,"Once, there lived a shepherd in a village. He was a kind and good man. He had a hundred sheep. One day, he took the sheep to the riverside. There was a lot of grass there for the sheep. In the evening, the shepherd took them back home. He counted the sheep. There were only ninety-nine! One sheep was lost. The shepherd was sad.",52.38,0.7846,0.2154,0.0,0.0769,0.2154,58.42,8,0,8,52.38
3b3b,D:\Main_Project\Multimodal_NDD_Prediction\dyslexia_screening\data/mps/mps_dataset\audios\3b3b_EN-OL-RC-234_2.wav,3,"He went out looking for the lost sheep. He walked all the way back to the river. At last, late in the night, he found the sheep in a bush. The bush was full of thorns. He got the sheep out and carried it home. He was happy. He showed the sheep to his friends. All of them were happy too.",45.32,0.8197,0.1803,0.0,0.0656,0.1803,66.2,10,0,10,45.32
3b3f,D:\Main_Project\Multimodal_NDD_Prediction\dyslexia_screening\data/mps/mps_dataset\audios\3b3f_EN-OL-RC-234_1.wav,3,"Once, there lived a shepherd in a village. He was a kind and good man. He had a hundred sheep. One day, he took the sheep to the riverside. There was a lot of grass there for the sheep. In the evening, the shepherd took them back home. He counted the sheep. There were only ninety-nine! One sheep was lost. The shepherd was sad.",48.38,0.8154,0.1846,0.0,0.0923,0.1846,65.73,3,1,3,48.38
3b41a,D:\Main_Project\Multimodal_NDD_Prediction\dyslexia_screening\data/mps/mps_dataset\audios\3b41a_EN-OL-RC-234_1.wav,3,"Once, there lived a shepherd in a village. He was a kind and good man. He had a hundred sheep. One day, he took the sheep to the riverside. There was a lot of grass there for the sheep. In the evening, the shepherd took them back home. He counted the sheep. There were only ninety-nine! One sheep was lost. The shepherd was sad.",30.53,0.9077,0.0923,0.0,0.0308,0.0923,115.95,0,0,0,30.53
3b41a,D:\Main_Project\Multimodal_NDD_Prediction\dyslexia_screening\data/mps/mps_dataset\audios\3b41a_EN-OL-RC-234_2.wav,3,"He went out looking for the lost sheep. He walked all the way back to the river. At last, late in the night, he found the sheep in a bush. The bush was full of thorns. He got the sheep out and carried it home. He was happy. He showed the sheep to his friends. All of them were happy too.",31.67,0.8525,0.1311,0.0164,0.0492,0.1475,98.52,0,0,0,31.67
3b41g,D:\Main_Project\Multimodal_NDD_Prediction\dyslexia_screening\data/mps/mps_dataset\audios\3b41g_EN-OL-RC-234_1.wav,3,"Once, there lived a shepherd in a village. He was a kind and good man. He had a hundred sheep. One day, he took the sheep to the riverside. There was a lot of grass there for the sheep. In the evening, the shepherd took them back home. He counted the sheep. There were only ninety-nine! One sheep was lost. The shepherd was sad.",59.58,0.6154,0.1385,0.2462,0.0154,0.3846,40.28,0,0,0,59.58
3b42a,D:\Main_Project\Multimodal_NDD_Prediction\dyslexia_screening\data/mps/mps_dataset\audios\3b42a_EN-OL-RC-234_1.wav,3,"Once, there lived a shepherd in a village. He was a kind and good man. He had a hundred sheep. One day, he took the sheep to the riverside. There was a lot of grass there for the sheep. In the evening, the shepherd took them back home. He counted the sheep. There were only ninety-nine! One sheep was lost. The shepherd was sad.",34.03,0.9385,0.0615,0.0,0.0,0.0615,107.55,1,0,1,34.03
3b42a,D:\Main_Project\Multimodal_NDD_Prediction\dyslexia_screening\data/mps/mps_dataset\audios\3b42a_EN-OL-RC-234_2.wav,3,"He went out looking for the lost sheep. He walked all the way back to the river. At last, late in the night, he found the sheep in a bush. The bush was full of thorns. He got the sheep out and carried it home. He was happy. He showed the sheep to his friends. All of them were happy too.",31.16,0.9672,0.0328,0.0,0.0164,0.0328,113.61,5,0,5,31.16
3b42f,D:\Main_Project\Multimodal_NDD_Prediction\dyslexia_screening\data/mps/mps_dataset\audios\3b42f_EN-OL-RC-234_1.wav,3,"Once, there lived a shepherd in a village. He was a kind and good man. He had a hundred sheep. One day, he took the sheep to the riverside. There was a lot of grass there for the sheep. In the evening, the shepherd took them back home. He counted the sheep. There were only ninety-nine! One sheep was lost. The shepherd was sad.",49.34,0.9538,0.0462,0.0,0.0462,0.0462,75.4,5,0,5,49.34
3b42f,D:\Main_Project\Multimodal_NDD_Prediction\dyslexia_screening\data/mps/mps_dataset\audios\3b42f_EN-OL-RC-234_2.wav,3,"He went out looking for the lost sheep. He walked all the way back to the river. At last, late in the night, he found the sheep in a bush. The bush was full of thorns. He got the sheep out and carried it home. He was happy. He showed the sheep to his friends. All of them were happy too.",41.74,0.9344,0.0656,0.0,0.0164,0.0656,81.94,2,0,2,41.74
3b42g,D:\Main_Project\Multimodal_NDD_Prediction\dyslexia_screening\data/mps/mps_dataset\audios\3b42g_EN-OL-RC-234_2.wav,3,"He went out looking for the lost sheep. He walked all the way back to the river. At last, late in the night, he found the sheep in a bush. The bush was full of thorns. He got the sheep out and carried it home. He was happy. He showed the sheep to his friends. All of them were happy too.",30.22,0.9016,0.0984,0.0,0.0,0.0984,109.2,0,0,0,30.22
3b43b,D:\Main_Project\Multimodal_NDD_Prediction\dyslexia_screening\data/mps/mps_dataset\audios\3b43b_EN-OL-RC-234_1.wav,3,"Once, there lived a shepherd in a village. He was a kind and good man. He had a hundred sheep. One day, he took the sheep to the riverside. There was a lot of grass there for the sheep. In the evening, the shepherd took them back home. He counted the sheep. There were only ninety-nine! One sheep was lost. The shepherd was sad.",50.84,0.9385,0.0615,0.0,0.0462,0.0615,71.99,13,3,13,50.84
3b43b,D:\Main_Project\Multimodal_NDD_Prediction\dyslexia_screening\data/mps/mps_dataset\audios\3b43b_EN-OL-RC-234_2.wav,3,"He went out looking for the lost sheep. He walked all the way back to the river. At last, late in the night, he found the sheep in a bush. The bush was full of thorns. He got the sheep out and carried it home. He was happy. He showed the sheep to his friends. All of them were happy too.",41.3,0.9508,0.0492,0.0,0.0328,0.0492,84.26,13,1,13,41.3
3b43g,D:\Main_Project\Multimodal_NDD_Prediction\dyslexia_screening\data/mps/mps_dataset\audios\3b43g_EN-OL-RC-234_1.wav,3,"Once, there lived a shepherd in a village. He was a kind and good man. He had a hundred sheep. One day, he took the sheep to the riverside. There was a lot of grass there for the sheep. In the evening, the shepherd took them back home. He counted the sheep. There were only ninety-nine! One sheep was lost. The shepherd was sad.",47.06,0.9692,0.0308,0.0,0.0154,0.0308,80.32,3,0,3,47.06
3b43g,D:\Main_Project\Multimodal_NDD_Prediction\dyslexia_screening\data/mps/mps_dataset\audios\3b43g_EN-OL-RC-234_2.wav,3,"He went out looking for the lost sheep. He walked all the way back to the river. At last, late in the night, he found the sheep in a bush. The bush was full of thorns. He got the sheep out and carried it home. He was happy. He showed the sheep to his friends. All of them were happy too.",49.52,0.9508,0.0492,0.0,0.1148,0.0492,70.27,3,0,3,49.52
3b44a,D:\Main_Project\Multimodal_NDD_Prediction\dyslexia_screening\data/mps/mps_dataset\audios\3b44a_EN-OL-RC-234_1.wav,3,"Once, there lived a shepherd in a village. He was a kind and good man. He had a hundred sheep. One day, he took the sheep to the riverside. There was a lot of grass there for the sheep. In the evening, the shepherd took them back home. He counted the sheep. There were only ninety-nine! One sheep was lost. The shepherd was sad.",47.77,0.8,0.2,0.0,0.0462,0.2,65.31,0,0,0,47.77
3b44a,D:\Main_Project\Multimodal_NDD_Prediction\dyslexia_screening\data/mps/mps_dataset\audios\3b44a_EN-OL-RC-234_2.wav,3,"He went out looking for the lost sheep. He walked all the way back to the river. At last, late in the night, he found the sheep in a bush. The bush was full of thorns. He got the sheep out and carried it home. He was happy. He showed the sheep to his friends. All of them were happy too.",53.45,0.8525,0.1475,0.0,0.0492,0.1475,58.37,0,0,0,53.45
3b44f,D:\Main_Project\Multimodal_NDD_Prediction\dyslexia_screening\data/mps/mps_dataset\audios\3b44f_EN-OL-RC-234_1.wav,3,"Once, there lived a shepherd in a village. He was a kind and good man. He had a hundred sheep. One day, he took the sheep to the riverside. There was a lot of grass there for the sheep. In the evening, the shepherd took them back home. He counted the sheep. There were only ninety-nine! One sheep was lost. The shepherd was sad.",57.12,0.8154,0.1846,0.0,0.0154,0.1846,55.67,5,0,5,57.12
3b44g,D:\Main_Project\Multimodal_NDD_Prediction\dyslexia_screening\data/mps/mps_dataset\audios\3b44g_EN-OL-RC-234_1.wav,3,"Once, there lived a shepherd in a village. He was a kind and good man. He had a hundred sheep. One day, he took the sheep to the riverside. There was a lot of grass there for the sheep. In the evening, the shepherd took them back home. He counted the sheep. There were only ninety-nine! One sheep was lost. The shepherd was sad.",40.34,0.9538,0.0462,0.0,0.0,0.0462,92.22,0,0,0,40.34
3b44k,D:\Main_Project\Multimodal_NDD_Prediction\dyslexia_screening\data/mps/mps_dataset\audios\3b44k_EN-OL-RC-234_1.wav,3,"Once, there lived a shepherd in a village. He was a kind and good man. He had a hundred sheep. One day, he took the sheep to the riverside. There was a lot of grass there for the sheep. In the evening, the shepherd took them back home. He counted the sheep. There were only ninety-nine! One sheep was lost. The shepherd was sad.",31.46,0.9846,0.0154,0.0,0.0462,0.0154,122.06,5,0,5,31.46
3b44k,D:\Main_Project\Multimodal_NDD_Prediction\dyslexia_screening\data/mps/mps_dataset\audios\3b44k_EN-OL-RC-234_2.wav,3,"He went out looking for the lost sheep. He walked all the way back to the river. At last, late in the night, he found the sheep in a bush. The bush was full of thorns. He got the sheep out and carried it home. He was happy. He showed the sheep to his friends. All of them were happy too.",30.77,0.918,0.082,0.0,0.0164,0.082,109.2,7,0,7,30.77
3b45a,D:\Main_Project\Multimodal_NDD_Prediction\dyslexia_screening\data/mps/mps_dataset\audios\3b45a_EN-OL-RC-234_1.wav,3,"Once, there lived a shepherd in a village. He was a kind and good man. He had a hundred sheep. One day, he took the sheep to the riverside. There was a lot of grass there for the sheep. In the evening, the shepherd took them back home. He counted the sheep. There were only ninety-nine! One sheep was lost. The shepherd was sad.",40.61,0.9538,0.0462,0.0,0.0,0.0462,91.6,0,0,0,40.61
3b45a,D:\Main_Project\Multimodal_NDD_Prediction\dyslexia_screening\data/mps/mps_dataset\audios\3b45a_EN-OL-RC-234_2.wav,3,"He went out looking for the lost sheep. He walked all the way back to the river. At last, late in the night, he found the sheep in a bush. The bush was full of thorns. He got the sheep out and carried it home. He was happy. He showed the sheep to his friends. All of them were happy too.",35.83,0.8689,0.1311,0.0,0.0,0.1311,88.75,1,0,1,35.83
3b46a,D:\Main_Project\Multimodal_NDD_Prediction\dyslexia_screening\data/mps/mps_dataset\audios\3b46a_EN-OL-RC-234_1.wav,3,"Once, there lived a shepherd in a village. He was a kind and good man. He had a hundred sheep. One day, he took the sheep to the riverside. There was a lot of grass there for the sheep. In the evening, the shepherd took them back home. He counted the sheep. There were only ninety-nine! One sheep was lost. The shepherd was sad.",56.09,0.8769,0.1231,0.0,0.0154,0.1231,60.97,0,0,0,56.09
3b46b,D:\Main_Project\Multimodal_NDD_Prediction\dyslexia_screening\data/mps/mps_dataset\audios\3b46b_EN-OL-RC-234_1.wav,3,"Once, there lived a shepherd in a village. He was a kind and good man. He had a hundred sheep. One day, he took the sheep to the riverside. There was a lot of grass there for the sheep. In the evening, the shepherd took them back home. He counted the sheep. There were only ninety-nine! One sheep was lost. The shepherd was sad.",48.38,0.9231,0.0769,0.0,0.0154,0.0769,74.41,5,1,5,48.38
3b46b,D:\Main_Project\Multimodal_NDD_Prediction\dyslexia_screening\data/mps/mps_dataset\audios\3b46b_EN-OL-RC-234_2.wav,3,"He went out looking for the lost sheep. He walked all the way back to the river. At last, late in the night, he found the sheep in a bush. The bush was full of thorns. He got the sheep out and carried it home. He was happy. He showed the sheep to his friends. All of them were happy too.",42.8,0.9016,0.0984,0.0,0.0164,0.0984,77.1,9,0,9,42.8
3b46g,D:\Main_Project\Multimodal_NDD_Prediction\dyslexia_screening\data/mps/mps_dataset\audios\3b46g_EN-OL-RC-234_1.wav,3,"Once, there lived a shepherd in a village. He was a kind and good man. He had a hundred sheep. One day, he took the sheep to the riverside. There was a lot of grass there for the sheep. In the evening, the shepherd took them back home. He counted the sheep. There were only ninety-nine! One sheep was lost. The shepherd was sad.",51.32,0.9231,0.0769,0.0,0.0154,0.0769,70.15,0,0,0,51.32
3b46g,D:\Main_Project\Multimodal_NDD_Prediction\dyslexia_screening\data/mps/mps_dataset\audios\3b46g_EN-OL-RC-234_2.wav,3,"He went out looking for the lost sheep. He walked all the way back to the river. At last, late in the night, he found the sheep in a bush. The bush was full of thorns. He got the sheep out and carried it home. He was happy. He showed the sheep to his friends. All of them were happy too.",45.5,0.9508,0.0492,0.0,0.0164,0.0492,76.48,0,0,0,45.5
3b47a,D:\Main_Project\Multimodal_NDD_Prediction\dyslexia_screening\data/mps/mps_dataset\audios\3b47a_EN-OL-RC-234_1.wav,3,"Once, there lived a shepherd in a village. He was a kind and good man. He had a hundred sheep. One day, he took the sheep to the riverside. There was a lot of grass there for the sheep. In the evening, the shepherd took them back home. He counted the sheep. There were only ninety-nine! One sheep was lost. The shepherd was sad.",43.51,0.9385,0.0615,0.0,0.0154,0.0615,84.12,1,0,1,43.51
3b47a,D:\Main_Project\Multimodal_NDD_Prediction\dyslexia_screening\data/mps/mps_dataset\audios\3b47a_EN-OL-RC-234_2.wav,3,"He went out looking for the lost sheep. He walked all the way back to the river. At last, late in the night, he found the sheep in a bush. The bush was full of thorns. He got the sheep out and carried it home. He was happy. He showed the sheep to his friends. All of them were happy too.",45.68,0.8361,0.1639,0.0,0.0164,0.1639,66.99,1,0,1,45.68
3b48k,D:\Main_Project\Multimodal_NDD_Prediction\dyslexia_screening\data/mps/mps_dataset\audios\3b48k_EN-OL-RC-234_1.wav,3,"Once, there lived a shepherd in a village. He was a kind and good man. He had a hundred sheep. One day, he took the sheep to the riverside. There was a lot of grass there for the sheep. In the evening, the shepherd took them back home. He counted the sheep. There were only ninety-nine! One sheep was lost. The shepherd was sad.",49.76,0.9077,0.0923,0.0,0.0154,0.0923,71.14,0,0,0,49.76
3b49a,D:\Main_Project\Multimodal_NDD_Prediction\dyslexia_screening\data/mps/mps_dataset\audios\3b49a_EN-OL-RC-234_1.wav,3,"Once, there lived a shepherd in a village. He was a kind and good man. He had a hundred sheep. One day, he took the sheep to the riverside. There was a lot of grass there for the sheep. In the evening, the shepherd took them back home. He counted the sheep. There were only ninety-nine! One sheep was lost. The shepherd was sad.",51.8,0.8462,0.1538,0.0,0.0308,0.1538,63.71,2,0,2,51.8
3b49f,D:\Main_Project\Multimodal_NDD_Prediction\dyslexia_screening\data/mps/mps_dataset\audios\3b49f_EN-OL-RC-234_1.wav,3,"Once, there lived a shepherd in a village. He was a kind and good man. He had a hundred sheep. One day, he took the sheep to the riverside. There was a lot of grass there for the sheep. In the evening, the shepherd took them back home. He counted the sheep. There were only ninety-nine! One sheep was lost. The shepherd was sad.",36.56,0.9692,0.0308,0.0,0.0,0.0308,103.39,0,0,0,36.56
3b49f,D:\Main_Project\Multimodal_NDD_Prediction\dyslexia_screening\data/mps/mps_dataset\audios\3b49f_EN-OL-RC-234_2.wav,3,"He went out looking for the lost sheep. He walked all the way back to the river. At last, late in the night, he found the sheep in a bush. The bush was full of thorns. He got the sheep out and carried it home. He was happy. He showed the sheep to his friends. All of them were happy too.",40.39,0.9672,0.0328,0.0,0.0328,0.0328,87.65,0,0,0,40.39
3b4c,D:\Main_Project\Multimodal_NDD_Prediction\dyslexia_screening\data/mps/mps_dataset\audios\3b4c_EN-OL-RC-234_1.wav,3,"Once, there lived a shepherd in a village. He was a kind and good man. He had a hundred sheep. One day, he took the sheep to the riverside. There was a lot of grass there for the sheep. In the evening, the shepherd took them back home. He counted the sheep. There were only ninety-nine! One sheep was lost. The shepherd was sad.",45.86,0.8,0.1846,0.0154,0.0308,0.2,68.03,0,0,0,45.86
3b4c,D:\Main_Project\Multimodal_NDD_Prediction\dyslexia_screening\data/mps/mps_dataset\audios\3b4c_EN-OL-RC-234_2.wav,3,"He went out looking for the lost sheep. He walked all the way back to the river. At last, late in the night, he found the sheep in a bush. The bush was full of thorns. He got the sheep out and carried it home. He was happy. He showed the sheep to his friends. All of them were happy too.",40.16,0.8361,0.1475,0.0164,0.0328,0.1639,76.2,0,0,0,40.16
3b4g,D:\Main_Project\Multimodal_NDD_Prediction\dyslexia_screening\data/mps/mps_dataset\audios\3b4g_EN-OL-RC-234_1.wav,3,"Once, there lived a shepherd in a village. He was a kind and good man. He had a hundred sheep. One day, he took the sheep to the riverside. There was a lot of grass there for the sheep. In the evening, the shepherd took them back home. He counted the sheep. There were only ninety-nine! One sheep was lost. The shepherd was sad.",36.29,0.9385,0.0615,0.0,0.0,0.0615,100.85,0,0,0,36.29
3b4g,D:\Main_Project\Multimodal_NDD_Prediction\dyslexia_screening\data/mps/mps_dataset\audios\3b4g_EN-OL-RC-234_2.wav,3,"He went out looking for the lost sheep. He walked all the way back to the river. At last, late in the night, he found the sheep in a bush. The bush was full of thorns. He got the sheep out and carried it home. He was happy. He showed the sheep to his friends. All of them were happy too.",39.17,0.9344,0.0656,0.0,0.0328,0.0656,87.31,0,0,0,39.17
3b51g,D:\Main_Project\Multimodal_NDD_Prediction\dyslexia_screening\data/mps/mps_dataset\audios\3b51g_EN-OL-RC-234_2.wav,3,"He went out looking for the lost sheep. He walked all the way back to the river. At last, late in the night, he found the sheep in a bush. The bush was full of thorns. He got the sheep out and carried it home. He was happy. He showed the sheep to his friends. All of them were happy too.",54.89,0.8361,0.1639,0.0,0.0164,0.1639,55.75,0,0,0,54.89
3b52f,D:\Main_Project\Multimodal_NDD_Prediction\dyslexia_screening\data/mps/mps_dataset\audios\3b52f_EN-OL-RC-234_1.wav,3,"Once, there lived a shepherd in a village. He was a kind and good man. He had a hundred sheep. One day, he took the sheep to the riverside. There was a lot of grass there for the sheep. In the evening, the shepherd took them back home. He counted the sheep. There were only ninety-nine! One sheep was lost. The shepherd was sad.",39.08,0.9385,0.0615,0.0,0.0154,0.0615,93.65,11,0,11,39.08
3b52f,D:\Main_Project\Multimodal_NDD_Prediction\dyslexia_screening\data/mps/mps_dataset\audios\3b52f_EN-OL-RC-234_2.wav,3,"He went out looking for the lost sheep. He walked all the way back to the river. At last, late in the night, he found the sheep in a bush. The bush was full of thorns. He got the sheep out and carried it home. He was happy. He showed the sheep to his friends. All of them were happy too.",36.59,0.918,0.082,0.0,0.0328,0.082,91.83,1,0,1,36.59
3b52k,D:\Main_Project\Multimodal_NDD_Prediction\dyslexia_screening\data/mps/mps_dataset\audios\3b52k_EN-OL-RC-234_1.wav,3,"Once, there lived a shepherd in a village. He was a kind and good man. He had a hundred sheep. One day, he took the sheep to the riverside. There was a lot of grass there for the sheep. In the evening, the shepherd took them back home. He counted the sheep. There were only ninety-nine! One sheep was lost. The shepherd was sad.",39.02,0.9077,0.0769,0.0154,0.0462,0.0923,90.72,5,0,5,39.02
3b52k,D:\Main_Project\Multimodal_NDD_Prediction\dyslexia_screening\data/mps/mps_dataset\audios\3b52k_EN-OL-RC-234_2.wav,3,"He went out looking for the lost sheep. He walked all the way back to the river. At last, late in the night, he found the sheep in a bush. The bush was full of thorns. He got the sheep out and carried it home. He was happy. He showed the sheep to his friends. All of them were happy too.",36.56,0.9344,0.0656,0.0,0.0328,0.0656,93.54,11,0,11,36.56
3b53k,D:\Main_Project\Multimodal_NDD_Prediction\dyslexia_screening\data/mps/mps_dataset\audios\3b53k_EN-OL-RC-234_2.wav,3,"He went out looking for the lost sheep. He walked all the way back to the river. At last, late in the night, he found the sheep in a bush. The bush was full of thorns. He got the sheep out and carried it home. He was happy. He showed the sheep to his friends. All of them were happy too.",45.69,0.8689,0.0984,0.0328,0.082,0.1311,69.6,13,2,13,45.69
3b54f,D:\Main_Project\Multimodal_NDD_Prediction\dyslexia_screening\data/mps/mps_dataset\audios\3b54f_EN-OL-RC-234_1.wav,3,"Once, there lived a shepherd in a village. He was a kind and good man. He had a hundred sheep. One day, he took the sheep to the riverside. There was a lot of grass there for the sheep. In the evening, the shepherd took them back home. He counted the sheep. There were only ninety-nine! One sheep was lost. The shepherd was sad.",42.32,0.8769,0.1231,0.0,0.0615,0.1231,80.81,3,0,3,42.32
3b55f,D:\Main_Project\Multimodal_NDD_Prediction\dyslexia_screening\data/mps/mps_dataset\audios\3b55f_EN-OL-RC-234_1.wav,3,"Once, there lived a shepherd in a village. He was a kind and good man. He had a hundred sheep. One day, he took the sheep to the riverside. There was a lot of grass there for the sheep. In the evening, the shepherd took them back home. He counted the sheep. There were only ninety-nine! One sheep was lost. The shepherd was sad.",51.38,0.9231,0.0769,0.0,0.0154,0.0769,70.07,0,0,0,51.38
3b55f,D:\Main_Project\Multimodal_NDD_Prediction\dyslexia_screening\data/mps/mps_dataset\audios\3b55f_EN-OL-RC-234_2.wav,3,"He went out looking for the lost sheep. He walked all the way back to the river. At last, late in the night, he found the sheep in a bush. The bush was full of thorns. He got the sheep out and carried it home. He was happy. He showed the sheep to his friends. All of them were happy too.",47.96,0.9016,0.0984,0.0,0.0164,0.0984,68.81,0,0,0,47.96
3b5a,D:\Main_Project\Multimodal_NDD_Prediction\dyslexia_screening\data/mps/mps_dataset\audios\3b5a_EN-OL-RC-234_1.wav,3,"Once, there lived a shepherd in a village. He was a kind and good man. He had a hundred sheep. One day, he took the sheep to the riverside. There was a lot of grass there for the sheep. In the evening, the shepherd took them back home. He counted the sheep. There were only ninety-nine! One sheep was lost. The shepherd was sad.",44.45,0.9077,0.0923,0.0,0.0,0.0923,79.64,2,0,2,44.45
3b5a,D:\Main_Project\Multimodal_NDD_Prediction\dyslexia_screening\data/mps/mps_dataset\audios\3b5a_EN-OL-RC-234_2.wav,3,"He went out looking for the lost sheep. He walked all the way back to the river. At last, late in the night, he found the sheep in a bush. The bush was full of thorns. He got the sheep out and carried it home. He was happy. He showed the sheep to his friends. All of them were happy too.",53.21,0.8361,0.1639,0.0,0.0328,0.1639,57.51,23,1,23,53.21
3b5c,D:\Main_Project\Multimodal_NDD_Prediction\dyslexia_screening\data/mps/mps_dataset\audios\3b5c_EN-OL-RC-234_1.wav,3,"Once, there lived a shepherd in a village. He was a kind and good man. He had a hundred sheep. One day, he took the sheep to the riverside. There was a lot of grass there for the sheep. In the evening, the shepherd took them back home. He counted the sheep. There were only ninety-nine! One sheep was lost. The shepherd was sad.",52.52,0.9385,0.0615,0.0,0.0308,0.0615,69.69,0,0,0,52.52
3b5c,D:\Main_Project\Multimodal_NDD_Prediction\dyslexia_screening\data/mps/mps_dataset\audios\3b5c_EN-OL-RC-234_2.wav,3,"He went out looking for the lost sheep. He walked all the way back to the river. At last, late in the night, he found the sheep in a bush. The bush was full of thorns. He got the sheep out and carried it home. He was happy. He showed the sheep to his friends. All of them were happy too.",47.12,0.8852,0.1148,0.0,0.0328,0.1148,68.76,0,0,0,47.12
3b6b,D:\Main_Project\Multimodal_NDD_Prediction\dyslexia_screening\data/mps/mps_dataset\audios\3b6b_EN-OL-RC-234_1.wav,3,"Once, there lived a shepherd in a village. He was a kind and good man. He had a hundred sheep. One day, he took the sheep to the riverside. There was a lot of grass there for the sheep. In the evening, the shepherd took them back home. He counted the sheep. There were only ninety-nine! One sheep was lost. The shepherd was sad.",47.05,0.9231,0.0769,0.0,0.0154,0.0769,76.51,16,1,16,47.05
3b6b,D:\Main_Project\Multimodal_NDD_Prediction\dyslexia_screening\data/mps/mps_dataset\audios\3b6b_EN-OL-RC-234_2.wav,3,"He went out looking for the lost sheep. He walked all the way back to the river. At last, late in the night, he found the sheep in a bush. The bush was full of thorns. He got the sheep out and carried it home. He was happy. He showed the sheep to his friends. All of them were happy too.",38.06,0.9508,0.0492,0.0,0.0164,0.0492,91.43,3,0,3,38.06
3b6g,D:\Main_Project\Multimodal_NDD_Prediction\dyslexia_screening\data/mps/mps_dataset\audios\3b6g_EN-OL-RC-234_2.wav,3,"He went out looking for the lost sheep. He walked all the way back to the river. At last, late in the night, he found the sheep in a bush. The bush was full of thorns. He got the sheep out and carried it home. He was happy. He showed the sheep to his friends. All of them were happy too.",33.53,0.9016,0.0984,0.0,0.0164,0.0984,98.42,0,0,0,33.53
3b6k,D:\Main_Project\Multimodal_NDD_Prediction\dyslexia_screening\data/mps/mps_dataset\audios\3b6k_EN-OL-RC-234_1.wav,3,"Once, there lived a shepherd in a village. He was a kind and good man. He had a hundred sheep. One day, he took the sheep to the riverside. There was a lot of grass there for the sheep. In the evening, the shepherd took them back home. He counted the sheep. There were only ninety-nine! One sheep was lost. The shepherd was sad.",32.0,1.0,0.0,0.0,0.0,0.0,121.88,0,0,0,32.0
3b6k,D:\Main_Project\Multimodal_NDD_Prediction\dyslexia_screening\data/mps/mps_dataset\audios\3b6k_EN-OL-RC-234_2.wav,3,"He went out looking for the lost sheep. He walked all the way back to the river. At last, late in the night, he found the sheep in a bush. The bush was full of thorns. He got the sheep out and carried it home. He was happy. He showed the sheep to his friends. All of them were happy too.",35.48,0.9836,0.0164,0.0,0.0164,0.0164,101.47,9,0,9,35.48
3b7a,D:\Main_Project\Multimodal_NDD_Prediction\dyslexia_screening\data/mps/mps_dataset\audios\3b7a_EN-OL-RC-234_1.wav,3,"Once, there lived a shepherd in a village. He was a kind and good man. He had a hundred sheep. One day, he took the sheep to the riverside. There was a lot of grass there for the sheep. In the evening, the shepherd took them back home. He counted the sheep. There were only ninety-nine! One sheep was lost. The shepherd was sad.",43.67,0.9385,0.0615,0.0,0.0,0.0615,83.81,0,0,0,43.67
3b7a,D:\Main_Project\Multimodal_NDD_Prediction\dyslexia_screening\data/mps/mps_dataset\audios\3b7a_EN-OL-RC-234_2.wav,3,"He went out looking for the lost sheep. He walked all the way back to the river. At last, late in the night, he found the sheep in a bush. The bush was full of thorns. He got the sheep out and carried it home. He was happy. He showed the sheep to his friends. All of them were happy too.",41.41,0.9508,0.0492,0.0,0.0,0.0492,84.04,0,0,0,41.41
3b7b,D:\Main_Project\Multimodal_NDD_Prediction\dyslexia_screening\data/mps/mps_dataset\audios\3b7b_EN-OL-RC-234_1.wav,3,"Once, there lived a shepherd in a village. He was a kind and good man. He had a hundred sheep. One day, he took the sheep to the riverside. There was a lot of grass there for the sheep. In the evening, the shepherd took them back home. He counted the sheep. There were only ninety-nine! One sheep was lost. The shepherd was sad.",60.14,0.8154,0.1077,0.0769,0.0615,0.1846,52.88,0,0,0,60.14
3b7b,D:\Main_Project\Multimodal_NDD_Prediction\dyslexia_screening\data/mps/mps_dataset\audios\3b7b_EN-OL-RC-234_2.wav,3,"He went out looking for the lost sheep. He walked all the way back to the river. At last, late in the night, he found the sheep in a bush. The bush was full of thorns. He got the sheep out and carried it home. He was happy. He showed the sheep to his friends. All of them were happy too.",54.59,0.9344,0.0656,0.0,0.0492,0.0656,62.65,2,0,2,54.59
3b7c,D:\Main_Project\Multimodal_NDD_Prediction\dyslexia_screening\data/mps/mps_dataset\audios\3b7c_EN-OL-RC-234_2.wav,3,"He went out looking for the lost sheep. He walked all the way back to the river. At last, late in the night, he found the sheep in a bush. The bush was full of thorns. He got the sheep out and carried it home. He was happy. He showed the sheep to his friends. All of them were happy too.",44.68,0.9508,0.0492,0.0,0.0164,0.0492,77.89,0,0,0,44.68
3b7g,D:\Main_Project\Multimodal_NDD_Prediction\dyslexia_screening\data/mps/mps_dataset\audios\3b7g_EN-OL-RC-234_1.wav,3,"Once, there lived a shepherd in a village. He was a kind and good man. He had a hundred sheep. One day, he took the sheep to the riverside. There was a lot of grass there for the sheep. In the evening, the shepherd took them back home. He counted the sheep. There were only ninety-nine! One sheep was lost. The shepherd was sad.",40.94,0.8154,0.1846,0.0,0.0,0.1846,77.67,0,0,0,40.94
3b7g,D:\Main_Project\Multimodal_NDD_Prediction\dyslexia_screening\data/mps/mps_dataset\audios\3b7g_EN-OL-RC-234_2.wav,3,"He went out looking for the lost sheep. He walked all the way back to the river. At last, late in the night, he found the sheep in a bush. The bush was full of thorns. He got the sheep out and carried it home. He was happy. He showed the sheep to his friends. All of them were happy too.",39.64,0.7869,0.1967,0.0164,0.0328,0.2131,72.65,1,0,1,39.64
3b8b,D:\Main_Project\Multimodal_NDD_Prediction\dyslexia_screening\data/mps/mps_dataset\audios\3b8b_EN-OL-RC-234_2.wav,3,"He went out looking for the lost sheep. He walked all the way back to the river. At last, late in the night, he found the sheep in a bush. The bush was full of thorns. He got the sheep out and carried it home. He was happy. He showed the sheep to his friends. All of them were happy too.",51.44,0.9344,0.0656,0.0,0.0492,0.0656,66.49,22,9,22,51.44
3b8c,D:\Main_Project\Multimodal_NDD_Prediction\dyslexia_screening\data/mps/mps_dataset\audios\3b8c_EN-OL-RC-234_1.wav,3,"Once, there lived a shepherd in a village. He was a kind and good man. He had a hundred sheep. One day, he took the sheep to the riverside. There was a lot of grass there for the sheep. In the evening, the shepherd took them back home. He counted the sheep. There were only ninety-nine! One sheep was lost. The shepherd was sad.",37.16,0.8769,0.1231,0.0,0.0154,0.1231,92.03,0,0,0,37.16
3c11a,D:\Main_Project\Multimodal_NDD_Prediction\dyslexia_screening\data/mps/mps_dataset\audios\3c11a_EN-OL-RC-234_2.wav,3,"He went out looking for the lost sheep. He walked all the way back to the river. At last, late in the night, he found the sheep in a bush. The bush was full of thorns. He got the sheep out and carried it home. He was happy. He showed the sheep to his friends. All of them were happy too.",58.58,0.7049,0.2623,0.0328,0.1311,0.2951,44.04,0,0,0,58.58
3c12a,D:\Main_Project\Multimodal_NDD_Prediction\dyslexia_screening\data/mps/mps_dataset\audios\3c12a_EN-OL-RC-234_1.wav,3,"Once, there lived a shepherd in a village. He was a kind and good man. He had a hundred sheep. One day, he took the sheep to the riverside. There was a lot of grass there for the sheep. In the evening, the shepherd took them back home. He counted the sheep. There were only ninety-nine! One sheep was lost. The shepherd was sad.",58.91,0.8615,0.0769,0.0615,0.1231,0.1385,57.04,0,0,0,58.91
3c12a,D:\Main_Project\Multimodal_NDD_Prediction\dyslexia_screening\data/mps/mps_dataset\audios\3c12a_EN-OL-RC-234_2.wav,3,"He went out looking for the lost sheep. He walked all the way back to the river. At last, late in the night, he found the sheep in a bush. The bush was full of thorns. He got the sheep out and carried it home. He was happy. He showed the sheep to his friends. All of them were happy too.",57.37,0.8525,0.1475,0.0,0.1311,0.1475,54.38,0,0,0,57.37
3c12b,D:\Main_Project\Multimodal_NDD_Prediction\dyslexia_screening\data/mps/mps_dataset\audios\3c12b_EN-OL-RC-234_1.wav,3,"Once, there lived a shepherd in a village. He was a kind and good man. He had a hundred sheep. One day, he took the sheep to the riverside. There was a lot of grass there for the sheep. In the evening, the shepherd took them back home. He counted the sheep. There were only ninety-nine! One sheep was lost. The shepherd was sad.",53.02,0.8462,0.1538,0.0,0.0154,0.1538,62.24,0,0,0,53.02
3c12b,D:\Main_Project\Multimodal_NDD_Prediction\dyslexia_screening\data/mps/mps_dataset\audios\3c12b_EN-OL-RC-234_2.wav,3,"He went out looking for the lost sheep. He walked all the way back to the river. At last, late in the night, he found the sheep in a bush. The bush was full of thorns. He got the sheep out and carried it home. He was happy. He showed the sheep to his friends. All of them were happy too.",58.88,0.8525,0.1311,0.0164,0.0492,0.1475,52.99,0,0,0,58.88
3c13b,D:\Main_Project\Multimodal_NDD_Prediction\dyslexia_screening\data/mps/mps_dataset\audios\3c13b_EN-OL-RC-234_1.wav,3,"Once, there lived a shepherd in a village. He was a kind and good man. He had a hundred sheep. One day, he took the sheep to the riverside. There was a lot of grass there for the sheep. In the evening, the shepherd took them back home. He counted the sheep. There were only ninety-nine! One sheep was lost. The shepherd was sad.",44.93,0.9538,0.0462,0.0,0.0154,0.0462,82.8,0,0,0,44.93
3c13b,D:\Main_Project\Multimodal_NDD_Prediction\dyslexia_screening\data/mps/mps_dataset\audios\3c13b_EN-OL-RC-234_2.wav,3,"He went out looking for the lost sheep. He walked all the way back to the river. At last, late in the night, he found the sheep in a bush. The bush was full of thorns. He got the sheep out and carried it home. He was happy. He showed the sheep to his friends. All of them were happy too.",47.98,0.9016,0.082,0.0164,0.0164,0.0984,68.78,0,0,0,47.98
3c14c,D:\Main_Project\Multimodal_NDD_Prediction\dyslexia_screening\data/mps/mps_dataset\audios\3c14c_EN-OL-RC-234_1.wav,3,"Once, there lived a shepherd in a village. He was a kind and good man. He had a hundred sheep. One day, he took the sheep to the riverside. There was a lot of grass there for the sheep. In the evening, the shepherd took them back home. He counted the sheep. There were only ninety-nine! One sheep was lost. The shepherd was sad.",30.35,0.9538,0.0462,0.0,0.0,0.0462,122.57,0,0,0,30.35
3c14g,D:\Main_Project\Multimodal_NDD_Prediction\dyslexia_screening\data/mps/mps_dataset\audios\3c14g_EN-OL-RC-234_1.wav,3,"Once, there lived a shepherd in a village. He was a kind and good man. He had a hundred sheep. One day, he took the sheep to the riverside. There was a lot of grass there for the sheep. In the evening, the shepherd took them back home. He counted the sheep. There were only ninety-nine! One sheep was lost. The shepherd was sad.",32.63,1.0,0.0,0.0,0.0,0.0,119.52,11,2,11,32.63
3c15c,D:\Main_Project\Multimodal_NDD_Prediction\dyslexia_screening\data/mps/mps_dataset\audios\3c15c_EN-OL-RC-234_1.wav,3,"Once, there lived a shepherd in a village. He was a kind and good man. He had a hundred sheep. One day, he took the sheep to the riverside. There was a lot of grass there for the sheep. In the evening, the shepherd took them back home. He counted the sheep. There were only ninety-nine! One sheep was lost. The shepherd was sad.",60.31,0.8923,0.0615,0.0462,0.0154,0.1077,57.7,0,0,0,60.31
3c17a,D:\Main_Project\Multimodal_NDD_Prediction\dyslexia_screening\data/mps/mps_dataset\audios\3c17a_EN-OL-RC-234_2.wav,3,"He went out looking for the lost sheep. He walked all the way back to the river. At last, late in the night, he found the sheep in a bush. The bush was full of thorns. He got the sheep out and carried it home. He was happy. He showed the sheep to his friends. All of them were happy too.",41.42,0.9344,0.0656,0.0,0.0492,0.0656,82.57,0,0,0,41.42
3c19c,D:\Main_Project\Multimodal_NDD_Prediction\dyslexia_screening\data/mps/mps_dataset\audios\3c19c_EN-OL-RC-234_1.wav,3,"Once, there lived a shepherd in a village. He was a kind and good man. He had a hundred sheep. One day, he took the sheep to the riverside. There was a lot of grass there for the sheep. In the evening, the shepherd took them back home. He counted the sheep. There were only ninety-nine! One sheep was lost. The shepherd was sad.",35.54,0.8462,0.1538,0.0,0.0308,0.1538,92.85,0,0,0,35.54
3c1b,D:\Main_Project\Multimodal_NDD_Prediction\dyslexia_screening\data/mps/mps_dataset\audios\3c1b_EN-OL-RC-234_2.wav,3,"He went out looking for the lost sheep. He walked all the way back to the river. At last, late in the night, he found the sheep in a bush. The bush was full of thorns. He got the sheep out and carried it home. He was happy. He showed the sheep to his friends. All of them were happy too.",44.96,0.8689,0.0984,0.0328,0.0164,0.1311,70.73,0,0,0,44.96
3c20c,D:\Main_Project\Multimodal_NDD_Prediction\dyslexia_screening\data/mps/mps_dataset\audios\3c20c_EN-OL-RC-234_1.wav,3,"Once, there lived a shepherd in a village. He was a kind and good man. He had a hundred sheep. One day, he took the sheep to the riverside. There was a lot of grass there for the sheep. In the evening, the shepherd took them back home. He counted the sheep. There were only ninety-nine! One sheep was lost. The shepherd was sad.",34.94,0.9846,0.0154,0.0,0.0154,0.0154,109.9,0,0,0,34.94
3c21a,D:\Main_Project\Multimodal_NDD_Prediction\dyslexia_screening\data/mps/mps_dataset\audios\3c21a_EN-OL-RC-234_1.wav,3,"Once, there lived a shepherd in a village. He was a kind and good man. He had a hundred sheep. One day, he took the sheep to the riverside. There was a lot of grass there for the sheep. In the evening, the shepherd took them back home. He counted the sheep. There were only ninety-nine! One sheep was lost. The shepherd was sad.",56.12,0.9231,0.0769,0.0,0.0615,0.0769,64.15,0,0,0,56.12
3c21a,D:\Main_Project\Multimodal_NDD_Prediction\dyslexia_screening\data/mps/mps_dataset\audios\3c21a_EN-OL-RC-234_2.wav,3,"He went out looking for the lost sheep. He walked all the way back to the river. At last, late in the night, he found the sheep in a bush. The bush was full of thorns. He got the sheep out and carried it home. He was happy. He showed the sheep to his friends. All of them were happy too.",53.12,0.9016,0.0984,0.0,0.0492,0.0984,62.12,0,0,0,53.12
3c21g,D:\Main_Project\Multimodal_NDD_Prediction\dyslexia_screening\data/mps/mps_dataset\audios\3c21g_EN-OL-RC-234_1.wav,3,"Once, there lived a shepherd in a village. He was a kind and good man. He had a hundred sheep. One day, he took the sheep to the riverside. There was a lot of grass there for the sheep. In the evening, the shepherd took them back home. He counted the sheep. There were only ninety-nine! One sheep was lost. The shepherd was sad.",55.7,0.9077,0.0769,0.0154,0.0308,0.0923,63.55,24,3,24,55.7
3c23a,D:\Main_Project\Multimodal_NDD_Prediction\dyslexia_screening\data/mps/mps_dataset\audios\3c23a_EN-OL-RC-234_2.wav,3,"He went out looking for the lost sheep. He walked all the way back to the river. At last, late in the night, he found the sheep in a bush. The bush was full of thorns. He got the sheep out and carried it home. He was happy. He showed the sheep to his friends. All of them were happy too.",41.21,0.8197,0.1803,0.0,0.0656,0.1803,72.8,0,0,0,41.21
3c23g,D:\Main_Project\Multimodal_NDD_Prediction\dyslexia_screening\data/mps/mps_dataset\audios\3c23g_EN-OL-RC-234_1.wav,3,"Once, there lived a shepherd in a village. He was a kind and good man. He had a hundred sheep. One day, he took the sheep to the riverside. There was a lot of grass there for the sheep. In the evening, the shepherd took them back home. He counted the sheep. There were only ninety-nine! One sheep was lost. The shepherd was sad.",43.42,0.9385,0.0615,0.0,0.0,0.0615,84.29,10,0,10,43.42
3c23g,D:\Main_Project\Multimodal_NDD_Prediction\dyslexia_screening\data/mps/mps_dataset\audios\3c23g_EN-OL-RC-234_2.wav,3,"He went out looking for the lost sheep. He walked all the way back to the river. At last, late in the night, he found the sheep in a bush. The bush was full of thorns. He got the sheep out and carried it home. He was happy. He showed the sheep to his friends. All of them were happy too.",43.07,0.9508,0.0492,0.0,0.0164,0.0492,80.8,9,0,9,43.07
3c24a,D:\Main_Project\Multimodal_NDD_Prediction\dyslexia_screening\data/mps/mps_dataset\audios\3c24a_EN-OL-RC-234_1.wav,3,"Once, there lived a shepherd in a village. He was a kind and good man. He had a hundred sheep. One day, he took the sheep to the riverside. There was a lot of grass there for the sheep. In the evening, the shepherd took them back home. He counted the sheep. There were only ninety-nine! One sheep was lost. The shepherd was sad.",54.11,0.9077,0.0923,0.0,0.0769,0.0923,65.42,0,0,0,54.11
3c25a,D:\Main_Project\Multimodal_NDD_Prediction\dyslexia_screening\data/mps/mps_dataset\audios\3c25a_EN-OL-RC-234_2.wav,3,"He went out looking for the lost sheep. He walked all the way back to the river. At last, late in the night, he found the sheep in a bush. The bush was full of thorns. He got the sheep out and carried it home. He was happy. He showed the sheep to his friends. All of them were happy too.",44.51,0.7869,0.2131,0.0,0.0164,0.2131,64.7,0,0,0,44.51
3c26a,D:\Main_Project\Multimodal_NDD_Prediction\dyslexia_screening\data/mps/mps_dataset\audios\3c26a_EN-OL-RC-234_2.wav,3,"He went out looking for the lost sheep. He walked all the way back to the river. At last, late in the night, he found the sheep in a bush. The bush was full of thorns. He got the sheep out and carried it home. He was happy. He showed the sheep to his friends. All of them were happy too.",35.63,0.8689,0.1311,0.0,0.0328,0.1311,89.25,0,0,0,35.63
3c26g,D:\Main_Project\Multimodal_NDD_Prediction\dyslexia_screening\data/mps/mps_dataset\audios\3c26g_EN-OL-RC-234_2.wav,3,"He went out looking for the lost sheep. He walked all the way back to the river. At last, late in the night, he found the sheep in a bush. The bush was full of thorns. He got the sheep out and carried it home. He was happy. He showed the sheep to his friends. All of them were happy too.",35.39,0.9344,0.0492,0.0164,0.0,0.0656,96.64,4,0,4,35.39
3c27g,D:\Main_Project\Multimodal_NDD_Prediction\dyslexia_screening\data/mps/mps_dataset\audios\3c27g_EN-OL-RC-234_1.wav,3,"Once, there lived a shepherd in a village. He was a kind and good man. He had a hundred sheep. One day, he took the sheep to the riverside. There was a lot of grass there for the sheep. In the evening, the shepherd took them back home. He counted the sheep. There were only ninety-nine! One sheep was lost. The shepherd was sad.",35.84,0.9846,0.0154,0.0,0.0615,0.0154,107.14,13,0,13,35.84
3c27g,D:\Main_Project\Multimodal_NDD_Prediction\dyslexia_screening\data/mps/mps_dataset\audios\3c27g_EN-OL-RC-234_2.wav,3,"He went out looking for the lost sheep. He walked all the way back to the river. At last, late in the night, he found the sheep in a bush. The bush was full of thorns. He got the sheep out and carried it home. He was happy. He showed the sheep to his friends. All of them were happy too.",32.72,1.0,0.0,0.0,0.082,0.0,111.86,8,0,8,32.72
3c28c,D:\Main_Project\Multimodal_NDD_Prediction\dyslexia_screening\data/mps/mps_dataset\audios\3c28c_EN-OL-RC-234_1.wav,3,"Once, there lived a shepherd in a village. He was a kind and good man. He had a hundred sheep. One day, he took the sheep to the riverside. There was a lot of grass there for the sheep. In the evening, the shepherd took them back home. He counted the sheep. There were only ninety-nine! One sheep was lost. The shepherd was sad.",29.54,0.9538,0.0462,0.0,0.0154,0.0462,125.93,0,0,0,29.54
3c28c,D:\Main_Project\Multimodal_NDD_Prediction\dyslexia_screening\data/mps/mps_dataset\audios\3c28c_EN-OL-RC-234_2.wav,3,"He went out looking for the lost sheep. He walked all the way back to the river. At last, late in the night, he found the sheep in a bush. The bush was full of thorns. He got the sheep out and carried it home. He was happy. He showed the sheep to his friends. All of them were happy too.",25.15,1.0,0.0,0.0,0.0,0.0,145.53,0,0,0,25.15
3c29b,D:\Main_Project\Multimodal_NDD_Prediction\dyslexia_screening\data/mps/mps_dataset\audios\3c29b_EN-OL-RC-234_2.wav,3,"He went out looking for the lost sheep. He walked all the way back to the river. At last, late in the night, he found the sheep in a bush. The bush was full of thorns. He got the sheep out and carried it home. He was happy. He showed the sheep to his friends. All of them were happy too.",48.2,0.8852,0.1148,0.0,0.0492,0.1148,67.22,0,0,0,48.2
3c29c,D:\Main_Project\Multimodal_NDD_Prediction\dyslexia_screening\data/mps/mps_dataset\audios\3c29c_EN-OL-RC-234_2.wav,3,"He went out looking for the lost sheep. He walked all the way back to the river. At last, late in the night, he found the sheep in a bush. The bush was full of thorns. He got the sheep out and carried it home. He was happy. He showed the sheep to his friends. All of them were happy too.",41.89,0.8852,0.1148,0.0,0.0164,0.1148,77.35,0,0,0,41.89
3c29g,D:\Main_Project\Multimodal_NDD_Prediction\dyslexia_screening\data/mps/mps_dataset\audios\3c29g_EN-OL-RC-234_1.wav,3,"Once, there lived a shepherd in a village. He was a kind and good man. He had a hundred sheep. One day, he took the sheep to the riverside. There was a lot of grass there for the sheep. In the evening, the shepherd took them back home. He counted the sheep. There were only ninety-nine! One sheep was lost. The shepherd was sad.",38.57,1.0,0.0,0.0,0.0,0.0,101.11,7,0,7,38.57
3c29g,D:\Main_Project\Multimodal_NDD_Prediction\dyslexia_screening\data/mps/mps_dataset\audios\3c29g_EN-OL-RC-234_2.wav,3,"He went out looking for the lost sheep. He walked all the way back to the river. At last, late in the night, he found the sheep in a bush. The bush was full of thorns. He got the sheep out and carried it home. He was happy. He showed the sheep to his friends. All of them were happy too.",37.01,1.0,0.0,0.0,0.0,0.0,98.89,0,0,0,37.01
3c2c,D:\Main_Project\Multimodal_NDD_Prediction\dyslexia_screening\data/mps/mps_dataset\audios\3c2c_EN-OL-RC-234_2.wav,3,"He went out looking for the lost sheep. He walked all the way back to the river. At last, late in the night, he found the sheep in a bush. The bush was full of thorns. He got the sheep out and carried it home. He was happy. He showed the sheep to his friends. All of them were happy too.",30.5,0.9672,0.0328,0.0,0.0164,0.0328,116.07,0,0,0,30.5
3c32b,D:\Main_Project\Multimodal_NDD_Prediction\dyslexia_screening\data/mps/mps_dataset\audios\3c32b_EN-OL-RC-234_2.wav,3,"He went out looking for the lost sheep. He walked all the way back to the river. At last, late in the night, he found the sheep in a bush. The bush was full of thorns. He got the sheep out and carried it home. He was happy. He showed the sheep to his friends. All of them were happy too.",60.38,0.8689,0.1311,0.0,0.0492,0.1311,52.67,30,7,30,60.38
3c32g,D:\Main_Project\Multimodal_NDD_Prediction\dyslexia_screening\data/mps/mps_dataset\audios\3c32g_EN-OL-RC-234_1.wav,3,"Once, there lived a shepherd in a village. He was a kind and good man. He had a hundred sheep. One day, he took the sheep to the riverside. There was a lot of grass there for the sheep. In the evening, the shepherd took them back home. He counted the sheep. There were only ninety-nine! One sheep was lost. The shepherd was sad.",32.78,0.9077,0.0923,0.0,0.0308,0.0923,107.99,7,0,7,32.78
3c32g,D:\Main_Project\Multimodal_NDD_Prediction\dyslexia_screening\data/mps/mps_dataset\audios\3c32g_EN-OL-RC-234_2.wav,3,"He went out looking for the lost sheep. He walked all the way back to the river. At last, late in the night, he found the sheep in a bush. The bush was full of thorns. He got the sheep out and carried it home. He was happy. He showed the sheep to his friends. All of them were happy too.",36.53,0.9344,0.0656,0.0,0.0656,0.0656,93.62,10,1,10,36.53
3c34a,D:\Main_Project\Multimodal_NDD_Prediction\dyslexia_screening\data/mps/mps_dataset\audios\3c34a_EN-OL-RC-234_1.wav,3,"Once, there lived a shepherd in a village. He was a kind and good man. He had a hundred sheep. One day, he took the sheep to the riverside. There was a lot of grass there for the sheep. In the evening, the shepherd took them back home. He counted the sheep. There were only ninety-nine! One sheep was lost. The shepherd was sad.",33.89,0.9846,0.0154,0.0,0.0,0.0154,113.31,2,0,2,33.89
3c34a,D:\Main_Project\Multimodal_NDD_Prediction\dyslexia_screening\data/mps/mps_dataset\audios\3c34a_EN-OL-RC-234_2.wav,3,"He went out looking for the lost sheep. He walked all the way back to the river. At last, late in the night, he found the sheep in a bush. The bush was full of thorns. He got the sheep out and carried it home. He was happy. He showed the sheep to his friends. All of them were happy too.",32.48,0.9836,0.0164,0.0,0.0492,0.0164,110.84,5,1,5,32.48
3c34b,D:\Main_Project\Multimodal_NDD_Prediction\dyslexia_screening\data/mps/mps_dataset\audios\3c34b_EN-OL-RC-234_2.wav,3,"He went out looking for the lost sheep. He walked all the way back to the river. At last, late in the night, he found the sheep in a bush. The bush was full of thorns. He got the sheep out and carried it home. He was happy. He showed the sheep to his friends. All of them were happy too.",30.71,0.8689,0.0984,0.0328,0.0492,0.1311,103.55,0,0,0,30.71
3c34c,D:\Main_Project\Multimodal_NDD_Prediction\dyslexia_screening\data/mps/mps_dataset\audios\3c34c_EN-OL-RC-234_1.wav,3,"Once, there lived a shepherd in a village. He was a kind and good man. He had a hundred sheep. One day, he took the sheep to the riverside. There was a lot of grass there for the sheep. In the evening, the shepherd took them back home. He counted the sheep. There were only ninety-nine! One sheep was lost. The shepherd was sad.",39.42,0.8,0.1846,0.0154,0.0,0.2,79.15,0,0,0,39.42
3c34c,D:\Main_Project\Multimodal_NDD_Prediction\dyslexia_screening\data/mps/mps_dataset\audios\3c34c_EN-OL-RC-234_2.wav,3,"He went out looking for the lost sheep. He walked all the way back to the river. At last, late in the night, he found the sheep in a bush. The bush was full of thorns. He got the sheep out and carried it home. He was happy. He showed the sheep to his friends. All of them were happy too.",41.54,0.7049,0.2623,0.0328,0.0,0.2951,62.11,0,0,0,41.54
3c35c,D:\Main_Project\Multimodal_NDD_Prediction\dyslexia_screening\data/mps/mps_dataset\audios\3c35c_EN-OL-RC-234_2.wav,3,"He went out looking for the lost sheep. He walked all the way back to the river. At last, late in the night, he found the sheep in a bush. The bush was full of thorns. He got the sheep out and carried it home. He was happy. He showed the sheep to his friends. All of them were happy too.",41.49,0.8033,0.1803,0.0164,0.0164,0.1967,70.86,0,0,0,41.49
3c35g,D:\Main_Project\Multimodal_NDD_Prediction\dyslexia_screening\data/mps/mps_dataset\audios\3c35g_EN-OL-RC-234_1.wav,3,"Once, there lived a shepherd in a village. He was a kind and good man. He had a hundred sheep. One day, he took the sheep to the riverside. There was a lot of grass there for the sheep. In the evening, the shepherd took them back home. He counted the sheep. There were only ninety-nine! One sheep was lost. The shepherd was sad.",31.97,0.9077,0.0615,0.0308,0.0,0.0923,110.73,3,0,3,31.97
3c35g,D:\Main_Project\Multimodal_NDD_Prediction\dyslexia_screening\data/mps/mps_dataset\audios\3c35g_EN-OL-RC-234_2.wav,3,"He went out looking for the lost sheep. He walked all the way back to the river. At last, late in the night, he found the sheep in a bush. The bush was full of thorns. He got the sheep out and carried it home. He was happy. He showed the sheep to his friends. All of them were happy too.",32.39,0.9508,0.0492,0.0,0.0164,0.0492,107.44,6,1,6,32.39
3c36c,D:\Main_Project\Multimodal_NDD_Prediction\dyslexia_screening\data/mps/mps_dataset\audios\3c36c_EN-OL-RC-234_2.wav,3,"He went out looking for the lost sheep. He walked all the way back to the river. At last, late in the night, he found the sheep in a bush. The bush was full of thorns. He got the sheep out and carried it home. He was happy. He showed the sheep to his friends. All of them were happy too.",34.79,0.8852,0.0984,0.0164,0.0,0.1148,93.13,0,0,0,34.79
3c37a,D:\Main_Project\Multimodal_NDD_Prediction\dyslexia_screening\data/mps/mps_dataset\audios\3c37a_EN-OL-RC-234_1.wav,3,"Once, there lived a shepherd in a village. He was a kind and good man. He had a hundred sheep. One day, he took the sheep to the riverside. There was a lot of grass there for the sheep. In the evening, the shepherd took them back home. He counted the sheep. There were only ninety-nine! One sheep was lost. The shepherd was sad.",40.67,0.9077,0.0923,0.0,0.0154,0.0923,87.04,0,0,0,40.67
3c37a,D:\Main_Project\Multimodal_NDD_Prediction\dyslexia_screening\data/mps/mps_dataset\audios\3c37a_EN-OL-RC-234_2.wav,3,"He went out looking for the lost sheep. He walked all the way back to the river. At last, late in the night, he found the sheep in a bush. The bush was full of thorns. He got the sheep out and carried it home. He was happy. He showed the sheep to his friends. All of them were happy too.",39.55,0.8361,0.1639,0.0,0.0656,0.1639,77.37,0,0,0,39.55
3c38c,D:\Main_Project\Multimodal_NDD_Prediction\dyslexia_screening\data/mps/mps_dataset\audios\3c38c_EN-OL-RC-234_2.wav,3,"He went out looking for the lost sheep. He walked all the way back to the river. At last, late in the night, he found the sheep in a bush. The bush was full of thorns. He got the sheep out and carried it home. He was happy. He showed the sheep to his friends. All of them were happy too.",27.89,0.8689,0.1148,0.0164,0.0164,0.1311,114.02,0,0,0,27.89
3c38g,D:\Main_Project\Multimodal_NDD_Prediction\dyslexia_screening\data/mps/mps_dataset\audios\3c38g_EN-OL-RC-234_1.wav,3,"Once, there lived a shepherd in a village. He was a kind and good man. He had a hundred sheep. One day, he took the sheep to the riverside. There was a lot of grass there for the sheep. In the evening, the shepherd took them back home. He counted the sheep. There were only ninety-nine! One sheep was lost. The shepherd was sad.",39.91,0.9077,0.0923,0.0,0.0154,0.0923,88.7,6,0,6,39.91
3c38g,D:\Main_Project\Multimodal_NDD_Prediction\dyslexia_screening\data/mps/mps_dataset\audios\3c38g_EN-OL-RC-234_2.wav,3,"He went out looking for the lost sheep. He walked all the way back to the river. At last, late in the night, he found the sheep in a bush. The bush was full of thorns. He got the sheep out and carried it home. He was happy. He showed the sheep to his friends. All of them were happy too.",37.94,0.8525,0.1475,0.0,0.0492,0.1475,82.24,10,0,10,37.94
3c39a,D:\Main_Project\Multimodal_NDD_Prediction\dyslexia_screening\data/mps/mps_dataset\audios\3c39a_EN-OL-RC-234_1.wav,3,"Once, there lived a shepherd in a village. He was a kind and good man. He had a hundred sheep. One day, he took the sheep to the riverside. There was a lot of grass there for the sheep. In the evening, the shepherd took them back home. He counted the sheep. There were only ninety-nine! One sheep was lost. The shepherd was sad.",52.23,0.9385,0.0615,0.0,0.0462,0.0615,70.07,0,0,0,52.23
3c39b,D:\Main_Project\Multimodal_NDD_Prediction\dyslexia_screening\data/mps/mps_dataset\audios\3c39b_EN-OL-RC-234_2.wav,3,"He went out looking for the lost sheep. He walked all the way back to the river. At last, late in the night, he found the sheep in a bush. The bush was full of thorns. He got the sheep out and carried it home. He was happy. He showed the sheep to his friends. All of them were happy too.",33.17,0.8689,0.1311,0.0,0.0164,0.1311,95.87,0,0,0,33.17
3c3a,D:\Main_Project\Multimodal_NDD_Prediction\dyslexia_screening\data/mps/mps_dataset\audios\3c3a_EN-OL-RC-234_1.wav,3,"Once, there lived a shepherd in a village. He was a kind and good man. He had a hundred sheep. One day, he took the sheep to the riverside. There was a lot of grass there for the sheep. In the evening, the shepherd took them back home. He counted the sheep. There were only ninety-nine! One sheep was lost. The shepherd was sad.",37.43,1.0,0.0,0.0,0.0462,0.0,104.19,0,0,0,37.43
3c3a,D:\Main_Project\Multimodal_NDD_Prediction\dyslexia_screening\data/mps/mps_dataset\audios\3c3a_EN-OL-RC-234_2.wav,3,"He went out looking for the lost sheep. He walked all the way back to the river. At last, late in the night, he found the sheep in a bush. The bush was full of thorns. He got the sheep out and carried it home. He was happy. He showed the sheep to his friends. All of them were happy too.",34.73,0.9508,0.0492,0.0,0.0164,0.0492,100.2,0,0,0,34.73
3c40b,D:\Main_Project\Multimodal_NDD_Prediction\dyslexia_screening\data/mps/mps_dataset\audios\3c40b_EN-OL-RC-234_1.wav,3,"Once, there lived a shepherd in a village. He was a kind and good man. He had a hundred sheep. One day, he took the sheep to the riverside. There was a lot of grass there for the sheep. In the evening, the shepherd took them back home. He counted the sheep. There were only ninety-nine! One sheep was lost. The shepherd was sad.",48.23,0.9538,0.0462,0.0,0.0,0.0462,77.13,0,0,0,48.23
3c40b,D:\Main_Project\Multimodal_NDD_Prediction\dyslexia_screening\data/mps/mps_dataset\audios\3c40b_EN-OL-RC-234_2.wav,3,"He went out looking for the lost sheep. He walked all the way back to the river. At last, late in the night, he found the sheep in a bush. The bush was full of thorns. He got the sheep out and carried it home. He was happy. He showed the sheep to his friends. All of them were happy too.",46.01,0.8689,0.1311,0.0,0.0164,0.1311,69.12,22,1,22,46.01
3c40g,D:\Main_Project\Multimodal_NDD_Prediction\dyslexia_screening\data/mps/mps_dataset\audios\3c40g_EN-OL-RC-234_1.wav,3,"Once, there lived a shepherd in a village. He was a kind and good man. He had a hundred sheep. One day, he took the sheep to the riverside. There was a lot of grass there for the sheep. In the evening, the shepherd took them back home. He counted the sheep. There were only ninety-nine! One sheep was lost. The shepherd was sad.",46.37,0.9538,0.0462,0.0,0.0462,0.0462,80.22,13,0,13,46.37
3c40g,D:\Main_Project\Multimodal_NDD_Prediction\dyslexia_screening\data/mps/mps_dataset\audios\3c40g_EN-OL-RC-234_2.wav,3,"He went out looking for the lost sheep. He walked all the way back to the river. At last, late in the night, he found the sheep in a bush. The bush was full of thorns. He got the sheep out and carried it home. He was happy. He showed the sheep to his friends. All of them were happy too.",36.74,0.9016,0.0984,0.0,0.0328,0.0984,89.82,14,1,14,36.74
3c41a,D:\Main_Project\Multimodal_NDD_Prediction\dyslexia_screening\data/mps/mps_dataset\audios\3c41a_EN-OL-RC-234_1.wav,3,"Once, there lived a shepherd in a village. He was a kind and good man. He had a hundred sheep. One day, he took the sheep to the riverside. There was a lot of grass there for the sheep. In the evening, the shepherd took them back home. He counted the sheep. There were only ninety-nine! One sheep was lost. The shepherd was sad.",51.41,0.8769,0.1231,0.0,0.0,0.1231,66.52,0,0,0,51.41
3c41a,D:\Main_Project\Multimodal_NDD_Prediction\dyslexia_screening\data/mps/mps_dataset\audios\3c41a_EN-OL-RC-234_2.wav,3,"He went out looking for the lost sheep. He walked all the way back to the river. At last, late in the night, he found the sheep in a bush. The bush was full of thorns. He got the sheep out and carried it home. He was happy. He showed the sheep to his friends. All of them were happy too.",51.32,0.918,0.082,0.0,0.0656,0.082,65.47,0,0,0,51.32
3c42a,D:\Main_Project\Multimodal_NDD_Prediction\dyslexia_screening\data/mps/mps_dataset\audios\3c42a_EN-OL-RC-234_1.wav,3,"Once, there lived a shepherd in a village. He was a kind and good man. He had a hundred sheep. One day, he took the sheep to the riverside. There was a lot of grass there for the sheep. In the evening, the shepherd took them back home. He counted the sheep. There were only ninety-nine! One sheep was lost. The shepherd was sad.",42.19,0.8769,0.1231,0.0,0.0308,0.1231,81.06,0,0,0,42.19
3c42g,D:\Main_Project\Multimodal_NDD_Prediction\dyslexia_screening\data/mps/mps_dataset\audios\3c42g_EN-OL-RC-234_1.wav,3,"Once, there lived a shepherd in a village. He was a kind and good man. He had a hundred sheep. One day, he took the sheep to the riverside. There was a lot of grass there for the sheep. In the evening, the shepherd took them back home. He counted the sheep. There were only ninety-nine! One sheep was lost. The shepherd was sad.",49.49,0.8462,0.1538,0.0,0.0462,0.1538,66.68,1,0,1,49.49
3c43a,D:\Main_Project\Multimodal_NDD_Prediction\dyslexia_screening\data/mps/mps_dataset\audios\3c43a_EN-OL-RC-234_1.wav,3,"Once, there lived a shepherd in a village. He was a kind and good man. He had a hundred sheep. One day, he took the sheep to the riverside. There was a lot of grass there for the sheep. In the evening, the shepherd took them back home. He counted the sheep. There were only ninety-nine! One sheep was lost. The shepherd was sad.",46.46,0.8923,0.1077,0.0,0.0615,0.1077,74.9,0,0,0,46.46
3c43a,D:\Main_Project\Multimodal_NDD_Prediction\dyslexia_screening\data/mps/mps_dataset\audios\3c43a_EN-OL-RC-234_2.wav,3,"He went out looking for the lost sheep. He walked all the way back to the river. At last, late in the night, he found the sheep in a bush. The bush was full of thorns. He got the sheep out and carried it home. He was happy. He showed the sheep to his friends. All of them were happy too.",47.87,0.8361,0.1639,0.0,0.0492,0.1639,63.92,0,0,0,47.87
3c45b,D:\Main_Project\Multimodal_NDD_Prediction\dyslexia_screening\data/mps/mps_dataset\audios\3c45b_EN-OL-RC-234_2.wav,3,"He went out looking for the lost sheep. He walked all the way back to the river. At last, late in the night, he found the sheep in a bush. The bush was full of thorns. He got the sheep out and carried it home. He was happy. He showed the sheep to his friends. All of them were happy too.",47.03,0.7869,0.2131,0.0,0.0328,0.2131,61.24,16,0,16,47.03
3c47c,D:\Main_Project\Multimodal_NDD_Prediction\dyslexia_screening\data/mps/mps_dataset\audios\3c47c_EN-OL-RC-234_2.wav,3,"He went out looking for the lost sheep. He walked all the way back to the river. At last, late in the night, he found the sheep in a bush. The bush was full of thorns. He got the sheep out and carried it home. He was happy. He showed the sheep to his friends. All of them were happy too.",42.92,0.8852,0.1148,0.0,0.0164,0.1148,75.49,0,0,0,42.92
3c4g,D:\Main_Project\Multimodal_NDD_Prediction\dyslexia_screening\data/mps/mps_dataset\audios\3c4g_EN-OL-RC-234_1.wav,3,"Once, there lived a shepherd in a village. He was a kind and good man. He had a hundred sheep. One day, he took the sheep to the riverside. There was a lot of grass there for the sheep. In the evening, the shepherd took them back home. He counted the sheep. There were only ninety-nine! One sheep was lost. The shepherd was sad.",58.97,0.9231,0.0769,0.0,0.0615,0.0769,61.05,28,5,28,58.97
3c50c,D:\Main_Project\Multimodal_NDD_Prediction\dyslexia_screening\data/mps/mps_dataset\audios\3c50c_EN-OL-RC-234_1.wav,3,"Once, there lived a shepherd in a village. He was a kind and good man. He had a hundred sheep. One day, he took the sheep to the riverside. There was a lot of grass there for the sheep. In the evening, the shepherd took them back home. He counted the sheep. There were only ninety-nine! One sheep was lost. The shepherd was sad.",43.67,0.8923,0.0923,0.0154,0.0923,0.1077,79.69,0,0,0,43.67
3c52c,D:\Main_Project\Multimodal_NDD_Prediction\dyslexia_screening\data/mps/mps_dataset\audios\3c52c_EN-OL-RC-234_1.wav,3,"Once, there lived a shepherd in a village. He was a kind and good man. He had a hundred sheep. One day, he took the sheep to the riverside. There was a lot of grass there for the sheep. In the evening, the shepherd took them back home. He counted the sheep. There were only ninety-nine! One sheep was lost. The shepherd was sad.",44.36,0.9538,0.0462,0.0,0.0308,0.0462,83.86,0,0,0,44.36
3c52c,D:\Main_Project\Multimodal_NDD_Prediction\dyslexia_screening\data/mps/mps_dataset\audios\3c52c_EN-OL-RC-234_2.wav,3,"He went out looking for the lost sheep. He walked all the way back to the river. At last, late in the night, he found the sheep in a bush. The bush was full of thorns. He got the sheep out and carried it home. He was happy. He showed the sheep to his friends. All of them were happy too.",41.35,0.9836,0.0164,0.0,0.0164,0.0164,87.06,0,0,0,41.35
3c53g,D:\Main_Project\Multimodal_NDD_Prediction\dyslexia_screening\data/mps/mps_dataset\audios\3c53g_EN-OL-RC-234_1.wav,3,"Once, there lived a shepherd in a village. He was a kind and good man. He had a hundred sheep. One day, he took the sheep to the riverside. There was a lot of grass there for the sheep. In the evening, the shepherd took them back home. He counted the sheep. There were only ninety-nine! One sheep was lost. The shepherd was sad.",37.04,0.9385,0.0462,0.0154,0.0154,0.0615,98.81,12,0,12,37.04
3c55g,D:\Main_Project\Multimodal_NDD_Prediction\dyslexia_screening\data/mps/mps_dataset\audios\3c55g_EN-OL-RC-234_1.wav,3,"Once, there lived a shepherd in a village. He was a kind and good man. He had a hundred sheep. One day, he took the sheep to the riverside. There was a lot of grass there for the sheep. In the evening, the shepherd took them back home. He counted the sheep. There were only ninety-nine! One sheep was lost. The shepherd was sad.",39.62,0.9846,0.0154,0.0,0.0,0.0154,96.92,13,3,13,39.62
3c55g,D:\Main_Project\Multimodal_NDD_Prediction\dyslexia_screening\data/mps/mps_dataset\audios\3c55g_EN-OL-RC-234_2.wav,3,"He went out looking for the lost sheep. He walked all the way back to the river. At last, late in the night, he found the sheep in a bush. The bush was full of thorns. He got the sheep out and carried it home. He was happy. He showed the sheep to his friends. All of them were happy too.",33.56,0.9672,0.0328,0.0,0.0,0.0328,105.48,11,2,11,33.56
3c56g,D:\Main_Project\Multimodal_NDD_Prediction\dyslexia_screening\data/mps/mps_dataset\audios\3c56g_EN-OL-RC-234_1.wav,3,"Once, there lived a shepherd in a village. He was a kind and good man. He had a hundred sheep. One day, he took the sheep to the riverside. There was a lot of grass there for the sheep. In the evening, the shepherd took them back home. He counted the sheep. There were only ninety-nine! One sheep was lost. The shepherd was sad.",46.97,0.8923,0.0923,0.0154,0.0,0.1077,74.09,19,0,19,46.97
3c56g,D:\Main_Project\Multimodal_NDD_Prediction\dyslexia_screening\data/mps/mps_dataset\audios\3c56g_EN-OL-RC-234_2.wav,3,"He went out looking for the lost sheep. He walked all the way back to the river. At last, late in the night, he found the sheep in a bush. The bush was full of thorns. He got the sheep out and carried it home. He was happy. He showed the sheep to his friends. All of them were happy too.",35.51,0.918,0.0656,0.0164,0.0,0.082,94.62,5,0,5,35.51
3c57g,D:\Main_Project\Multimodal_NDD_Prediction\dyslexia_screening\data/mps/mps_dataset\audios\3c57g_EN-OL-RC-234_1.wav,3,"Once, there lived a shepherd in a village. He was a kind and good man. He had a hundred sheep. One day, he took the sheep to the riverside. There was a lot of grass there for the sheep. In the evening, the shepherd took them back home. He counted the sheep. There were only ninety-nine! One sheep was lost. The shepherd was sad.",56.78,0.9538,0.0462,0.0,0.0308,0.0462,65.52,23,4,23,56.78
3c57g,D:\Main_Project\Multimodal_NDD_Prediction\dyslexia_screening\data/mps/mps_dataset\audios\3c57g_EN-OL-RC-234_2.wav,3,"He went out looking for the lost sheep. He walked all the way back to the river. At last, late in the night, he found the sheep in a bush. The bush was full of thorns. He got the sheep out and carried it home. He was happy. He showed the sheep to his friends. All of them were happy too.",46.46,0.9016,0.0984,0.0,0.0,0.0984,71.03,18,5,18,46.46
3c58g,D:\Main_Project\Multimodal_NDD_Prediction\dyslexia_screening\data/mps/mps_dataset\audios\3c58g_EN-OL-RC-234_1.wav,3,"Once, there lived a shepherd in a village. He was a kind and good man. He had a hundred sheep. One day, he took the sheep to the riverside. There was a lot of grass there for the sheep. In the evening, the shepherd took them back home. He counted the sheep. There were only ninety-nine! One sheep was lost. The shepherd was sad.",36.38,1.0,0.0,0.0,0.0,0.0,107.2,6,0,6,36.38
3c5a,D:\Main_Project\Multimodal_NDD_Prediction\dyslexia_screening\data/mps/mps_dataset\audios\3c5a_EN-OL-RC-234_2.wav,3,"He went out looking for the lost sheep. He walked all the way back to the river. At last, late in the night, he found the sheep in a bush. The bush was full of thorns. He got the sheep out and carried it home. He was happy. He showed the sheep to his friends. All of them were happy too.",59.11,0.7705,0.1311,0.0984,0.0656,0.2295,47.71,0,0,0,59.11
3c5g,D:\Main_Project\Multimodal_NDD_Prediction\dyslexia_screening\data/mps/mps_dataset\audios\3c5g_EN-OL-RC-234_1.wav,3,"Once, there lived a shepherd in a village. He was a kind and good man. He had a hundred sheep. One day, he took the sheep to the riverside. There was a lot of grass there for the sheep. In the evening, the shepherd took them back home. He counted the sheep. There were only ninety-nine! One sheep was lost. The shepherd was sad.",55.4,0.9231,0.0769,0.0,0.0154,0.0769,64.98,0,0,0,55.4
3c5g,D:\Main_Project\Multimodal_NDD_Prediction\dyslexia_screening\data/mps/mps_dataset\audios\3c5g_EN-OL-RC-234_2.wav,3,"He went out looking for the lost sheep. He walked all the way back to the river. At last, late in the night, he found the sheep in a bush. The bush was full of thorns. He got the sheep out and carried it home. He was happy. He showed the sheep to his friends. All of them were happy too.",51.76,0.918,0.082,0.0,0.0492,0.082,64.91,29,6,29,51.76
3c8c,D:\Main_Project\Multimodal_NDD_Prediction\dyslexia_screening\data/mps/mps_dataset\audios\3c8c_EN-OL-RC-234_1.wav,3,"Once, there lived a shepherd in a village. He was a kind and good man. He had a hundred sheep. One day, he took the sheep to the riverside. There was a lot of grass there for the sheep. In the evening, the shepherd took them back home. He counted the sheep. There were only ninety-nine! One sheep was lost. The shepherd was sad.",45.34,0.8,0.1538,0.0462,0.0,0.2,68.81,0,0,0,45.34
3c8c,D:\Main_Project\Multimodal_NDD_Prediction\dyslexia_screening\data/mps/mps_dataset\audios\3c8c_EN-OL-RC-234_2.wav,3,"He went out looking for the lost sheep. He walked all the way back to the river. At last, late in the night, he found the sheep in a bush. The bush was full of thorns. He got the sheep out and carried it home. He was happy. He showed the sheep to his friends. All of them were happy too.",45.5,0.8689,0.0984,0.0328,0.0492,0.1311,69.89,0,0,0,45.5
3c8g,D:\Main_Project\Multimodal_NDD_Prediction\dyslexia_screening\data/mps/mps_dataset\audios\3c8g_EN-OL-RC-234_2.wav,3,"He went out looking for the lost sheep. He walked all the way back to the river. At last, late in the night, he found the sheep in a bush. The bush was full of thorns. He got the sheep out and carried it home. He was happy. He showed the sheep to his friends. All of them were happy too.",58.04,0.8197,0.0984,0.082,0.0328,0.1803,51.69,19,8,19,58.04
3c9b,D:\Main_Project\Multimodal_NDD_Prediction\dyslexia_screening\data/mps/mps_dataset\audios\3c9b_EN-OL-RC-234_2.wav,3,"He went out looking for the lost sheep. He walked all the way back to the river. At last, late in the night, he found the sheep in a bush. The bush was full of thorns. He got the sheep out and carried it home. He was happy. He showed the sheep to his friends. All of them were happy too.",58.13,0.918,0.082,0.0,0.0492,0.082,57.8,26,5,26,58.13
3c9c,D:\Main_Project\Multimodal_NDD_Prediction\dyslexia_screening\data/mps/mps_dataset\audios\3c9c_EN-OL-RC-234_1.wav,3,"Once, there lived a shepherd in a village. He was a kind and good man. He had a hundred sheep. One day, he took the sheep to the riverside. There was a lot of grass there for the sheep. In the evening, the shepherd took them back home. He counted the sheep. There were only ninety-nine! One sheep was lost. The shepherd was sad.",32.09,0.9077,0.0308,0.0615,0.0154,0.0923,110.31,0,0,0,32.09
3c9g,D:\Main_Project\Multimodal_NDD_Prediction\dyslexia_screening\data/mps/mps_dataset\audios\3c9g_EN-OL-RC-234_1.wav,3,"Once, there lived a shepherd in a village. He was a kind and good man. He had a hundred sheep. One day, he took the sheep to the riverside. There was a lot of grass there for the sheep. In the evening, the shepherd took them back home. He counted the sheep. There were only ninety-nine! One sheep was lost. The shepherd was sad.",52.09,0.9231,0.0769,0.0,0.0308,0.0769,69.11,24,3,24,52.09
3d13c,D:\Main_Project\Multimodal_NDD_Prediction\dyslexia_screening\data/mps/mps_dataset\audios\3d13c_EN-OL-RC-234_1.wav,3,"Once, there lived a shepherd in a village. He was a kind and good man. He had a hundred sheep. One day, he took the sheep to the riverside. There was a lot of grass there for the sheep. In the evening, the shepherd took them back home. He counted the sheep. There were only ninety-nine! One sheep was lost. The shepherd was sad.",39.71,0.8923,0.0923,0.0154,0.0,0.1077,87.64,0,0,0,39.71
3d13g,D:\Main_Project\Multimodal_NDD_Prediction\dyslexia_screening\data/mps/mps_dataset\audios\3d13g_EN-OL-RC-234_1.wav,3,"Once, there lived a shepherd in a village. He was a kind and good man. He had a hundred sheep. One day, he took the sheep to the riverside. There was a lot of grass there for the sheep. In the evening, the shepherd took them back home. He counted the sheep. There were only ninety-nine! One sheep was lost. The shepherd was sad.",47.21,0.9385,0.0615,0.0,0.0308,0.0615,77.53,0,0,0,47.21
3d13g,D:\Main_Project\Multimodal_NDD_Prediction\dyslexia_screening\data/mps/mps_dataset\audios\3d13g_EN-OL-RC-234_2.wav,3,"He went out looking for the lost sheep. He walked all the way back to the river. At last, late in the night, he found the sheep in a bush. The bush was full of thorns. He got the sheep out and carried it home. He was happy. He showed the sheep to his friends. All of them were happy too.",39.47,0.9016,0.0984,0.0,0.0,0.0984,83.61,0,0,0,39.47
3d14c,D:\Main_Project\Multimodal_NDD_Prediction\dyslexia_screening\data/mps/mps_dataset\audios\3d14c_EN-OL-RC-234_1.wav,3,"Once, there lived a shepherd in a village. He was a kind and good man. He had a hundred sheep. One day, he took the sheep to the riverside. There was a lot of grass there for the sheep. In the evening, the shepherd took them back home. He counted the sheep. There were only ninety-nine! One sheep was lost. The shepherd was sad.",38.02,0.9385,0.0615,0.0,0.0,0.0615,96.27,0,0,0,38.02
3d14g,D:\Main_Project\Multimodal_NDD_Prediction\dyslexia_screening\data/mps/mps_dataset\audios\3d14g_EN-OL-RC-234_1.wav,3,"Once, there lived a shepherd in a village. He was a kind and good man. He had a hundred sheep. One day, he took the sheep to the riverside. There was a lot of grass there for the sheep. In the evening, the shepherd took them back home. He counted the sheep. There were only ninety-nine! One sheep was lost. The shepherd was sad.",42.29,0.9385,0.0615,0.0,0.0154,0.0615,86.55,0,0,0,42.29
3d14g,D:\Main_Project\Multimodal_NDD_Prediction\dyslexia_screening\data/mps/mps_dataset\audios\3d14g_EN-OL-RC-234_2.wav,3,"He went out looking for the lost sheep. He walked all the way back to the river. At last, late in the night, he found the sheep in a bush. The bush was full of thorns. He got the sheep out and carried it home. He was happy. He showed the sheep to his friends. All of them were happy too.",33.32,0.9836,0.0164,0.0,0.0,0.0164,108.04,1,0,1,33.32
3d15c,D:\Main_Project\Multimodal_NDD_Prediction\dyslexia_screening\data/mps/mps_dataset\audios\3d15c_EN-OL-RC-234_1.wav,3,"Once, there lived a shepherd in a village. He was a kind and good man. He had a hundred sheep. One day, he took the sheep to the riverside. There was a lot of grass there for the sheep. In the evening, the shepherd took them back home. He counted the sheep. There were only ninety-nine! One sheep was lost. The shepherd was sad.",40.16,0.9077,0.0923,0.0,0.0462,0.0923,88.15,0,0,0,40.16
3d15c,D:\Main_Project\Multimodal_NDD_Prediction\dyslexia_screening\data/mps/mps_dataset\audios\3d15c_EN-OL-RC-234_2.wav,3,"He went out looking for the lost sheep. He walked all the way back to the river. At last, late in the night, he found the sheep in a bush. The bush was full of thorns. He got the sheep out and carried it home. He was happy. He showed the sheep to his friends. All of them were happy too.",33.23,0.8852,0.1148,0.0,0.0656,0.1148,97.5,0,0,0,33.23
3d15g,D:\Main_Project\Multimodal_NDD_Prediction\dyslexia_screening\data/mps/mps_dataset\audios\3d15g_EN-OL-RC-234_2.wav,3,"He went out looking for the lost sheep. He walked all the way back to the river. At last, late in the night, he found the sheep in a bush. The bush was full of thorns. He got the sheep out and carried it home. He was happy. He showed the sheep to his friends. All of them were happy too.",26.69,1.0,0.0,0.0,0.0,0.0,137.13,0,0,0,26.69
3d16c,D:\Main_Project\Multimodal_NDD_Prediction\dyslexia_screening\data/mps/mps_dataset\audios\3d16c_EN-OL-RC-234_1.wav,3,"Once, there lived a shepherd in a village. He was a kind and good man. He had a hundred sheep. One day, he took the sheep to the riverside. There was a lot of grass there for the sheep. In the evening, the shepherd took them back home. He counted the sheep. There were only ninety-nine! One sheep was lost. The shepherd was sad.",59.23,0.6615,0.1846,0.1538,0.0308,0.3385,43.56,0,0,0,59.23
3d17c,D:\Main_Project\Multimodal_NDD_Prediction\dyslexia_screening\data/mps/mps_dataset\audios\3d17c_EN-OL-RC-234_1.wav,3,"Once, there lived a shepherd in a village. He was a kind and good man. He had a hundred sheep. One day, he took the sheep to the riverside. There was a lot of grass there for the sheep. In the evening, the shepherd took them back home. He counted the sheep. There were only ninety-nine! One sheep was lost. The shepherd was sad.",30.32,0.9385,0.0615,0.0,0.0154,0.0615,120.71,0,0,0,30.32
3d17c,D:\Main_Project\Multimodal_NDD_Prediction\dyslexia_screening\data/mps/mps_dataset\audios\3d17c_EN-OL-RC-234_2.wav,3,"He went out looking for the lost sheep. He walked all the way back to the river. At last, late in the night, he found the sheep in a bush. The bush was full of thorns. He got the sheep out and carried it home. He was happy. He showed the sheep to his friends. All of them were happy too.",25.58,0.9836,0.0164,0.0,0.0,0.0164,140.73,0,0,0,25.58
3d17g,D:\Main_Project\Multimodal_NDD_Prediction\dyslexia_screening\data/mps/mps_dataset\audios\3d17g_EN-OL-RC-234_1.wav,3,"Once, there lived a shepherd in a village. He was a kind and good man. He had a hundred sheep. One day, he took the sheep to the riverside. There was a lot of grass there for the sheep. In the evening, the shepherd took them back home. He counted the sheep. There were only ninety-nine! One sheep was lost. The shepherd was sad.",59.96,0.8923,0.1077,0.0,0.0615,0.1077,58.04,10,1,10,59.96
3d17g,D:\Main_Project\Multimodal_NDD_Prediction\dyslexia_screening\data/mps/mps_dataset\audios\3d17g_EN-OL-RC-234_2.wav,3,"He went out looking for the lost sheep. He walked all the way back to the river. At last, late in the night, he found the sheep in a bush. The bush was full of thorns. He got the sheep out and carried it home. He was happy. He showed the sheep to his friends. All of them were happy too.",47.54,0.9016,0.0984,0.0,0.0164,0.0984,69.42,3,0,3,47.54
3d19c,D:\Main_Project\Multimodal_NDD_Prediction\dyslexia_screening\data/mps/mps_dataset\audios\3d19c_EN-OL-RC-234_1.wav,3,"Once, there lived a shepherd in a village. He was a kind and good man. He had a hundred sheep. One day, he took the sheep to the riverside. There was a lot of grass there for the sheep. In the evening, the shepherd took them back home. He counted the sheep. There were only ninety-nine! One sheep was lost. The shepherd was sad.",28.49,0.9846,0.0154,0.0,0.0,0.0154,134.78,0,0,0,28.49
3d19c,D:\Main_Project\Multimodal_NDD_Prediction\dyslexia_screening\data/mps/mps_dataset\audios\3d19c_EN-OL-RC-234_2.wav,3,"He went out looking for the lost sheep. He walked all the way back to the river. At last, late in the night, he found the sheep in a bush. The bush was full of thorns. He got the sheep out and carried it home. He was happy. He showed the sheep to his friends. All of them were happy too.",27.14,1.0,0.0,0.0,0.0,0.0,134.86,0,0,0,27.14
3d19g,D:\Main_Project\Multimodal_NDD_Prediction\dyslexia_screening\data/mps/mps_dataset\audios\3d19g_EN-OL-RC-234_2.wav,3,"He went out looking for the lost sheep. He walked all the way back to the river. At last, late in the night, he found the sheep in a bush. The bush was full of thorns. He got the sheep out and carried it home. He was happy. He showed the sheep to his friends. All of them were happy too.",47.89,0.9672,0.0328,0.0,0.0,0.0328,73.92,0,0,0,47.89
3d1c,D:\Main_Project\Multimodal_NDD_Prediction\dyslexia_screening\data/mps/mps_dataset\audios\3d1c_EN-OL-RC-234_1.wav,3,"Once, there lived a shepherd in a village. He was a kind and good man. He had a hundred sheep. One day, he took the sheep to the riverside. There was a lot of grass there for the sheep. In the evening, the shepherd took them back home. He counted the sheep. There were only ninety-nine! One sheep was lost. The shepherd was sad.",44.47,0.9077,0.0923,0.0,0.0615,0.0923,79.6,0,0,0,44.47
3d1c,D:\Main_Project\Multimodal_NDD_Prediction\dyslexia_screening\data/mps/mps_dataset\audios\3d1c_EN-OL-RC-234_2.wav,3,"He went out looking for the lost sheep. He walked all the way back to the river. At last, late in the night, he found the sheep in a bush. The bush was full of thorns. He got the sheep out and carried it home. He was happy. He showed the sheep to his friends. All of them were happy too.",32.72,0.9344,0.0656,0.0,0.0328,0.0656,104.52,0,0,0,32.72
3d1g,D:\Main_Project\Multimodal_NDD_Prediction\dyslexia_screening\data/mps/mps_dataset\audios\3d1g_EN-OL-RC-234_2.wav,3,"He went out looking for the lost sheep. He walked all the way back to the river. At last, late in the night, he found the sheep in a bush. The bush was full of thorns. He got the sheep out and carried it home. He was happy. He showed the sheep to his friends. All of them were happy too.",50.45,0.9016,0.0656,0.0328,0.0164,0.0984,65.41,14,3,14,50.45
3d20c,D:\Main_Project\Multimodal_NDD_Prediction\dyslexia_screening\data/mps/mps_dataset\audios\3d20c_EN-OL-RC-234_1.wav,3,"Once, there lived a shepherd in a village. He was a kind and good man. He had a hundred sheep. One day, he took the sheep to the riverside. There was a lot of grass there for the sheep. In the evening, the shepherd took them back home. He counted the sheep. There were only ninety-nine! One sheep was lost. The shepherd was sad.",37.54,0.9538,0.0,0.0462,0.0154,0.0462,99.09,0,0,0,37.54
3d20c,D:\Main_Project\Multimodal_NDD_Prediction\dyslexia_screening\data/mps/mps_dataset\audios\3d20c_EN-OL-RC-234_2.wav,3,"He went out looking for the lost sheep. He walked all the way back to the river. At last, late in the night, he found the sheep in a bush. The bush was full of thorns. He got the sheep out and carried it home. He was happy. He showed the sheep to his friends. All of them were happy too.",35.48,0.9836,0.0164,0.0,0.0164,0.0164,101.47,0,0,0,35.48
3d20g,D:\Main_Project\Multimodal_NDD_Prediction\dyslexia_screening\data/mps/mps_dataset\audios\3d20g_EN-OL-RC-234_1.wav,3,"Once, there lived a shepherd in a village. He was a kind and good man. He had a hundred sheep. One day, he took the sheep to the riverside. There was a lot of grass there for the sheep. In the evening, the shepherd took them back home. He counted the sheep. There were only ninety-nine! One sheep was lost. The shepherd was sad.",25.37,0.9692,0.0308,0.0,0.0,0.0308,148.99,0,0,0,25.37
3d20g,D:\Main_Project\Multimodal_NDD_Prediction\dyslexia_screening\data/mps/mps_dataset\audios\3d20g_EN-OL-RC-234_2.wav,3,"He went out looking for the lost sheep. He walked all the way back to the river. At last, late in the night, he found the sheep in a bush. The bush was full of thorns. He got the sheep out and carried it home. He was happy. He showed the sheep to his friends. All of them were happy too.",22.64,0.9344,0.0492,0.0164,0.0,0.0656,151.06,0,0,0,22.64
3d27c,D:\Main_Project\Multimodal_NDD_Prediction\dyslexia_screening\data/mps/mps_dataset\audios\3d27c_EN-OL-RC-234_2.wav,3,"He went out looking for the lost sheep. He walked all the way back to the river. At last, late in the night, he found the sheep in a bush. The bush was full of thorns. He got the sheep out and carried it home. He was happy. He showed the sheep to his friends. All of them were happy too.",52.67,0.8852,0.0984,0.0164,0.0492,0.1148,61.52,0,0,0,52.67
3d27g,D:\Main_Project\Multimodal_NDD_Prediction\dyslexia_screening\data/mps/mps_dataset\audios\3d27g_EN-OL-RC-234_2.wav,3,"He went out looking for the lost sheep. He walked all the way back to the river. At last, late in the night, he found the sheep in a bush. The bush was full of thorns. He got the sheep out and carried it home. He was happy. He showed the sheep to his friends. All of them were happy too.",38.66,0.918,0.082,0.0,0.0328,0.082,86.91,0,0,0,38.66
3d28c,D:\Main_Project\Multimodal_NDD_Prediction\dyslexia_screening\data/mps/mps_dataset\audios\3d28c_EN-OL-RC-234_2.wav,3,"He went out looking for the lost sheep. He walked all the way back to the river. At last, late in the night, he found the sheep in a bush. The bush was full of thorns. He got the sheep out and carried it home. He was happy. He showed the sheep to his friends. All of them were happy too.",33.53,0.9344,0.0656,0.0,0.0328,0.0656,102.0,0,0,0,33.53
3d28g,D:\Main_Project\Multimodal_NDD_Prediction\dyslexia_screening\data/mps/mps_dataset\audios\3d28g_EN-OL-RC-234_2.wav,3,"He went out looking for the lost sheep. He walked all the way back to the river. At last, late in the night, he found the sheep in a bush. The bush was full of thorns. He got the sheep out and carried it home. He was happy. He showed the sheep to his friends. All of them were happy too.",38.78,0.9508,0.0492,0.0,0.0492,0.0492,89.74,0,0,0,38.78
3d29g,D:\Main_Project\Multimodal_NDD_Prediction\dyslexia_screening\data/mps/mps_dataset\audios\3d29g_EN-OL-RC-234_1.wav,3,"Once, there lived a shepherd in a village. He was a kind and good man. He had a hundred sheep. One day, he took the sheep to the riverside. There was a lot of grass there for the sheep. In the evening, the shepherd took them back home. He counted the sheep. There were only ninety-nine! One sheep was lost. The shepherd was sad.",48.32,0.9231,0.0769,0.0,0.0615,0.0769,74.5,0,0,0,48.32
3d29g,D:\Main_Project\Multimodal_NDD_Prediction\dyslexia_screening\data/mps/mps_dataset\audios\3d29g_EN-OL-RC-234_2.wav,3,"He went out looking for the lost sheep. He walked all the way back to the river. At last, late in the night, he found the sheep in a bush. The bush was full of thorns. He got the sheep out and carried it home. He was happy. He showed the sheep to his friends. All of them were happy too.",41.57,0.9016,0.082,0.0164,0.0656,0.0984,79.38,0,0,0,41.57
3d2c,D:\Main_Project\Multimodal_NDD_Prediction\dyslexia_screening\data/mps/mps_dataset\audios\3d2c_EN-OL-RC-234_1.wav,3,"Once, there lived a shepherd in a village. He was a kind and good man. He had a hundred sheep. One day, he took the sheep to the riverside. There was a lot of grass there for the sheep. In the evening, the shepherd took them back home. He counted the sheep. There were only ninety-nine! One sheep was lost. The shepherd was sad.",28.42,0.9846,0.0154,0.0,0.0154,0.0154,135.12,0,0,0,28.42
3d2c,D:\Main_Project\Multimodal_NDD_Prediction\dyslexia_screening\data/mps/mps_dataset\audios\3d2c_EN-OL-RC-234_2.wav,3,"He went out looking for the lost sheep. He walked all the way back to the river. At last, late in the night, he found the sheep in a bush. The bush was full of thorns. He got the sheep out and carried it home. He was happy. He showed the sheep to his friends. All of them were happy too.",24.05,1.0,0.0,0.0,0.0,0.0,152.18,0,0,0,24.05
3d30c,D:\Main_Project\Multimodal_NDD_Prediction\dyslexia_screening\data/mps/mps_dataset\audios\3d30c_EN-OL-RC-234_1.wav,3,"Once, there lived a shepherd in a village. He was a kind and good man. He had a hundred sheep. One day, he took the sheep to the riverside. There was a lot of grass there for the sheep. In the evening, the shepherd took them back home. He counted the sheep. There were only ninety-nine! One sheep was lost. The shepherd was sad.",36.1,0.8154,0.1692,0.0154,0.0,0.1846,88.09,0,0,0,36.1
3d31g,D:\Main_Project\Multimodal_NDD_Prediction\dyslexia_screening\data/mps/mps_dataset\audios\3d31g_EN-OL-RC-234_1.wav,3,"Once, there lived a shepherd in a village. He was a kind and good man. He had a hundred sheep. One day, he took the sheep to the riverside. There was a lot of grass there for the sheep. In the evening, the shepherd took them back home. He counted the sheep. There were only ninety-nine! One sheep was lost. The shepherd was sad.",47.18,0.9077,0.0923,0.0,0.0154,0.0923,75.03,7,0,7,47.18
3d31g,D:\Main_Project\Multimodal_NDD_Prediction\dyslexia_screening\data/mps/mps_dataset\audios\3d31g_EN-OL-RC-234_2.wav,3,"He went out looking for the lost sheep. He walked all the way back to the river. At last, late in the night, he found the sheep in a bush. The bush was full of thorns. He got the sheep out and carried it home. He was happy. He showed the sheep to his friends. All of them were happy too.",38.72,0.9672,0.0328,0.0,0.0492,0.0328,91.43,5,0,5,38.72
3d32c,D:\Main_Project\Multimodal_NDD_Prediction\dyslexia_screening\data/mps/mps_dataset\audios\3d32c_EN-OL-RC-234_1.wav,3,"Once, there lived a shepherd in a village. He was a kind and good man. He had a hundred sheep. One day, he took the sheep to the riverside. There was a lot of grass there for the sheep. In the evening, the shepherd took them back home. He counted the sheep. There were only ninety-nine! One sheep was lost. The shepherd was sad.",42.35,0.9231,0.0615,0.0154,0.0154,0.0769,85.01,0,0,0,42.35
3d32c,D:\Main_Project\Multimodal_NDD_Prediction\dyslexia_screening\data/mps/mps_dataset\audios\3d32c_EN-OL-RC-234_2.wav,3,"He went out looking for the lost sheep. He walked all the way back to the river. At last, late in the night, he found the sheep in a bush. The bush was full of thorns. He got the sheep out and carried it home. He was happy. He showed the sheep to his friends. All of them were happy too.",40.51,0.9672,0.0328,0.0,0.0,0.0328,87.39,0,0,0,40.51
3d32g,D:\Main_Project\Multimodal_NDD_Prediction\dyslexia_screening\data/mps/mps_dataset\audios\3d32g_EN-OL-RC-234_1.wav,3,"Once, there lived a shepherd in a village. He was a kind and good man. He had a hundred sheep. One day, he took the sheep to the riverside. There was a lot of grass there for the sheep. In the evening, the shepherd took them back home. He counted the sheep. There were only ninety-nine! One sheep was lost. The shepherd was sad.",40.94,0.8615,0.1231,0.0154,0.0308,0.1385,82.07,0,0,0,40.94
3d32g,D:\Main_Project\Multimodal_NDD_Prediction\dyslexia_screening\data/mps/mps_dataset\audios\3d32g_EN-OL-RC-234_2.wav,3,"He went out looking for the lost sheep. He walked all the way back to the river. At last, late in the night, he found the sheep in a bush. The bush was full of thorns. He got the sheep out and carried it home. He was happy. He showed the sheep to his friends. All of them were happy too.",37.43,0.9016,0.0984,0.0,0.0328,0.0984,88.16,0,0,0,37.43
3d33c,D:\Main_Project\Multimodal_NDD_Prediction\dyslexia_screening\data/mps/mps_dataset\audios\3d33c_EN-OL-RC-234_1.wav,3,"Once, there lived a shepherd in a village. He was a kind and good man. He had a hundred sheep. One day, he took the sheep to the riverside. There was a lot of grass there for the sheep. In the evening, the shepherd took them back home. He counted the sheep. There were only ninety-nine! One sheep was lost. The shepherd was sad.",39.17,0.9077,0.0769,0.0154,0.0,0.0923,90.38,0,0,0,39.17
3d33g,D:\Main_Project\Multimodal_NDD_Prediction\dyslexia_screening\data/mps/mps_dataset\audios\3d33g_EN-OL-RC-234_2.wav,3,"He went out looking for the lost sheep. He walked all the way back to the river. At last, late in the night, he found the sheep in a bush. The bush was full of thorns. He got the sheep out and carried it home. He was happy. He showed the sheep to his friends. All of them were happy too.",54.32,0.8197,0.1803,0.0,0.0328,0.1803,55.23,0,0,0,54.32
3d35g,D:\Main_Project\Multimodal_NDD_Prediction\dyslexia_screening\data/mps/mps_dataset\audios\3d35g_EN-OL-RC-234_2.wav,3,"He went out looking for the lost sheep. He walked all the way back to the river. At last, late in the night, he found the sheep in a bush. The bush was full of thorns. He got the sheep out and carried it home. He was happy. He showed the sheep to his friends. All of them were happy too.",51.35,0.9016,0.082,0.0164,0.0328,0.0984,64.26,6,3,6,51.35
3d36g,D:\Main_Project\Multimodal_NDD_Prediction\dyslexia_screening\data/mps/mps_dataset\audios\3d36g_EN-OL-RC-234_1.wav,3,"Once, there lived a shepherd in a village. He was a kind and good man. He had a hundred sheep. One day, he took the sheep to the riverside. There was a lot of grass there for the sheep. In the evening, the shepherd took them back home. He counted the sheep. There were only ninety-nine! One sheep was lost. The shepherd was sad.",55.04,0.8615,0.1231,0.0154,0.0308,0.1385,61.05,0,0,0,55.04
3d36g,D:\Main_Project\Multimodal_NDD_Prediction\dyslexia_screening\data/mps/mps_dataset\audios\3d36g_EN-OL-RC-234_2.wav,3,"He went out looking for the lost sheep. He walked all the way back to the river. At last, late in the night, he found the sheep in a bush. The bush was full of thorns. He got the sheep out and carried it home. He was happy. He showed the sheep to his friends. All of them were happy too.",41.66,0.8361,0.1639,0.0,0.0164,0.1639,73.45,0,0,0,41.66
3d39g,D:\Main_Project\Multimodal_NDD_Prediction\dyslexia_screening\data/mps/mps_dataset\audios\3d39g_EN-OL-RC-234_2.wav,3,"He went out looking for the lost sheep. He walked all the way back to the river. At last, late in the night, he found the sheep in a bush. The bush was full of thorns. He got the sheep out and carried it home. He was happy. He showed the sheep to his friends. All of them were happy too.",60.41,0.4754,0.2951,0.2295,0.0984,0.5246,28.8,0,0,0,60.41
3d3c,D:\Main_Project\Multimodal_NDD_Prediction\dyslexia_screening\data/mps/mps_dataset\audios\3d3c_EN-OL-RC-234_2.wav,3,"He went out looking for the lost sheep. He walked all the way back to the river. At last, late in the night, he found the sheep in a bush. The bush was full of thorns. He got the sheep out and carried it home. He was happy. He showed the sheep to his friends. All of them were happy too.",57.62,0.9508,0.0492,0.0,0.1148,0.0492,60.4,0,0,0,57.62
3d3g,D:\Main_Project\Multimodal_NDD_Prediction\dyslexia_screening\data/mps/mps_dataset\audios\3d3g_EN-OL-RC-234_1.wav,3,"Once, there lived a shepherd in a village. He was a kind and good man. He had a hundred sheep. One day, he took the sheep to the riverside. There was a lot of grass there for the sheep. In the evening, the shepherd took them back home. He counted the sheep. There were only ninety-nine! One sheep was lost. The shepherd was sad.",38.48,0.9077,0.0923,0.0,0.0615,0.0923,92.0,1,0,1,38.48
3d3g,D:\Main_Project\Multimodal_NDD_Prediction\dyslexia_screening\data/mps/mps_dataset\audios\3d3g_EN-OL-RC-234_2.wav,3,"He went out looking for the lost sheep. He walked all the way back to the river. At last, late in the night, he found the sheep in a bush. The bush was full of thorns. He got the sheep out and carried it home. He was happy. He showed the sheep to his friends. All of them were happy too.",31.52,0.9016,0.0984,0.0,0.0,0.0984,104.7,0,0,0,31.52
3d40c,D:\Main_Project\Multimodal_NDD_Prediction\dyslexia_screening\data/mps/mps_dataset\audios\3d40c_EN-OL-RC-234_1.wav,3,"Once, there lived a shepherd in a village. He was a kind and good man. He had a hundred sheep. One day, he took the sheep to the riverside. There was a lot of grass there for the sheep. In the evening, the shepherd took them back home. He counted the sheep. There were only ninety-nine! One sheep was lost. The shepherd was sad.",56.03,0.9385,0.0462,0.0154,0.0308,0.0615,65.32,0,0,0,56.03
3d40c,D:\Main_Project\Multimodal_NDD_Prediction\dyslexia_screening\data/mps/mps_dataset\audios\3d40c_EN-OL-RC-234_2.wav,3,"He went out looking for the lost sheep. He walked all the way back to the river. At last, late in the night, he found the sheep in a bush. The bush was full of thorns. He got the sheep out and carried it home. He was happy. He showed the sheep to his friends. All of them were happy too.",51.26,0.9508,0.0492,0.0,0.0328,0.0492,67.89,0,0,0,51.26
3d41g,D:\Main_Project\Multimodal_NDD_Prediction\dyslexia_screening\data/mps/mps_dataset\audios\3d41g_EN-OL-RC-234_1.wav,3,"Once, there lived a shepherd in a village. He was a kind and good man. He had a hundred sheep. One day, he took the sheep to the riverside. There was a lot of grass there for the sheep. In the evening, the shepherd took them back home. He counted the sheep. There were only ninety-nine! One sheep was lost. The shepherd was sad.",46.42,0.9385,0.0615,0.0,0.0462,0.0615,78.85,0,0,0,46.42
3d41g,D:\Main_Project\Multimodal_NDD_Prediction\dyslexia_screening\data/mps/mps_dataset\audios\3d41g_EN-OL-RC-234_2.wav,3,"He went out looking for the lost sheep. He walked all the way back to the river. At last, late in the night, he found the sheep in a bush. The bush was full of thorns. He got the sheep out and carried it home. He was happy. He showed the sheep to his friends. All of them were happy too.",40.7,0.9016,0.0984,0.0,0.0164,0.0984,81.08,0,0,0,40.7
3d42g,D:\Main_Project\Multimodal_NDD_Prediction\dyslexia_screening\data/mps/mps_dataset\audios\3d42g_EN-OL-RC-234_1.wav,3,"Once, there lived a shepherd in a village. He was a kind and good man. He had a hundred sheep. One day, he took the sheep to the riverside. There was a lot of grass there for the sheep. In the evening, the shepherd took them back home. He counted the sheep. There were only ninety-nine! One sheep was lost. The shepherd was sad.",45.95,0.9077,0.0923,0.0,0.0615,0.0923,77.04,0,0,0,45.95
3d42g,D:\Main_Project\Multimodal_NDD_Prediction\dyslexia_screening\data/mps/mps_dataset\audios\3d42g_EN-OL-RC-234_2.wav,3,"He went out looking for the lost sheep. He walked all the way back to the river. At last, late in the night, he found the sheep in a bush. The bush was full of thorns. He got the sheep out and carried it home. He was happy. He showed the sheep to his friends. All of them were happy too.",34.76,0.918,0.082,0.0,0.0492,0.082,96.66,0,0,0,34.76
3d44c,D:\Main_Project\Multimodal_NDD_Prediction\dyslexia_screening\data/mps/mps_dataset\audios\3d44c_EN-OL-RC-234_2.wav,3,"He went out looking for the lost sheep. He walked all the way back to the river. At last, late in the night, he found the sheep in a bush. The bush was full of thorns. He got the sheep out and carried it home. He was happy. He showed the sheep to his friends. All of them were happy too.",52.1,0.8525,0.1475,0.0,0.0164,0.1475,59.88,0,0,0,52.1
3d44g,D:\Main_Project\Multimodal_NDD_Prediction\dyslexia_screening\data/mps/mps_dataset\audios\3d44g_EN-OL-RC-234_1.wav,3,"Once, there lived a shepherd in a village. He was a kind and good man. He had a hundred sheep. One day, he took the sheep to the riverside. There was a lot of grass there for the sheep. In the evening, the shepherd took them back home. He counted the sheep. There were only ninety-nine! One sheep was lost. The shepherd was sad.",40.79,0.9385,0.0615,0.0,0.0308,0.0615,89.73,0,0,0,40.79
3d45c,D:\Main_Project\Multimodal_NDD_Prediction\dyslexia_screening\data/mps/mps_dataset\audios\3d45c_EN-OL-RC-234_1.wav,3,"Once, there lived a shepherd in a village. He was a kind and good man. He had a hundred sheep. One day, he took the sheep to the riverside. There was a lot of grass there for the sheep. In the evening, the shepherd took them back home. He counted the sheep. There were only ninety-nine! One sheep was lost. The shepherd was sad.",59.33,0.7846,0.1538,0.0615,0.0462,0.2154,51.58,0,0,0,59.33
3d45g,D:\Main_Project\Multimodal_NDD_Prediction\dyslexia_screening\data/mps/mps_dataset\audios\3d45g_EN-OL-RC-234_1.wav,3,"Once, there lived a shepherd in a village. He was a kind and good man. He had a hundred sheep. One day, he took the sheep to the riverside. There was a lot of grass there for the sheep. In the evening, the shepherd took them back home. He counted the sheep. There were only ninety-nine! One sheep was lost. The shepherd was sad.",35.29,0.9231,0.0615,0.0154,0.0154,0.0769,102.01,0,0,0,35.29
3d46g,D:\Main_Project\Multimodal_NDD_Prediction\dyslexia_screening\data/mps/mps_dataset\audios\3d46g_EN-OL-RC-234_1.wav,3,"Once, there lived a shepherd in a village. He was a kind and good man. He had a hundred sheep. One day, he took the sheep to the riverside. There was a lot of grass there for the sheep. In the evening, the shepherd took them back home. He counted the sheep. There were only ninety-nine! One sheep was lost. The shepherd was sad.",39.59,0.9385,0.0615,0.0,0.0,0.0615,92.45,0,0,0,39.59
3d48c,D:\Main_Project\Multimodal_NDD_Prediction\dyslexia_screening\data/mps/mps_dataset\audios\3d48c_EN-OL-RC-234_1.wav,3,"Once, there lived a shepherd in a village. He was a kind and good man. He had a hundred sheep. One day, he took the sheep to the riverside. There was a lot of grass there for the sheep. In the evening, the shepherd took them back home. He counted the sheep. There were only ninety-nine! One sheep was lost. The shepherd was sad.",43.7,0.9846,0.0154,0.0,0.0308,0.0154,87.87,0,0,0,43.7
3d48g,D:\Main_Project\Multimodal_NDD_Prediction\dyslexia_screening\data/mps/mps_dataset\audios\3d48g_EN-OL-RC-234_1.wav,3,"Once, there lived a shepherd in a village. He was a kind and good man. He had a hundred sheep. One day, he took the sheep to the riverside. There was a lot of grass there for the sheep. In the evening, the shepherd took them back home. He counted the sheep. There were only ninety-nine! One sheep was lost. The shepherd was sad.",29.57,0.9692,0.0308,0.0,0.0,0.0308,127.83,0,0,0,29.57
3d48g,D:\Main_Project\Multimodal_NDD_Prediction\dyslexia_screening\data/mps/mps_dataset\audios\3d48g_EN-OL-RC-234_2.wav,3,"He went out looking for the lost sheep. He walked all the way back to the river. At last, late in the night, he found the sheep in a bush. The bush was full of thorns. He got the sheep out and carried it home. He was happy. He showed the sheep to his friends. All of them were happy too.",32.09,0.9836,0.0164,0.0,0.0328,0.0164,112.18,0,0,0,32.09
3d50g,D:\Main_Project\Multimodal_NDD_Prediction\dyslexia_screening\data/mps/mps_dataset\audios\3d50g_EN-OL-RC-234_1.wav,3,"Once, there lived a shepherd in a village. He was a kind and good man. He had a hundred sheep. One day, he took the sheep to the riverside. There was a lot of grass there for the sheep. In the evening, the shepherd took them back home. He counted the sheep. There were only ninety-nine! One sheep was lost. The shepherd was sad.",37.7,0.9538,0.0154,0.0308,0.0,0.0462,98.67,0,0,0,37.7
3d51c,D:\Main_Project\Multimodal_NDD_Prediction\dyslexia_screening\data/mps/mps_dataset\audios\3d51c_EN-OL-RC-234_1.wav,3,"Once, there lived a shepherd in a village. He was a kind and good man. He had a hundred sheep. One day, he took the sheep to the riverside. There was a lot of grass there for the sheep. In the evening, the shepherd took them back home. He counted the sheep. There were only ninety-nine! One sheep was lost. The shepherd was sad.",44.66,0.9538,0.0462,0.0,0.0462,0.0462,83.3,0,0,0,44.66
3d51g,D:\Main_Project\Multimodal_NDD_Prediction\dyslexia_screening\data/mps/mps_dataset\audios\3d51g_EN-OL-RC-234_1.wav,3,"Once, there lived a shepherd in a village. He was a kind and good man. He had a hundred sheep. One day, he took the sheep to the riverside. There was a lot of grass there for the sheep. In the evening, the shepherd took them back home. He counted the sheep. There were only ninety-nine! One sheep was lost. The shepherd was sad.",59.99,0.8308,0.1692,0.0,0.0462,0.1692,54.01,0,0,0,59.99
3d52g,D:\Main_Project\Multimodal_NDD_Prediction\dyslexia_screening\data/mps/mps_dataset\audios\3d52g_EN-OL-RC-234_1.wav,3,"Once, there lived a shepherd in a village. He was a kind and good man. He had a hundred sheep. One day, he took the sheep to the riverside. There was a lot of grass there for the sheep. In the evening, the shepherd took them back home. He counted the sheep. There were only ninety-nine! One sheep was lost. The shepherd was sad.",40.76,0.9231,0.0769,0.0,0.0154,0.0769,88.32,0,0,0,40.76
3d52g,D:\Main_Project\Multimodal_NDD_Prediction\dyslexia_screening\data/mps/mps_dataset\audios\3d52g_EN-OL-RC-234_2.wav,3,"He went out looking for the lost sheep. He walked all the way back to the river. At last, late in the night, he found the sheep in a bush. The bush was full of thorns. He got the sheep out and carried it home. He was happy. He showed the sheep to his friends. All of them were happy too.",36.26,0.918,0.082,0.0,0.0164,0.082,92.66,2,0,2,36.26
3d59g,D:\Main_Project\Multimodal_NDD_Prediction\dyslexia_screening\data/mps/mps_dataset\audios\3d59g_EN-OL-RC-234_1.wav,3,"Once, there lived a shepherd in a village. He was a kind and good man. He had a hundred sheep. One day, he took the sheep to the riverside. There was a lot of grass there for the sheep. In the evening, the shepherd took them back home. He counted the sheep. There were only ninety-nine! One sheep was lost. The shepherd was sad.",43.43,0.9077,0.0923,0.0,0.0,0.0923,81.51,0,0,0,43.43
3d59g,D:\Main_Project\Multimodal_NDD_Prediction\dyslexia_screening\data/mps/mps_dataset\audios\3d59g_EN-OL-RC-234_2.wav,3,"He went out looking for the lost sheep. He walked all the way back to the river. At last, late in the night, he found the sheep in a bush. The bush was full of thorns. He got the sheep out and carried it home. He was happy. He showed the sheep to his friends. All of them were happy too.",33.01,0.8852,0.0984,0.0164,0.0,0.1148,98.15,0,0,0,33.01
3d5c,D:\Main_Project\Multimodal_NDD_Prediction\dyslexia_screening\data/mps/mps_dataset\audios\3d5c_EN-OL-RC-234_1.wav,3,"Once, there lived a shepherd in a village. He was a kind and good man. He had a hundred sheep. One day, he took the sheep to the riverside. There was a lot of grass there for the sheep. In the evening, the shepherd took them back home. He counted the sheep. There were only ninety-nine! One sheep was lost. The shepherd was sad.",42.83,0.8769,0.1231,0.0,0.0308,0.1231,79.85,0,0,0,42.83
3d60g,D:\Main_Project\Multimodal_NDD_Prediction\dyslexia_screening\data/mps/mps_dataset\audios\3d60g_EN-OL-RC-234_1.wav,3,"Once, there lived a shepherd in a village. He was a kind and good man. He had a hundred sheep. One day, he took the sheep to the riverside. There was a lot of grass there for the sheep. In the evening, the shepherd took them back home. He counted the sheep. There were only ninety-nine! One sheep was lost. The shepherd was sad.",29.62,0.9077,0.0769,0.0154,0.0,0.0923,119.51,0,0,0,29.62
3d60g,D:\Main_Project\Multimodal_NDD_Prediction\dyslexia_screening\data/mps/mps_dataset\audios\3d60g_EN-OL-RC-234_2.wav,3,"He went out looking for the lost sheep. He walked all the way back to the river. At last, late in the night, he found the sheep in a bush. The bush was full of thorns. He got the sheep out and carried it home. He was happy. He showed the sheep to his friends. All of them were happy too.",29.0,0.9508,0.0492,0.0,0.0492,0.0492,120.0,0,0,0,29.0
3d6c,D:\Main_Project\Multimodal_NDD_Prediction\dyslexia_screening\data/mps/mps_dataset\audios\3d6c_EN-OL-RC-234_1.wav,3,"Once, there lived a shepherd in a village. He was a kind and good man. He had a hundred sheep. One day, he took the sheep to the riverside. There was a lot of grass there for the sheep. In the evening, the shepherd took them back home. He counted the sheep. There were only ninety-nine! One sheep was lost. The shepherd was sad.",39.97,0.8462,0.1231,0.0308,0.0,0.1538,82.56,9,2,9,39.97
3d7c,D:\Main_Project\Multimodal_NDD_Prediction\dyslexia_screening\data/mps/mps_dataset\audios\3d7c_EN-OL-RC-234_2.wav,3,"He went out looking for the lost sheep. He walked all the way back to the river. At last, late in the night, he found the sheep in a bush. The bush was full of thorns. He got the sheep out and carried it home. He was happy. He showed the sheep to his friends. All of them were happy too.",47.75,0.9508,0.0328,0.0164,0.0656,0.0492,72.88,0,0,0,47.75
4a10a,D:\Main_Project\Multimodal_NDD_Prediction\dyslexia_screening\data/mps/mps_dataset\audios\4a10a_EN-OL-RC-426_1.wav,4,"Bears are found in Europe, Asia, Africa and America. They have big bodies, with short tails and thick legs. Polar bears, which live in the coldest part of the world, usually eat fish and seals. When kept in cages or in zoos, bears like to eat meat, vegetables, milk and rice. Bears are not quite as dangerous as we think they are. Like most animals, they will do their best to keep away from us.",49.67,0.8133,0.1733,0.0133,0.04,0.1867,73.69,11,1,11,49.67
4a10f,D:\Main_Project\Multimodal_NDD_Prediction\dyslexia_screening\data/mps/mps_dataset\audios\4a10f_EN-OL-RC-426_2.wav,4,"In the colder parts of the world, bears hibernate from October to April. Before hibernating, they eat a lot of food and become fat. Although bears have very poor eyesight and hearing, they can smell very well and are very clever. At the zoo, you may have noticed how cleverly they beg for biscuits and nuts, by sitting up and holding out their paws.",33.5,0.875,0.125,0.0,0.0312,0.125,100.3,0,0,0,33.5
4a10k,D:\Main_Project\Multimodal_NDD_Prediction\dyslexia_screening\data/mps/mps_dataset\audios\4a10k_EN-OL-RC-426_2.wav,4,"In the colder parts of the world, bears hibernate from October to April. Before hibernating, they eat a lot of food and become fat. Although bears have very poor eyesight and hearing, they can smell very well and are very clever. At the zoo, you may have noticed how cleverly they beg for biscuits and nuts, by sitting up and holding out their paws.",44.87,0.8906,0.1094,0.0,0.0625,0.1094,76.22,7,0,7,44.87
4a11f,D:\Main_Project\Multimodal_NDD_Prediction\dyslexia_screening\data/mps/mps_dataset\audios\4a11f_EN-OL-RC-426_1.wav,4,"Bears are found in Europe, Asia, Africa and America. They have big bodies, with short tails and thick legs. Polar bears, which live in the coldest part of the world, usually eat fish and seals. When kept in cages or in zoos, bears like to eat meat, vegetables, milk and rice. Bears are not quite as dangerous as we think they are. Like most animals, they will do their best to keep away from us.",34.73,0.88,0.12,0.0,0.0133,0.12,114.02,0,0,0,34.73
4a11f,D:\Main_Project\Multimodal_NDD_Prediction\dyslexia_screening\data/mps/mps_dataset\audios\4a11f_EN-OL-RC-426_2.wav,4,"In the colder parts of the world, bears hibernate from October to April. Before hibernating, they eat a lot of food and become fat. Although bears have very poor eyesight and hearing, they can smell very well and are very clever. At the zoo, you may have noticed how cleverly they beg for biscuits and nuts, by sitting up and holding out their paws.",31.43,0.9219,0.0781,0.0,0.0156,0.0781,112.63,0,0,0,31.43
4a11g,D:\Main_Project\Multimodal_NDD_Prediction\dyslexia_screening\data/mps/mps_dataset\audios\4a11g_EN-OL-RC-426_1.wav,4,"Bears are found in Europe, Asia, Africa and America. They have big bodies, with short tails and thick legs. Polar bears, which live in the coldest part of the world, usually eat fish and seals. When kept in cages or in zoos, bears like to eat meat, vegetables, milk and rice. Bears are not quite as dangerous as we think they are. Like most animals, they will do their best to keep away from us.",38.63,0.9467,0.0533,0.0,0.0133,0.0533,110.28,0,0,0,38.63
4a12f,D:\Main_Project\Multimodal_NDD_Prediction\dyslexia_screening\data/mps/mps_dataset\audios\4a12f_EN-OL-RC-426_1.wav,4,"Bears are found in Europe, Asia, Africa and America. They have big bodies, with short tails and thick legs. Polar bears, which live in the coldest part of the world, usually eat fish and seals. When kept in cages or in zoos, bears like to eat meat, vegetables, milk and rice. Bears are not quite as dangerous as we think they are. Like most animals, they will do their best to keep away from us.",36.14,0.8933,0.1067,0.0,0.0267,0.1067,111.23,0,0,0,36.14
4a12g,D:\Main_Project\Multimodal_NDD_Prediction\dyslexia_screening\data/mps/mps_dataset\audios\4a12g_EN-OL-RC-426_2.wav,4,"In the colder parts of the world, bears hibernate from October to April. Before hibernating, they eat a lot of food and become fat. Although bears have very poor eyesight and hearing, they can smell very well and are very clever. At the zoo, you may have noticed how cleverly they beg for biscuits and nuts, by sitting up and holding out their paws.",31.85,0.9375,0.0469,0.0156,0.0156,0.0625,113.03,4,0,4,31.85
4a12h,D:\Main_Project\Multimodal_NDD_Prediction\dyslexia_screening\data/mps/mps_dataset\audios\4a12h_EN-OL-RC-426_1.wav,4,"Bears are found in Europe, Asia, Africa and America. They have big bodies, with short tails and thick legs. Polar bears, which live in the coldest part of the world, usually eat fish and seals. When kept in cages or in zoos, bears like to eat meat, vegetables, milk and rice. Bears are not quite as dangerous as we think they are. Like most animals, they will do their best to keep away from us.",51.35,0.8133,0.1867,0.0,0.0667,0.1867,71.28,1,0,1,51.35
4a12h,D:\Main_Project\Multimodal_NDD_Prediction\dyslexia_screening\data/mps/mps_dataset\audios\4a12h_EN-OL-RC-426_2.wav,4,"In the colder parts of the world, bears hibernate from October to April. Before hibernating, they eat a lot of food and become fat. Although bears have very poor eyesight and hearing, they can smell very well and are very clever. At the zoo, you may have noticed how cleverly they beg for biscuits and nuts, by sitting up and holding out their paws.",53.39,0.7344,0.2656,0.0,0.0938,0.2656,52.82,1,0,1,53.39
4a13c,D:\Main_Project\Multimodal_NDD_Prediction\dyslexia_screening\data/mps/mps_dataset\audios\4a13c_EN-OL-RC-426_1.wav,4,"Bears are found in Europe, Asia, Africa and America. They have big bodies, with short tails and thick legs. Polar bears, which live in the coldest part of the world, usually eat fish and seals. When kept in cages or in zoos, bears like to eat meat, vegetables, milk and rice. Bears are not quite as dangerous as we think they are. Like most animals, they will do their best to keep away from us.",52.19,0.84,0.16,0.0,0.0267,0.16,72.43,0,0,0,52.19
4a13f,D:\Main_Project\Multimodal_NDD_Prediction\dyslexia_screening\data/mps/mps_dataset\audios\4a13f_EN-OL-RC-426_1.wav,4,"Bears are found in Europe, Asia, Africa and America. They have big bodies, with short tails and thick legs. Polar bears, which live in the coldest part of the world, usually eat fish and seals. When kept in cages or in zoos, bears like to eat meat, vegetables, milk and rice. Bears are not quite as dangerous as we think they are. Like most animals, they will do their best to keep away from us.",51.8,0.7467,0.2533,0.0,0.0133,0.2533,64.86,24,1,24,51.8
4a13g,D:\Main_Project\Multimodal_NDD_Prediction\dyslexia_screening\data/mps/mps_dataset\audios\4a13g_EN-OL-RC-426_1.wav,4,"Bears are found in Europe, Asia, Africa and America. They have big bodies, with short tails and thick legs. Polar bears, which live in the coldest part of the world, usually eat fish and seals. When kept in cages or in zoos, bears like to eat meat, vegetables, milk and rice. Bears are not quite as dangerous as we think they are. Like most animals, they will do their best to keep away from us.",50.72,0.8933,0.1067,0.0,0.0,0.1067,79.26,0,0,0,50.72
4a13g,D:\Main_Project\Multimodal_NDD_Prediction\dyslexia_screening\data/mps/mps_dataset\audios\4a13g_EN-OL-RC-426_2.wav,4,"In the colder parts of the world, bears hibernate from October to April. Before hibernating, they eat a lot of food and become fat. Although bears have very poor eyesight and hearing, they can smell very well and are very clever. At the zoo, you may have noticed how cleverly they beg for biscuits and nuts, by sitting up and holding out their paws.",58.43,0.9062,0.0938,0.0,0.1094,0.0938,59.56,0,0,0,58.43
4a14b,D:\Main_Project\Multimodal_NDD_Prediction\dyslexia_screening\data/mps/mps_dataset\audios\4a14b_EN-OL-RC-426_2.wav,4,"In the colder parts of the world, bears hibernate from October to April. Before hibernating, they eat a lot of food and become fat. Although bears have very poor eyesight and hearing, they can smell very well and are very clever. At the zoo, you may have noticed how cleverly they beg for biscuits and nuts, by sitting up and holding out their paws.",51.23,0.7812,0.2188,0.0,0.0781,0.2188,58.56,6,1,6,51.23
4a14g,D:\Main_Project\Multimodal_NDD_Prediction\dyslexia_screening\data/mps/mps_dataset\audios\4a14g_EN-OL-RC-426_1.wav,4,"Bears are found in Europe, Asia, Africa and America. They have big bodies, with short tails and thick legs. Polar bears, which live in the coldest part of the world, usually eat fish and seals. When kept in cages or in zoos, bears like to eat meat, vegetables, milk and rice. Bears are not quite as dangerous as we think they are. Like most animals, they will do their best to keep away from us.",35.18,0.9867,0.0133,0.0,0.0133,0.0133,126.21,0,0,0,35.18
4a14g,D:\Main_Project\Multimodal_NDD_Prediction\dyslexia_screening\data/mps/mps_dataset\audios\4a14g_EN-OL-RC-426_2.wav,4,"In the colder parts of the world, bears hibernate from October to April. Before hibernating, they eat a lot of food and become fat. Although bears have very poor eyesight and hearing, they can smell very well and are very clever. At the zoo, you may have noticed how cleverly they beg for biscuits and nuts, by sitting up and holding out their paws.",32.81,0.9219,0.0781,0.0,0.0156,0.0781,107.89,1,0,1,32.81
4a14k,D:\Main_Project\Multimodal_NDD_Prediction\dyslexia_screening\data/mps/mps_dataset\audios\4a14k_EN-OL-RC-426_2.wav,4,"In the colder parts of the world, bears hibernate from October to April. Before hibernating, they eat a lot of food and become fat. Although bears have very poor eyesight and hearing, they can smell very well and are very clever. At the zoo, you may have noticed how cleverly they beg for biscuits and nuts, by sitting up and holding out their paws.",52.72,0.8594,0.1406,0.0,0.0469,0.1406,62.59,6,1,6,52.72
4a15b,D:\Main_Project\Multimodal_NDD_Prediction\dyslexia_screening\data/mps/mps_dataset\audios\4a15b_EN-OL-RC-426_1.wav,4,"Bears are found in Europe, Asia, Africa and America. They have big bodies, with short tails and thick legs. Polar bears, which live in the coldest part of the world, usually eat fish and seals. When kept in cages or in zoos, bears like to eat meat, vegetables, milk and rice. Bears are not quite as dangerous as we think they are. Like most animals, they will do their best to keep away from us.",45.8,0.8667,0.12,0.0133,0.0133,0.1333,85.15,9,1,9,45.8
4a15b,D:\Main_Project\Multimodal_NDD_Prediction\dyslexia_screening\data/mps/mps_dataset\audios\4a15b_EN-OL-RC-426_2.wav,4,"In the colder parts of the world, bears hibernate from October to April. Before hibernating, they eat a lot of food and become fat. Although bears have very poor eyesight and hearing, they can smell very well and are very clever. At the zoo, you may have noticed how cleverly they beg for biscuits and nuts, by sitting up and holding out their paws.",46.39,0.8281,0.1719,0.0,0.0781,0.1719,68.55,15,0,15,46.39
4a15f,D:\Main_Project\Multimodal_NDD_Prediction\dyslexia_screening\data/mps/mps_dataset\audios\4a15f_EN-OL-RC-426_1.wav,4,"Bears are found in Europe, Asia, Africa and America. They have big bodies, with short tails and thick legs. Polar bears, which live in the coldest part of the world, usually eat fish and seals. When kept in cages or in zoos, bears like to eat meat, vegetables, milk and rice. Bears are not quite as dangerous as we think they are. Like most animals, they will do their best to keep away from us.",36.59,0.9067,0.0933,0.0,0.0267,0.0933,111.51,0,0,0,36.59
4a15f,D:\Main_Project\Multimodal_NDD_Prediction\dyslexia_screening\data/mps/mps_dataset\audios\4a15f_EN-OL-RC-426_2.wav,4,"In the colder parts of the world, bears hibernate from October to April. Before hibernating, they eat a lot of food and become fat. Although bears have very poor eyesight and hearing, they can smell very well and are very clever. At the zoo, you may have noticed how cleverly they beg for biscuits and nuts, by sitting up and holding out their paws.",40.13,0.9375,0.0625,0.0,0.0938,0.0625,89.71,0,0,0,40.13
4a15g,D:\Main_Project\Multimodal_NDD_Prediction\dyslexia_screening\data/mps/mps_dataset\audios\4a15g_EN-OL-RC-426_1.wav,4,"Bears are found in Europe, Asia, Africa and America. They have big bodies, with short tails and thick legs. Polar bears, which live in the coldest part of the world, usually eat fish and seals. When kept in cages or in zoos, bears like to eat meat, vegetables, milk and rice. Bears are not quite as dangerous as we think they are. Like most animals, they will do their best to keep away from us.",47.83,0.84,0.1467,0.0133,0.0267,0.16,79.03,0,0,0,47.83
4a15j,D:\Main_Project\Multimodal_NDD_Prediction\dyslexia_screening\data/mps/mps_dataset\audios\4a15j_EN-OL-RC-426_2.wav,4,"In the colder parts of the world, bears hibernate from October to April. Before hibernating, they eat a lot of food and become fat. Although bears have very poor eyesight and hearing, they can smell very well and are very clever. At the zoo, you may have noticed how cleverly they beg for biscuits and nuts, by sitting up and holding out their paws.",58.67,0.75,0.2031,0.0469,0.0625,0.25,49.09,8,0,8,58.67
4a15k,D:\Main_Project\Multimodal_NDD_Prediction\dyslexia_screening\data/mps/mps_dataset\audios\4a15k_EN-OL-RC-426_1.wav,4,"Bears are found in Europe, Asia, Africa and America. They have big bodies, with short tails and thick legs. Polar bears, which live in the coldest part of the world, usually eat fish and seals. When kept in cages or in zoos, bears like to eat meat, vegetables, milk and rice. Bears are not quite as dangerous as we think they are. Like most animals, they will do their best to keep away from us.",50.21,0.76,0.1467,0.0933,0.0133,0.24,68.11,8,1,8,50.21
4a16c,D:\Main_Project\Multimodal_NDD_Prediction\dyslexia_screening\data/mps/mps_dataset\audios\4a16c_EN-OL-RC-426_2.wav,4,"In the colder parts of the world, bears hibernate from October to April. Before hibernating, they eat a lot of food and become fat. Although bears have very poor eyesight and hearing, they can smell very well and are very clever. At the zoo, you may have noticed how cleverly they beg for biscuits and nuts, by sitting up and holding out their paws.",42.41,0.875,0.125,0.0,0.0469,0.125,79.23,0,0,0,42.41
4a16f,D:\Main_Project\Multimodal_NDD_Prediction\dyslexia_screening\data/mps/mps_dataset\audios\4a16f_EN-OL-RC-426_1.wav,4,"Bears are found in Europe, Asia, Africa and America. They have big bodies, with short tails and thick legs. Polar bears, which live in the coldest part of the world, usually eat fish and seals. When kept in cages or in zoos, bears like to eat meat, vegetables, milk and rice. Bears are not quite as dangerous as we think they are. Like most animals, they will do their best to keep away from us.",55.37,0.9467,0.0533,0.0,0.04,0.0533,76.94,11,1,11,55.37
4a16f,D:\Main_Project\Multimodal_NDD_Prediction\dyslexia_screening\data/mps/mps_dataset\audios\4a16f_EN-OL-RC-426_2.wav,4,"In the colder parts of the world, bears hibernate from October to April. Before hibernating, they eat a lot of food and become fat. Although bears have very poor eyesight and hearing, they can smell very well and are very clever. At the zoo, you may have noticed how cleverly they beg for biscuits and nuts, by sitting up and holding out their paws.",51.47,0.8594,0.1406,0.0,0.0469,0.1406,64.12,4,0,4,51.47
4a16g,D:\Main_Project\Multimodal_NDD_Prediction\dyslexia_screening\data/mps/mps_dataset\audios\4a16g_EN-OL-RC-426_2.wav,4,"In the colder parts of the world, bears hibernate from October to April. Before hibernating, they eat a lot of food and become fat. Although bears have very poor eyesight and hearing, they can smell very well and are very clever. At the zoo, you may have noticed how cleverly they beg for biscuits and nuts, by sitting up and holding out their paws.",49.25,0.8438,0.1562,0.0,0.0625,0.1562,65.79,0,0,0,49.25
4a17a,D:\Main_Project\Multimodal_NDD_Prediction\dyslexia_screening\data/mps/mps_dataset\audios\4a17a_EN-OL-RC-426_1.wav,4,"Bears are found in Europe, Asia, Africa and America. They have big bodies, with short tails and thick legs. Polar bears, which live in the coldest part of the world, usually eat fish and seals. When kept in cages or in zoos, bears like to eat meat, vegetables, milk and rice. Bears are not quite as dangerous as we think they are. Like most animals, they will do their best to keep away from us.",57.44,0.8533,0.1467,0.0,0.0533,0.1467,66.85,20,2,20,57.44
4a17a,D:\Main_Project\Multimodal_NDD_Prediction\dyslexia_screening\data/mps/mps_dataset\audios\4a17a_EN-OL-RC-426_2.wav,4,"In the colder parts of the world, bears hibernate from October to April. Before hibernating, they eat a lot of food and become fat. Although bears have very poor eyesight and hearing, they can smell very well and are very clever. At the zoo, you may have noticed how cleverly they beg for biscuits and nuts, by sitting up and holding out their paws.",49.79,0.8438,0.125,0.0312,0.0781,0.1562,65.07,10,0,10,49.79
4a17c,D:\Main_Project\Multimodal_NDD_Prediction\dyslexia_screening\data/mps/mps_dataset\audios\4a17c_EN-OL-RC-426_1.wav,4,"Bears are found in Europe, Asia, Africa and America. They have big bodies, with short tails and thick legs. Polar bears, which live in the coldest part of the world, usually eat fish and seals. When kept in cages or in zoos, bears like to eat meat, vegetables, milk and rice. Bears are not quite as dangerous as we think they are. Like most animals, they will do their best to keep away from us.",36.62,0.9467,0.0533,0.0,0.0133,0.0533,116.33,0,0,0,36.62
4a17c,D:\Main_Project\Multimodal_NDD_Prediction\dyslexia_screening\data/mps/mps_dataset\audios\4a17c_EN-OL-RC-426_2.wav,4,"In the colder parts of the world, bears hibernate from October to April. Before hibernating, they eat a lot of food and become fat. Although bears have very poor eyesight and hearing, they can smell very well and are very clever. At the zoo, you may have noticed how cleverly they beg for biscuits and nuts, by sitting up and holding out their paws.",34.31,0.9375,0.0625,0.0,0.0,0.0625,104.93,0,0,0,34.31
4a18a,D:\Main_Project\Multimodal_NDD_Prediction\dyslexia_screening\data/mps/mps_dataset\audios\4a18a_EN-OL-RC-426_1.wav,4,"Bears are found in Europe, Asia, Africa and America. They have big bodies, with short tails and thick legs. Polar bears, which live in the coldest part of the world, usually eat fish and seals. When kept in cages or in zoos, bears like to eat meat, vegetables, milk and rice. Bears are not quite as dangerous as we think they are. Like most animals, they will do their best to keep away from us.",50.78,0.8267,0.16,0.0133,0.1067,0.1733,73.26,12,0,12,50.78
4a18b,D:\Main_Project\Multimodal_NDD_Prediction\dyslexia_screening\data/mps/mps_dataset\audios\4a18b_EN-OL-RC-426_1.wav,4,"Bears are found in Europe, Asia, Africa and America. They have big bodies, with short tails and thick legs. Polar bears, which live in the coldest part of the world, usually eat fish and seals. When kept in cages or in zoos, bears like to eat meat, vegetables, milk and rice. Bears are not quite as dangerous as we think they are. Like most animals, they will do their best to keep away from us.",59.21,0.92,0.08,0.0,0.04,0.08,69.92,16,3,16,59.21
4a18b,D:\Main_Project\Multimodal_NDD_Prediction\dyslexia_screening\data/mps/mps_dataset\audios\4a18b_EN-OL-RC-426_2.wav,4,"In the colder parts of the world, bears hibernate from October to April. Before hibernating, they eat a lot of food and become fat. Although bears have very poor eyesight and hearing, they can smell very well and are very clever. At the zoo, you may have noticed how cleverly they beg for biscuits and nuts, by sitting up and holding out their paws.",55.91,0.8906,0.1094,0.0,0.0625,0.1094,61.17,16,4,16,55.91
4a18c,D:\Main_Project\Multimodal_NDD_Prediction\dyslexia_screening\data/mps/mps_dataset\audios\4a18c_EN-OL-RC-426_2.wav,4,"In the colder parts of the world, bears hibernate from October to April. Before hibernating, they eat a lot of food and become fat. Although bears have very poor eyesight and hearing, they can smell very well and are very clever. At the zoo, you may have noticed how cleverly they beg for biscuits and nuts, by sitting up and holding out their paws.",50.96,0.7812,0.2031,0.0156,0.0625,0.2188,58.87,0,0,0,50.96
4a18f,D:\Main_Project\Multimodal_NDD_Prediction\dyslexia_screening\data/mps/mps_dataset\audios\4a18f_EN-OL-RC-426_1.wav,4,"Bears are found in Europe, Asia, Africa and America. They have big bodies, with short tails and thick legs. Polar bears, which live in the coldest part of the world, usually eat fish and seals. When kept in cages or in zoos, bears like to eat meat, vegetables, milk and rice. Bears are not quite as dangerous as we think they are. Like most animals, they will do their best to keep away from us.",42.95,0.8133,0.1867,0.0,0.04,0.1867,85.22,8,1,8,42.95
4a18f,D:\Main_Project\Multimodal_NDD_Prediction\dyslexia_screening\data/mps/mps_dataset\audios\4a18f_EN-OL-RC-426_2.wav,4,"In the colder parts of the world, bears hibernate from October to April. Before hibernating, they eat a lot of food and become fat. Although bears have very poor eyesight and hearing, they can smell very well and are very clever. At the zoo, you may have noticed how cleverly they beg for biscuits and nuts, by sitting up and holding out their paws.",46.49,0.8281,0.1719,0.0,0.0625,0.1719,68.4,8,2,8,46.49
4a18g,D:\Main_Project\Multimodal_NDD_Prediction\dyslexia_screening\data/mps/mps_dataset\audios\4a18g_EN-OL-RC-426_1.wav,4,"Bears are found in Europe, Asia, Africa and America. They have big bodies, with short tails and thick legs. Polar bears, which live in the coldest part of the world, usually eat fish and seals. When kept in cages or in zoos, bears like to eat meat, vegetables, milk and rice. Bears are not quite as dangerous as we think they are. Like most animals, they will do their best to keep away from us.",39.83,1.0,0.0,0.0,0.0,0.0,112.98,0,0,0,39.83
4a18g,D:\Main_Project\Multimodal_NDD_Prediction\dyslexia_screening\data/mps/mps_dataset\audios\4a18g_EN-OL-RC-426_2.wav,4,"In the colder parts of the world, bears hibernate from October to April. Before hibernating, they eat a lot of food and become fat. Although bears have very poor eyesight and hearing, they can smell very well and are very clever. At the zoo, you may have noticed how cleverly they beg for biscuits and nuts, by sitting up and holding out their paws.",32.63,0.9531,0.0469,0.0,0.0156,0.0469,112.17,0,0,0,32.63
4a18h,D:\Main_Project\Multimodal_NDD_Prediction\dyslexia_screening\data/mps/mps_dataset\audios\4a18h_EN-OL-RC-426_1.wav,4,"Bears are found in Europe, Asia, Africa and America. They have big bodies, with short tails and thick legs. Polar bears, which live in the coldest part of the world, usually eat fish and seals. When kept in cages or in zoos, bears like to eat meat, vegetables, milk and rice. Bears are not quite as dangerous as we think they are. Like most animals, they will do their best to keep away from us.",35.33,1.0,0.0,0.0,0.0133,0.0,127.37,0,0,0,35.33
4a18h,D:\Main_Project\Multimodal_NDD_Prediction\dyslexia_screening\data/mps/mps_dataset\audios\4a18h_EN-OL-RC-426_2.wav,4,"In the colder parts of the world, bears hibernate from October to April. Before hibernating, they eat a lot of food and become fat. Although bears have very poor eyesight and hearing, they can smell very well and are very clever. At the zoo, you may have noticed how cleverly they beg for biscuits and nuts, by sitting up and holding out their paws.",34.61,0.9531,0.0469,0.0,0.0469,0.0469,105.75,0,0,0,34.61
4a19a,D:\Main_Project\Multimodal_NDD_Prediction\dyslexia_screening\data/mps/mps_dataset\audios\4a19a_EN-OL-RC-426_2.wav,4,"In the colder parts of the world, bears hibernate from October to April. Before hibernating, they eat a lot of food and become fat. Although bears have very poor eyesight and hearing, they can smell very well and are very clever. At the zoo, you may have noticed how cleverly they beg for biscuits and nuts, by sitting up and holding out their paws.",47.48,0.8594,0.1406,0.0,0.0156,0.1406,69.5,4,0,4,47.48
4a19b,D:\Main_Project\Multimodal_NDD_Prediction\dyslexia_screening\data/mps/mps_dataset\audios\4a19b_EN-OL-RC-426_1.wav,4,"Bears are found in Europe, Asia, Africa and America. They have big bodies, with short tails and thick legs. Polar bears, which live in the coldest part of the world, usually eat fish and seals. When kept in cages or in zoos, bears like to eat meat, vegetables, milk and rice. Bears are not quite as dangerous as we think they are. Like most animals, they will do their best to keep away from us.",41.24,0.96,0.0133,0.0267,0.0533,0.04,104.75,10,1,10,41.24
4a19f,D:\Main_Project\Multimodal_NDD_Prediction\dyslexia_screening\data/mps/mps_dataset\audios\4a19f_EN-OL-RC-426_1.wav,4,"Bears are found in Europe, Asia, Africa and America. They have big bodies, with short tails and thick legs. Polar bears, which live in the coldest part of the world, usually eat fish and seals. When kept in cages or in zoos, bears like to eat meat, vegetables, milk and rice. Bears are not quite as dangerous as we think they are. Like most animals, they will do their best to keep away from us.",47.27,0.8267,0.1733,0.0,0.0267,0.1733,78.7,17,2,17,47.27
4a19g,D:\Main_Project\Multimodal_NDD_Prediction\dyslexia_screening\data/mps/mps_dataset\audios\4a19g_EN-OL-RC-426_1.wav,4,"Bears are found in Europe, Asia, Africa and America. They have big bodies, with short tails and thick legs. Polar bears, which live in the coldest part of the world, usually eat fish and seals. When kept in cages or in zoos, bears like to eat meat, vegetables, milk and rice. Bears are not quite as dangerous as we think they are. Like most animals, they will do their best to keep away from us.",36.11,0.9733,0.0267,0.0,0.0,0.0267,121.3,0,0,0,36.11
4a19g,D:\Main_Project\Multimodal_NDD_Prediction\dyslexia_screening\data/mps/mps_dataset\audios\4a19g_EN-OL-RC-426_2.wav,4,"In the colder parts of the world, bears hibernate from October to April. Before hibernating, they eat a lot of food and become fat. Although bears have very poor eyesight and hearing, they can smell very well and are very clever. At the zoo, you may have noticed how cleverly they beg for biscuits and nuts, by sitting up and holding out their paws.",36.56,0.9219,0.0781,0.0,0.0312,0.0781,96.83,0,0,0,36.56
4a19h,D:\Main_Project\Multimodal_NDD_Prediction\dyslexia_screening\data/mps/mps_dataset\audios\4a19h_EN-OL-RC-426_1.wav,4,"Bears are found in Europe, Asia, Africa and America. They have big bodies, with short tails and thick legs. Polar bears, which live in the coldest part of the world, usually eat fish and seals. When kept in cages or in zoos, bears like to eat meat, vegetables, milk and rice. Bears are not quite as dangerous as we think they are. Like most animals, they will do their best to keep away from us.",61.39,0.88,0.0533,0.0667,0.0933,0.12,64.51,0,0,0,61.39
4a19h,D:\Main_Project\Multimodal_NDD_Prediction\dyslexia_screening\data/mps/mps_dataset\audios\4a19h_EN-OL-RC-426_2.wav,4,"In the colder parts of the world, bears hibernate from October to April. Before hibernating, they eat a lot of food and become fat. Although bears have very poor eyesight and hearing, they can smell very well and are very clever. At the zoo, you may have noticed how cleverly they beg for biscuits and nuts, by sitting up and holding out their paws.",46.64,0.8594,0.0938,0.0469,0.0469,0.1406,70.75,0,0,0,46.64
4a19k,D:\Main_Project\Multimodal_NDD_Prediction\dyslexia_screening\data/mps/mps_dataset\audios\4a19k_EN-OL-RC-426_1.wav,4,"Bears are found in Europe, Asia, Africa and America. They have big bodies, with short tails and thick legs. Polar bears, which live in the coldest part of the world, usually eat fish and seals. When kept in cages or in zoos, bears like to eat meat, vegetables, milk and rice. Bears are not quite as dangerous as we think they are. Like most animals, they will do their best to keep away from us.",54.5,0.8133,0.1067,0.08,0.0133,0.1867,67.16,0,0,0,54.5
4a1a,D:\Main_Project\Multimodal_NDD_Prediction\dyslexia_screening\data/mps/mps_dataset\audios\4a1a_EN-OL-RC-426_1.wav,4,"Bears are found in Europe, Asia, Africa and America. They have big bodies, with short tails and thick legs. Polar bears, which live in the coldest part of the world, usually eat fish and seals. When kept in cages or in zoos, bears like to eat meat, vegetables, milk and rice. Bears are not quite as dangerous as we think they are. Like most animals, they will do their best to keep away from us.",38.78,0.9733,0.0133,0.0133,0.0,0.0267,112.94,0,0,0,38.78
4a1a,D:\Main_Project\Multimodal_NDD_Prediction\dyslexia_screening\data/mps/mps_dataset\audios\4a1a_EN-OL-RC-426_2.wav,4,"In the colder parts of the world, bears hibernate from October to April. Before hibernating, they eat a lot of food and become fat. Although bears have very poor eyesight and hearing, they can smell very well and are very clever. At the zoo, you may have noticed how cleverly they beg for biscuits and nuts, by sitting up and holding out their paws.",39.65,0.9375,0.0625,0.0,0.0312,0.0625,90.79,0,0,0,39.65
4a1c,D:\Main_Project\Multimodal_NDD_Prediction\dyslexia_screening\data/mps/mps_dataset\audios\4a1c_EN-OL-RC-426_1.wav,4,"Bears are found in Europe, Asia, Africa and America. They have big bodies, with short tails and thick legs. Polar bears, which live in the coldest part of the world, usually eat fish and seals. When kept in cages or in zoos, bears like to eat meat, vegetables, milk and rice. Bears are not quite as dangerous as we think they are. Like most animals, they will do their best to keep away from us.",45.59,0.8933,0.1067,0.0,0.0133,0.1067,88.18,0,0,0,45.59
4a1f,D:\Main_Project\Multimodal_NDD_Prediction\dyslexia_screening\data/mps/mps_dataset\audios\4a1f_EN-OL-RC-426_1.wav,4,"Bears are found in Europe, Asia, Africa and America. They have big bodies, with short tails and thick legs. Polar bears, which live in the coldest part of the world, usually eat fish and seals. When kept in cages or in zoos, bears like to eat meat, vegetables, milk and rice. Bears are not quite as dangerous as we think they are. Like most animals, they will do their best to keep away from us.",61.23,0.8933,0.0933,0.0133,0.0933,0.1067,65.65,23,6,23,61.23
4a1g,D:\Main_Project\Multimodal_NDD_Prediction\dyslexia_screening\data/mps/mps_dataset\audios\4a1g_EN-OL-RC-426_1.wav,4,"Bears are found in Europe, Asia, Africa and America. They have big bodies, with short tails and thick legs. Polar bears, which live in the coldest part of the world, usually eat fish and seals. When kept in cages or in zoos, bears like to eat meat, vegetables, milk and rice. Bears are not quite as dangerous as we think they are. Like most animals, they will do their best to keep away from us.",41.75,0.92,0.08,0.0,0.04,0.08,99.16,0,0,0,41.75
4a1g,D:\Main_Project\Multimodal_NDD_Prediction\dyslexia_screening\data/mps/mps_dataset\audios\4a1g_EN-OL-RC-426_2.wav,4,"In the colder parts of the world, bears hibernate from October to April. Before hibernating, they eat a lot of food and become fat. Although bears have very poor eyesight and hearing, they can smell very well and are very clever. At the zoo, you may have noticed how cleverly they beg for biscuits and nuts, by sitting up and holding out their paws.",42.17,0.9531,0.0469,0.0,0.0156,0.0469,86.79,0,0,0,42.17
4a20b,D:\Main_Project\Multimodal_NDD_Prediction\dyslexia_screening\data/mps/mps_dataset\audios\4a20b_EN-OL-RC-426_2.wav,4,"In the colder parts of the world, bears hibernate from October to April. Before hibernating, they eat a lot of food and become fat. Although bears have very poor eyesight and hearing, they can smell very well and are very clever. At the zoo, you may have noticed how cleverly they beg for biscuits and nuts, by sitting up and holding out their paws.",39.89,0.8438,0.1562,0.0,0.0625,0.1562,81.22,5,0,5,39.89
4a20c,D:\Main_Project\Multimodal_NDD_Prediction\dyslexia_screening\data/mps/mps_dataset\audios\4a20c_EN-OL-RC-426_1.wav,4,"Bears are found in Europe, Asia, Africa and America. They have big bodies, with short tails and thick legs. Polar bears, which live in the coldest part of the world, usually eat fish and seals. When kept in cages or in zoos, bears like to eat meat, vegetables, milk and rice. Bears are not quite as dangerous as we think they are. Like most animals, they will do their best to keep away from us.",50.0,0.8667,0.1067,0.0267,0.0133,0.1333,78.0,0,0,0,50.0
4a20g,D:\Main_Project\Multimodal_NDD_Prediction\dyslexia_screening\data/mps/mps_dataset\audios\4a20g_EN-OL-RC-426_2.wav,4,"In the colder parts of the world, bears hibernate from October to April. Before hibernating, they eat a lot of food and become fat. Although bears have very poor eyesight and hearing, they can smell very well and are very clever. At the zoo, you may have noticed how cleverly they beg for biscuits and nuts, by sitting up and holding out their paws.",59.66,0.8438,0.0781,0.0781,0.0938,0.1562,54.31,0,0,0,59.66
4a20k,D:\Main_Project\Multimodal_NDD_Prediction\dyslexia_screening\data/mps/mps_dataset\audios\4a20k_EN-OL-RC-426_1.wav,4,"Bears are found in Europe, Asia, Africa and America. They have big bodies, with short tails and thick legs. Polar bears, which live in the coldest part of the world, usually eat fish and seals. When kept in cages or in zoos, bears like to eat meat, vegetables, milk and rice. Bears are not quite as dangerous as we think they are. Like most animals, they will do their best to keep away from us.",42.46,0.8,0.12,0.08,0.04,0.2,84.79,7,0,7,42.46
4a20k,D:\Main_Project\Multimodal_NDD_Prediction\dyslexia_screening\data/mps/mps_dataset\audios\4a20k_EN-OL-RC-426_2.wav,4,"In the colder parts of the world, bears hibernate from October to April. Before hibernating, they eat a lot of food and become fat. Although bears have very poor eyesight and hearing, they can smell very well and are very clever. At the zoo, you may have noticed how cleverly they beg for biscuits and nuts, by sitting up and holding out their paws.",40.58,0.8594,0.1406,0.0,0.0938,0.1406,81.32,2,0,2,40.58
4a21k,D:\Main_Project\Multimodal_NDD_Prediction\dyslexia_screening\data/mps/mps_dataset\audios\4a21k_EN-OL-RC-426_1.wav,4,"Bears are found in Europe, Asia, Africa and America. They have big bodies, with short tails and thick legs. Polar bears, which live in the coldest part of the world, usually eat fish and seals. When kept in cages or in zoos, bears like to eat meat, vegetables, milk and rice. Bears are not quite as dangerous as we think they are. Like most animals, they will do their best to keep away from us.",41.42,0.76,0.16,0.08,0.0267,0.24,82.57,3,0,3,41.42
4a21k,D:\Main_Project\Multimodal_NDD_Prediction\dyslexia_screening\data/mps/mps_dataset\audios\4a21k_EN-OL-RC-426_2.wav,4,"In the colder parts of the world, bears hibernate from October to April. Before hibernating, they eat a lot of food and become fat. Although bears have very poor eyesight and hearing, they can smell very well and are very clever. At the zoo, you may have noticed how cleverly they beg for biscuits and nuts, by sitting up and holding out their paws.",41.09,0.8906,0.1094,0.0,0.0938,0.1094,83.23,5,0,5,41.09
4a22b,D:\Main_Project\Multimodal_NDD_Prediction\dyslexia_screening\data/mps/mps_dataset\audios\4a22b_EN-OL-RC-426_1.wav,4,"Bears are found in Europe, Asia, Africa and America. They have big bodies, with short tails and thick legs. Polar bears, which live in the coldest part of the world, usually eat fish and seals. When kept in cages or in zoos, bears like to eat meat, vegetables, milk and rice. Bears are not quite as dangerous as we think they are. Like most animals, they will do their best to keep away from us.",40.57,0.8533,0.1467,0.0,0.0267,0.1467,94.65,4,0,4,40.57
4a22c,D:\Main_Project\Multimodal_NDD_Prediction\dyslexia_screening\data/mps/mps_dataset\audios\4a22c_EN-OL-RC-426_1.wav,4,"Bears are found in Europe, Asia, Africa and America. They have big bodies, with short tails and thick legs. Polar bears, which live in the coldest part of the world, usually eat fish and seals. When kept in cages or in zoos, bears like to eat meat, vegetables, milk and rice. Bears are not quite as dangerous as we think they are. Like most animals, they will do their best to keep away from us.",46.25,0.9467,0.0533,0.0,0.0,0.0533,92.11,0,0,0,46.25
4a22f,D:\Main_Project\Multimodal_NDD_Prediction\dyslexia_screening\data/mps/mps_dataset\audios\4a22f_EN-OL-RC-426_1.wav,4,"Bears are found in Europe, Asia, Africa and America. They have big bodies, with short tails and thick legs. Polar bears, which live in the coldest part of the world, usually eat fish and seals. When kept in cages or in zoos, bears like to eat meat, vegetables, milk and rice. Bears are not quite as dangerous as we think they are. Like most animals, they will do their best to keep away from us.",44.15,1.0,0.0,0.0,0.0133,0.0,101.93,7,1,7,44.15
4a22j,D:\Main_Project\Multimodal_NDD_Prediction\dyslexia_screening\data/mps/mps_dataset\audios\4a22j_EN-OL-RC-426_2.wav,4,"In the colder parts of the world, bears hibernate from October to April. Before hibernating, they eat a lot of food and become fat. Although bears have very poor eyesight and hearing, they can smell very well and are very clever. At the zoo, you may have noticed how cleverly they beg for biscuits and nuts, by sitting up and holding out their paws.",52.16,0.7656,0.2344,0.0,0.0156,0.2344,56.37,13,2,13,52.16
4a23a,D:\Main_Project\Multimodal_NDD_Prediction\dyslexia_screening\data/mps/mps_dataset\audios\4a23a_EN-OL-RC-426_2.wav,4,"In the colder parts of the world, bears hibernate from October to April. Before hibernating, they eat a lot of food and become fat. Although bears have very poor eyesight and hearing, they can smell very well and are very clever. At the zoo, you may have noticed how cleverly they beg for biscuits and nuts, by sitting up and holding out their paws.",54.65,0.7812,0.2031,0.0156,0.0156,0.2188,54.89,9,1,9,54.65
4a23c,D:\Main_Project\Multimodal_NDD_Prediction\dyslexia_screening\data/mps/mps_dataset\audios\4a23c_EN-OL-RC-426_1.wav,4,"Bears are found in Europe, Asia, Africa and America. They have big bodies, with short tails and thick legs. Polar bears, which live in the coldest part of the world, usually eat fish and seals. When kept in cages or in zoos, bears like to eat meat, vegetables, milk and rice. Bears are not quite as dangerous as we think they are. Like most animals, they will do their best to keep away from us.",39.92,0.9467,0.04,0.0133,0.0,0.0533,106.71,0,0,0,39.92
4a23c,D:\Main_Project\Multimodal_NDD_Prediction\dyslexia_screening\data/mps/mps_dataset\audios\4a23c_EN-OL-RC-426_2.wav,4,"In the colder parts of the world, bears hibernate from October to April. Before hibernating, they eat a lot of food and become fat. Although bears have very poor eyesight and hearing, they can smell very well and are very clever. At the zoo, you may have noticed how cleverly they beg for biscuits and nuts, by sitting up and holding out their paws.",36.62,0.9062,0.0938,0.0,0.0,0.0938,95.03,0,0,0,36.62
4a23f,D:\Main_Project\Multimodal_NDD_Prediction\dyslexia_screening\data/mps/mps_dataset\audios\4a23f_EN-OL-RC-426_1.wav,4,"Bears are found in Europe, Asia, Africa and America. They have big bodies, with short tails and thick legs. Polar bears, which live in the coldest part of the world, usually eat fish and seals. When kept in cages or in zoos, bears like to eat meat, vegetables, milk and rice. Bears are not quite as dangerous as we think they are. Like most animals, they will do their best to keep away from us.",46.96,0.9333,0.0533,0.0133,0.0133,0.0667,89.44,13,0,13,46.96
4a24a,D:\Main_Project\Multimodal_NDD_Prediction\dyslexia_screening\data/mps/mps_dataset\audios\4a24a_EN-OL-RC-426_1.wav,4,"Bears are found in Europe, Asia, Africa and America. They have big bodies, with short tails and thick legs. Polar bears, which live in the coldest part of the world, usually eat fish and seals. When kept in cages or in zoos, bears like to eat meat, vegetables, milk and rice. Bears are not quite as dangerous as we think they are. Like most animals, they will do their best to keep away from us.",44.38,0.9467,0.0533,0.0,0.0133,0.0533,95.99,5,1,5,44.38
4a24a,D:\Main_Project\Multimodal_NDD_Prediction\dyslexia_screening\data/mps/mps_dataset\audios\4a24a_EN-OL-RC-426_2.wav,4,"In the colder parts of the world, bears hibernate from October to April. Before hibernating, they eat a lot of food and become fat. Although bears have very poor eyesight and hearing, they can smell very well and are very clever. At the zoo, you may have noticed how cleverly they beg for biscuits and nuts, by sitting up and holding out their paws.",34.55,0.9219,0.0781,0.0,0.0156,0.0781,102.46,1,0,1,34.55
4a24b,D:\Main_Project\Multimodal_NDD_Prediction\dyslexia_screening\data/mps/mps_dataset\audios\4a24b_EN-OL-RC-426_2.wav,4,"In the colder parts of the world, bears hibernate from October to April. Before hibernating, they eat a lot of food and become fat. Although bears have very poor eyesight and hearing, they can smell very well and are very clever. At the zoo, you may have noticed how cleverly they beg for biscuits and nuts, by sitting up and holding out their paws.",49.82,0.8438,0.1562,0.0,0.125,0.1562,65.03,11,1,11,49.82
4a24g,D:\Main_Project\Multimodal_NDD_Prediction\dyslexia_screening\data/mps/mps_dataset\audios\4a24g_EN-OL-RC-426_1.wav,4,"Bears are found in Europe, Asia, Africa and America. They have big bodies, with short tails and thick legs. Polar bears, which live in the coldest part of the world, usually eat fish and seals. When kept in cages or in zoos, bears like to eat meat, vegetables, milk and rice. Bears are not quite as dangerous as we think they are. Like most animals, they will do their best to keep away from us.",47.74,0.96,0.04,0.0,0.0533,0.04,90.49,0,0,0,47.74
4a24g,D:\Main_Project\Multimodal_NDD_Prediction\dyslexia_screening\data/mps/mps_dataset\audios\4a24g_EN-OL-RC-426_2.wav,4,"In the colder parts of the world, bears hibernate from October to April. Before hibernating, they eat a lot of food and become fat. Although bears have very poor eyesight and hearing, they can smell very well and are very clever. At the zoo, you may have noticed how cleverly they beg for biscuits and nuts, by sitting up and holding out their paws.",43.34,0.9531,0.0469,0.0,0.0312,0.0469,84.45,0,0,0,43.34
4a25c,D:\Main_Project\Multimodal_NDD_Prediction\dyslexia_screening\data/mps/mps_dataset\audios\4a25c_EN-OL-RC-426_1.wav,4,"Bears are found in Europe, Asia, Africa and America. They have big bodies, with short tails and thick legs. Polar bears, which live in the coldest part of the world, usually eat fish and seals. When kept in cages or in zoos, bears like to eat meat, vegetables, milk and rice. Bears are not quite as dangerous as we think they are. Like most animals, they will do their best to keep away from us.",32.45,0.8933,0.1067,0.0,0.0267,0.1067,123.88,0,0,0,32.45
4a25c,D:\Main_Project\Multimodal_NDD_Prediction\dyslexia_screening\data/mps/mps_dataset\audios\4a25c_EN-OL-RC-426_2.wav,4,"In the colder parts of the world, bears hibernate from October to April. Before hibernating, they eat a lot of food and become fat. Although bears have very poor eyesight and hearing, they can smell very well and are very clever. At the zoo, you may have noticed how cleverly they beg for biscuits and nuts, by sitting up and holding out their paws.",31.04,0.8594,0.1406,0.0,0.0312,0.1406,106.31,0,0,0,31.04
4a25f,D:\Main_Project\Multimodal_NDD_Prediction\dyslexia_screening\data/mps/mps_dataset\audios\4a25f_EN-OL-RC-426_1.wav,4,"Bears are found in Europe, Asia, Africa and America. They have big bodies, with short tails and thick legs. Polar bears, which live in the coldest part of the world, usually eat fish and seals. When kept in cages or in zoos, bears like to eat meat, vegetables, milk and rice. Bears are not quite as dangerous as we think they are. Like most animals, they will do their best to keep away from us.",40.82,0.9467,0.0533,0.0,0.0,0.0533,104.36,0,0,0,40.82
4a25f,D:\Main_Project\Multimodal_NDD_Prediction\dyslexia_screening\data/mps/mps_dataset\audios\4a25f_EN-OL-RC-426_2.wav,4,"In the colder parts of the world, bears hibernate from October to April. Before hibernating, they eat a lot of food and become fat. Although bears have very poor eyesight and hearing, they can smell very well and are very clever. At the zoo, you may have noticed how cleverly they beg for biscuits and nuts, by sitting up and holding out their paws.",34.46,0.8906,0.0938,0.0156,0.0,0.1094,99.25,3,0,3,34.46
4a25g,D:\Main_Project\Multimodal_NDD_Prediction\dyslexia_screening\data/mps/mps_dataset\audios\4a25g_EN-OL-RC-426_1.wav,4,"Bears are found in Europe, Asia, Africa and America. They have big bodies, with short tails and thick legs. Polar bears, which live in the coldest part of the world, usually eat fish and seals. When kept in cages or in zoos, bears like to eat meat, vegetables, milk and rice. Bears are not quite as dangerous as we think they are. Like most animals, they will do their best to keep away from us.",44.27,0.84,0.12,0.04,0.0133,0.16,85.39,0,0,0,44.27
4a25g,D:\Main_Project\Multimodal_NDD_Prediction\dyslexia_screening\data/mps/mps_dataset\audios\4a25g_EN-OL-RC-426_2.wav,4,"In the colder parts of the world, bears hibernate from October to April. Before hibernating, they eat a lot of food and become fat. Although bears have very poor eyesight and hearing, they can smell very well and are very clever. At the zoo, you may have noticed how cleverly they beg for biscuits and nuts, by sitting up and holding out their paws.",37.49,0.875,0.0938,0.0312,0.0625,0.125,89.62,0,0,0,37.49
4a26a,D:\Main_Project\Multimodal_NDD_Prediction\dyslexia_screening\data/mps/mps_dataset\audios\4a26a_EN-OL-RC-426_2.wav,4,"In the colder parts of the world, bears hibernate from October to April. Before hibernating, they eat a lot of food and become fat. Although bears have very poor eyesight and hearing, they can smell very well and are very clever. At the zoo, you may have noticed how cleverly they beg for biscuits and nuts, by sitting up and holding out their paws.",51.41,0.7969,0.2031,0.0,0.0781,0.2031,59.52,10,2,10,51.41
4a26c,D:\Main_Project\Multimodal_NDD_Prediction\dyslexia_screening\data/mps/mps_dataset\audios\4a26c_EN-OL-RC-426_1.wav,4,"Bears are found in Europe, Asia, Africa and America. They have big bodies, with short tails and thick legs. Polar bears, which live in the coldest part of the world, usually eat fish and seals. When kept in cages or in zoos, bears like to eat meat, vegetables, milk and rice. Bears are not quite as dangerous as we think they are. Like most animals, they will do their best to keep away from us.",43.61,0.9333,0.04,0.0267,0.04,0.0667,96.31,0,0,0,43.61
4a27c,D:\Main_Project\Multimodal_NDD_Prediction\dyslexia_screening\data/mps/mps_dataset\audios\4a27c_EN-OL-RC-426_2.wav,4,"In the colder parts of the world, bears hibernate from October to April. Before hibernating, they eat a lot of food and become fat. Although bears have very poor eyesight and hearing, they can smell very well and are very clever. At the zoo, you may have noticed how cleverly they beg for biscuits and nuts, by sitting up and holding out their paws.",46.1,0.8906,0.0938,0.0156,0.0312,0.1094,74.19,0,0,0,46.1
4a27d,D:\Main_Project\Multimodal_NDD_Prediction\dyslexia_screening\data/mps/mps_dataset\audios\4a27d_EN-OL-RC-426_1.wav,4,"Bears are found in Europe, Asia, Africa and America. They have big bodies, with short tails and thick legs. Polar bears, which live in the coldest part of the world, usually eat fish and seals. When kept in cages or in zoos, bears like to eat meat, vegetables, milk and rice. Bears are not quite as dangerous as we think they are. Like most animals, they will do their best to keep away from us.",44.84,0.7467,0.2533,0.0,0.0133,0.2533,74.93,7,0,7,44.84
4a27f,D:\Main_Project\Multimodal_NDD_Prediction\dyslexia_screening\data/mps/mps_dataset\audios\4a27f_EN-OL-RC-426_1.wav,4,"Bears are found in Europe, Asia, Africa and America. They have big bodies, with short tails and thick legs. Polar bears, which live in the coldest part of the world, usually eat fish and seals. When kept in cages or in zoos, bears like to eat meat, vegetables, milk and rice. Bears are not quite as dangerous as we think they are. Like most animals, they will do their best to keep away from us.",42.8,0.84,0.1333,0.0267,0.0267,0.16,88.32,11,0,11,42.8
4a27h,D:\Main_Project\Multimodal_NDD_Prediction\dyslexia_screening\data/mps/mps_dataset\audios\4a27h_EN-OL-RC-426_1.wav,4,"Bears are found in Europe, Asia, Africa and America. They have big bodies, with short tails and thick legs. Polar bears, which live in the coldest part of the world, usually eat fish and seals. When kept in cages or in zoos, bears like to eat meat, vegetables, milk and rice. Bears are not quite as dangerous as we think they are. Like most animals, they will do their best to keep away from us.",27.83,0.8667,0.1067,0.0267,0.0133,0.1333,140.14,0,0,0,27.83
4a27j,D:\Main_Project\Multimodal_NDD_Prediction\dyslexia_screening\data/mps/mps_dataset\audios\4a27j_EN-OL-RC-426_1.wav,4,"Bears are found in Europe, Asia, Africa and America. They have big bodies, with short tails and thick legs. Polar bears, which live in the coldest part of the world, usually eat fish and seals. When kept in cages or in zoos, bears like to eat meat, vegetables, milk and rice. Bears are not quite as dangerous as we think they are. Like most animals, they will do their best to keep away from us.",59.87,0.4533,0.28,0.2667,0.04,0.5467,34.07,23,6,23,59.87
4a27j,D:\Main_Project\Multimodal_NDD_Prediction\dyslexia_screening\data/mps/mps_dataset\audios\4a27j_EN-OL-RC-426_2.wav,4,"In the colder parts of the world, bears hibernate from October to April. Before hibernating, they eat a lot of food and become fat. Although bears have very poor eyesight and hearing, they can smell very well and are very clever. At the zoo, you may have noticed how cleverly they beg for biscuits and nuts, by sitting up and holding out their paws.",43.79,0.75,0.25,0.0,0.0469,0.25,65.77,4,0,4,43.79
4a27k,D:\Main_Project\Multimodal_NDD_Prediction\dyslexia_screening\data/mps/mps_dataset\audios\4a27k_EN-OL-RC-426_2.wav,4,"In the colder parts of the world, bears hibernate from October to April. Before hibernating, they eat a lot of food and become fat. Although bears have very poor eyesight and hearing, they can smell very well and are very clever. At the zoo, you may have noticed how cleverly they beg for biscuits and nuts, by sitting up and holding out their paws.",46.31,0.9219,0.0781,0.0,0.0469,0.0781,76.44,0,0,0,46.31
4a28a,D:\Main_Project\Multimodal_NDD_Prediction\dyslexia_screening\data/mps/mps_dataset\audios\4a28a_EN-OL-RC-426_2.wav,4,"In the colder parts of the world, bears hibernate from October to April. Before hibernating, they eat a lot of food and become fat. Although bears have very poor eyesight and hearing, they can smell very well and are very clever. At the zoo, you may have noticed how cleverly they beg for biscuits and nuts, by sitting up and holding out their paws.",47.93,0.7812,0.2188,0.0,0.1094,0.2188,62.59,12,0,12,47.93
4a2c,D:\Main_Project\Multimodal_NDD_Prediction\dyslexia_screening\data/mps/mps_dataset\audios\4a2c_EN-OL-RC-426_1.wav,4,"Bears are found in Europe, Asia, Africa and America. They have big bodies, with short tails and thick legs. Polar bears, which live in the coldest part of the world, usually eat fish and seals. When kept in cages or in zoos, bears like to eat meat, vegetables, milk and rice. Bears are not quite as dangerous as we think they are. Like most animals, they will do their best to keep away from us.",53.21,0.8133,0.1867,0.0,0.0533,0.1867,68.78,0,0,0,53.21
4a2c,D:\Main_Project\Multimodal_NDD_Prediction\dyslexia_screening\data/mps/mps_dataset\audios\4a2c_EN-OL-RC-426_2.wav,4,"In the colder parts of the world, bears hibernate from October to April. Before hibernating, they eat a lot of food and become fat. Although bears have very poor eyesight and hearing, they can smell very well and are very clever. At the zoo, you may have noticed how cleverly they beg for biscuits and nuts, by sitting up and holding out their paws.",47.27,0.8438,0.1562,0.0,0.1094,0.1562,68.54,0,0,0,47.27
4a2f,D:\Main_Project\Multimodal_NDD_Prediction\dyslexia_screening\data/mps/mps_dataset\audios\4a2f_EN-OL-RC-426_1.wav,4,"Bears are found in Europe, Asia, Africa and America. They have big bodies, with short tails and thick legs. Polar bears, which live in the coldest part of the world, usually eat fish and seals. When kept in cages or in zoos, bears like to eat meat, vegetables, milk and rice. Bears are not quite as dangerous as we think they are. Like most animals, they will do their best to keep away from us.",32.9,0.88,0.12,0.0,0.0,0.12,120.36,0,0,0,32.9
4a2f,D:\Main_Project\Multimodal_NDD_Prediction\dyslexia_screening\data/mps/mps_dataset\audios\4a2f_EN-OL-RC-426_2.wav,4,"In the colder parts of the world, bears hibernate from October to April. Before hibernating, they eat a lot of food and become fat. Although bears have very poor eyesight and hearing, they can smell very well and are very clever. At the zoo, you may have noticed how cleverly they beg for biscuits and nuts, by sitting up and holding out their paws.",31.01,0.9062,0.0938,0.0,0.0312,0.0938,112.22,0,0,0,31.01
4a2g,D:\Main_Project\Multimodal_NDD_Prediction\dyslexia_screening\data/mps/mps_dataset\audios\4a2g_EN-OL-RC-426_1.wav,4,"Bears are found in Europe, Asia, Africa and America. They have big bodies, with short tails and thick legs. Polar bears, which live in the coldest part of the world, usually eat fish and seals. When kept in cages or in zoos, bears like to eat meat, vegetables, milk and rice. Bears are not quite as dangerous as we think they are. Like most animals, they will do their best to keep away from us.",47.39,0.8667,0.1333,0.0,0.0133,0.1333,82.3,0,0,0,47.39
4a2g,D:\Main_Project\Multimodal_NDD_Prediction\dyslexia_screening\data/mps/mps_dataset\audios\4a2g_EN-OL-RC-426_2.wav,4,"In the colder parts of the world, bears hibernate from October to April. Before hibernating, they eat a lot of food and become fat. Although bears have very poor eyesight and hearing, they can smell very well and are very clever. At the zoo, you may have noticed how cleverly they beg for biscuits and nuts, by sitting up and holding out their paws.",46.67,0.7969,0.2031,0.0,0.0469,0.2031,65.57,0,0,0,46.67
4a2j,D:\Main_Project\Multimodal_NDD_Prediction\dyslexia_screening\data/mps/mps_dataset\audios\4a2j_EN-OL-RC-426_1.wav,4,"Bears are found in Europe, Asia, Africa and America. They have big bodies, with short tails and thick legs. Polar bears, which live in the coldest part of the world, usually eat fish and seals. When kept in cages or in zoos, bears like to eat meat, vegetables, milk and rice. Bears are not quite as dangerous as we think they are. Like most animals, they will do their best to keep away from us.",53.87,0.7733,0.2267,0.0,0.08,0.2267,64.6,15,1,15,53.87
4a2j,D:\Main_Project\Multimodal_NDD_Prediction\dyslexia_screening\data/mps/mps_dataset\audios\4a2j_EN-OL-RC-426_2.wav,4,"In the colder parts of the world, bears hibernate from October to April. Before hibernating, they eat a lot of food and become fat. Although bears have very poor eyesight and hearing, they can smell very well and are very clever. At the zoo, you may have noticed how cleverly they beg for biscuits and nuts, by sitting up and holding out their paws.",61.09,0.7656,0.2188,0.0156,0.125,0.2344,48.13,32,9,32,61.09
4a2k,D:\Main_Project\Multimodal_NDD_Prediction\dyslexia_screening\data/mps/mps_dataset\audios\4a2k_EN-OL-RC-426_1.wav,4,"Bears are found in Europe, Asia, Africa and America. They have big bodies, with short tails and thick legs. Polar bears, which live in the coldest part of the world, usually eat fish and seals. When kept in cages or in zoos, bears like to eat meat, vegetables, milk and rice. Bears are not quite as dangerous as we think they are. Like most animals, they will do their best to keep away from us.",54.91,0.84,0.08,0.08,0.04,0.16,68.84,0,0,0,54.91
4a2k,D:\Main_Project\Multimodal_NDD_Prediction\dyslexia_screening\data/mps/mps_dataset\audios\4a2k_EN-OL-RC-426_2.wav,4,"In the colder parts of the world, bears hibernate from October to April. Before hibernating, they eat a lot of food and become fat. Although bears have very poor eyesight and hearing, they can smell very well and are very clever. At the zoo, you may have noticed how cleverly they beg for biscuits and nuts, by sitting up and holding out their paws.",52.43,0.8594,0.1406,0.0,0.0781,0.1406,62.94,0,0,0,52.43
4a30a,D:\Main_Project\Multimodal_NDD_Prediction\dyslexia_screening\data/mps/mps_dataset\audios\4a30a_EN-OL-RC-426_2.wav,4,"In the colder parts of the world, bears hibernate from October to April. Before hibernating, they eat a lot of food and become fat. Although bears have very poor eyesight and hearing, they can smell very well and are very clever. At the zoo, you may have noticed how cleverly they beg for biscuits and nuts, by sitting up and holding out their paws.",61.3,0.7344,0.1719,0.0938,0.0781,0.2656,46.0,12,3,12,61.3
4a30c,D:\Main_Project\Multimodal_NDD_Prediction\dyslexia_screening\data/mps/mps_dataset\audios\4a30c_EN-OL-RC-426_1.wav,4,"Bears are found in Europe, Asia, Africa and America. They have big bodies, with short tails and thick legs. Polar bears, which live in the coldest part of the world, usually eat fish and seals. When kept in cages or in zoos, bears like to eat meat, vegetables, milk and rice. Bears are not quite as dangerous as we think they are. Like most animals, they will do their best to keep away from us.",57.44,0.8133,0.16,0.0267,0.0667,0.1867,63.72,0,0,0,57.44
4a30c,D:\Main_Project\Multimodal_NDD_Prediction\dyslexia_screening\data/mps/mps_dataset\audios\4a30c_EN-OL-RC-426_2.wav,4,"In the colder parts of the world, bears hibernate from October to April. Before hibernating, they eat a lot of food and become fat. Although bears have very poor eyesight and hearing, they can smell very well and are very clever. At the zoo, you may have noticed how cleverly they beg for biscuits and nuts, by sitting up and holding out their paws.",54.32,0.8281,0.1406,0.0312,0.0156,0.1719,58.54,0,0,0,54.32
4a30d,D:\Main_Project\Multimodal_NDD_Prediction\dyslexia_screening\data/mps/mps_dataset\audios\4a30d_EN-OL-RC-426_2.wav,4,"In the colder parts of the world, bears hibernate from October to April. Before hibernating, they eat a lot of food and become fat. Although bears have very poor eyesight and hearing, they can smell very well and are very clever. At the zoo, you may have noticed how cleverly they beg for biscuits and nuts, by sitting up and holding out their paws.",31.82,0.8594,0.1406,0.0,0.0469,0.1406,103.71,4,0,4,31.82
4a30f,D:\Main_Project\Multimodal_NDD_Prediction\dyslexia_screening\data/mps/mps_dataset\audios\4a30f_EN-OL-RC-426_2.wav,4,"In the colder parts of the world, bears hibernate from October to April. Before hibernating, they eat a lot of food and become fat. Although bears have very poor eyesight and hearing, they can smell very well and are very clever. At the zoo, you may have noticed how cleverly they beg for biscuits and nuts, by sitting up and holding out their paws.",57.23,0.3281,0.3906,0.2812,0.0781,0.6719,22.02,19,9,19,57.23
4a30g,D:\Main_Project\Multimodal_NDD_Prediction\dyslexia_screening\data/mps/mps_dataset\audios\4a30g_EN-OL-RC-426_1.wav,4,"Bears are found in Europe, Asia, Africa and America. They have big bodies, with short tails and thick legs. Polar bears, which live in the coldest part of the world, usually eat fish and seals. When kept in cages or in zoos, bears like to eat meat, vegetables, milk and rice. Bears are not quite as dangerous as we think they are. Like most animals, they will do their best to keep away from us.",46.34,0.9333,0.0533,0.0133,0.0,0.0667,90.63,2,0,2,46.34
4a30g,D:\Main_Project\Multimodal_NDD_Prediction\dyslexia_screening\data/mps/mps_dataset\audios\4a30g_EN-OL-RC-426_2.wav,4,"In the colder parts of the world, bears hibernate from October to April. Before hibernating, they eat a lot of food and become fat. Although bears have very poor eyesight and hearing, they can smell very well and are very clever. At the zoo, you may have noticed how cleverly they beg for biscuits and nuts, by sitting up and holding out their paws.",47.57,0.9219,0.0781,0.0,0.0312,0.0781,74.42,8,0,8,47.57
4a30j,D:\Main_Project\Multimodal_NDD_Prediction\dyslexia_screening\data/mps/mps_dataset\audios\4a30j_EN-OL-RC-426_1.wav,4,"Bears are found in Europe, Asia, Africa and America. They have big bodies, with short tails and thick legs. Polar bears, which live in the coldest part of the world, usually eat fish and seals. When kept in cages or in zoos, bears like to eat meat, vegetables, milk and rice. Bears are not quite as dangerous as we think they are. Like most animals, they will do their best to keep away from us.",36.38,0.92,0.08,0.0,0.0133,0.08,113.8,4,0,4,36.38
4a31c,D:\Main_Project\Multimodal_NDD_Prediction\dyslexia_screening\data/mps/mps_dataset\audios\4a31c_EN-OL-RC-426_1.wav,4,"Bears are found in Europe, Asia, Africa and America. They have big bodies, with short tails and thick legs. Polar bears, which live in the coldest part of the world, usually eat fish and seals. When kept in cages or in zoos, bears like to eat meat, vegetables, milk and rice. Bears are not quite as dangerous as we think they are. Like most animals, they will do their best to keep away from us.",32.84,0.92,0.08,0.0,0.0,0.08,126.07,0,0,0,32.84
4a31c,D:\Main_Project\Multimodal_NDD_Prediction\dyslexia_screening\data/mps/mps_dataset\audios\4a31c_EN-OL-RC-426_2.wav,4,"In the colder parts of the world, bears hibernate from October to April. Before hibernating, they eat a lot of food and become fat. Although bears have very poor eyesight and hearing, they can smell very well and are very clever. At the zoo, you may have noticed how cleverly they beg for biscuits and nuts, by sitting up and holding out their paws.",29.18,0.8906,0.1094,0.0,0.0156,0.1094,117.2,0,0,0,29.18
4a31f,D:\Main_Project\Multimodal_NDD_Prediction\dyslexia_screening\data/mps/mps_dataset\audios\4a31f_EN-OL-RC-426_1.wav,4,"Bears are found in Europe, Asia, Africa and America. They have big bodies, with short tails and thick legs. Polar bears, which live in the coldest part of the world, usually eat fish and seals. When kept in cages or in zoos, bears like to eat meat, vegetables, milk and rice. Bears are not quite as dangerous as we think they are. Like most animals, they will do their best to keep away from us.",53.09,0.8133,0.1867,0.0,0.0133,0.1867,68.94,17,1,17,53.09
4a31f,D:\Main_Project\Multimodal_NDD_Prediction\dyslexia_screening\data/mps/mps_dataset\audios\4a31f_EN-OL-RC-426_2.wav,4,"In the colder parts of the world, bears hibernate from October to April. Before hibernating, they eat a lot of food and become fat. Although bears have very poor eyesight and hearing, they can smell very well and are very clever. At the zoo, you may have noticed how cleverly they beg for biscuits and nuts, by sitting up and holding out their paws.",53.03,0.8281,0.1719,0.0,0.0469,0.1719,59.97,12,0,12,53.03
4a31k,D:\Main_Project\Multimodal_NDD_Prediction\dyslexia_screening\data/mps/mps_dataset\audios\4a31k_EN-OL-RC-426_1.wav,4,"Bears are found in Europe, Asia, Africa and America. They have big bodies, with short tails and thick legs. Polar bears, which live in the coldest part of the world, usually eat fish and seals. When kept in cages or in zoos, bears like to eat meat, vegetables, milk and rice. Bears are not quite as dangerous as we think they are. Like most animals, they will do their best to keep away from us.",40.22,0.88,0.04,0.08,0.0133,0.12,98.46,6,0,6,40.22
4a31k,D:\Main_Project\Multimodal_NDD_Prediction\dyslexia_screening\data/mps/mps_dataset\audios\4a31k_EN-OL-RC-426_2.wav,4,"In the colder parts of the world, bears hibernate from October to April. Before hibernating, they eat a lot of food and become fat. Although bears have very poor eyesight and hearing, they can smell very well and are very clever. At the zoo, you may have noticed how cleverly they beg for biscuits and nuts, by sitting up and holding out their paws.",40.97,0.9375,0.0625,0.0,0.0312,0.0625,87.87,0,0,0,40.97
4a32c,D:\Main_Project\Multimodal_NDD_Prediction\dyslexia_screening\data/mps/mps_dataset\audios\4a32c_EN-OL-RC-426_1.wav,4,"Bears are found in Europe, Asia, Africa and America. They have big bodies, with short tails and thick legs. Polar bears, which live in the coldest part of the world, usually eat fish and seals. When kept in cages or in zoos, bears like to eat meat, vegetables, milk and rice. Bears are not quite as dangerous as we think they are. Like most animals, they will do their best to keep away from us.",41.45,0.8267,0.1333,0.04,0.0133,0.1733,89.75,0,0,0,41.45
4a32c,D:\Main_Project\Multimodal_NDD_Prediction\dyslexia_screening\data/mps/mps_dataset\audios\4a32c_EN-OL-RC-426_2.wav,4,"In the colder parts of the world, bears hibernate from October to April. Before hibernating, they eat a lot of food and become fat. Although bears have very poor eyesight and hearing, they can smell very well and are very clever. At the zoo, you may have noticed how cleverly they beg for biscuits and nuts, by sitting up and holding out their paws.",41.11,0.8594,0.1094,0.0312,0.0312,0.1406,80.27,0,0,0,41.11
4a32d,D:\Main_Project\Multimodal_NDD_Prediction\dyslexia_screening\data/mps/mps_dataset\audios\4a32d_EN-OL-RC-426_2.wav,4,"In the colder parts of the world, bears hibernate from October to April. Before hibernating, they eat a lot of food and become fat. Although bears have very poor eyesight and hearing, they can smell very well and are very clever. At the zoo, you may have noticed how cleverly they beg for biscuits and nuts, by sitting up and holding out their paws.",38.14,0.8438,0.1406,0.0156,0.0156,0.1562,84.95,12,0,12,38.14
4a32f,D:\Main_Project\Multimodal_NDD_Prediction\dyslexia_screening\data/mps/mps_dataset\audios\4a32f_EN-OL-RC-426_1.wav,4,"Bears are found in Europe, Asia, Africa and America. They have big bodies, with short tails and thick legs. Polar bears, which live in the coldest part of the world, usually eat fish and seals. When kept in cages or in zoos, bears like to eat meat, vegetables, milk and rice. Bears are not quite as dangerous as we think they are. Like most animals, they will do their best to keep away from us.",60.74,0.8133,0.1467,0.04,0.0133,0.1867,60.26,25,9,25,60.74
4a33a,D:\Main_Project\Multimodal_NDD_Prediction\dyslexia_screening\data/mps/mps_dataset\audios\4a33a_EN-OL-RC-426_1.wav,4,"Bears are found in Europe, Asia, Africa and America. They have big bodies, with short tails and thick legs. Polar bears, which live in the coldest part of the world, usually eat fish and seals. When kept in cages or in zoos, bears like to eat meat, vegetables, milk and rice. Bears are not quite as dangerous as we think they are. Like most animals, they will do their best to keep away from us.",41.69,0.8933,0.1067,0.0,0.0,0.1067,96.43,4,1,4,41.69
4a33a,D:\Main_Project\Multimodal_NDD_Prediction\dyslexia_screening\data/mps/mps_dataset\audios\4a33a_EN-OL-RC-426_2.wav,4,"In the colder parts of the world, bears hibernate from October to April. Before hibernating, they eat a lot of food and become fat. Although bears have very poor eyesight and hearing, they can smell very well and are very clever. At the zoo, you may have noticed how cleverly they beg for biscuits and nuts, by sitting up and holding out their paws.",48.83,0.875,0.125,0.0,0.0312,0.125,68.81,17,2,17,48.83
4a33g,D:\Main_Project\Multimodal_NDD_Prediction\dyslexia_screening\data/mps/mps_dataset\audios\4a33g_EN-OL-RC-426_1.wav,4,"Bears are found in Europe, Asia, Africa and America. They have big bodies, with short tails and thick legs. Polar bears, which live in the coldest part of the world, usually eat fish and seals. When kept in cages or in zoos, bears like to eat meat, vegetables, milk and rice. Bears are not quite as dangerous as we think they are. Like most animals, they will do their best to keep away from us.",33.74,0.9733,0.0133,0.0133,0.0,0.0267,129.82,0,0,0,33.74
4a33g,D:\Main_Project\Multimodal_NDD_Prediction\dyslexia_screening\data/mps/mps_dataset\audios\4a33g_EN-OL-RC-426_2.wav,4,"In the colder parts of the world, bears hibernate from October to April. Before hibernating, they eat a lot of food and become fat. Although bears have very poor eyesight and hearing, they can smell very well and are very clever. At the zoo, you may have noticed how cleverly they beg for biscuits and nuts, by sitting up and holding out their paws.",29.27,0.9375,0.0625,0.0,0.0469,0.0625,122.99,0,0,0,29.27
4a34a,D:\Main_Project\Multimodal_NDD_Prediction\dyslexia_screening\data/mps/mps_dataset\audios\4a34a_EN-OL-RC-426_1.wav,4,"Bears are found in Europe, Asia, Africa and America. They have big bodies, with short tails and thick legs. Polar bears, which live in the coldest part of the world, usually eat fish and seals. When kept in cages or in zoos, bears like to eat meat, vegetables, milk and rice. Bears are not quite as dangerous as we think they are. Like most animals, they will do their best to keep away from us.",41.6,0.88,0.0933,0.0267,0.0267,0.12,95.19,12,1,12,41.6
4a34a,D:\Main_Project\Multimodal_NDD_Prediction\dyslexia_screening\data/mps/mps_dataset\audios\4a34a_EN-OL-RC-426_2.wav,4,"In the colder parts of the world, bears hibernate from October to April. Before hibernating, they eat a lot of food and become fat. Although bears have very poor eyesight and hearing, they can smell very well and are very clever. At the zoo, you may have noticed how cleverly they beg for biscuits and nuts, by sitting up and holding out their paws.",47.57,0.7344,0.0938,0.1719,0.0312,0.2656,59.28,10,3,10,47.57
4a34c,D:\Main_Project\Multimodal_NDD_Prediction\dyslexia_screening\data/mps/mps_dataset\audios\4a34c_EN-OL-RC-426_1.wav,4,"Bears are found in Europe, Asia, Africa and America. They have big bodies, with short tails and thick legs. Polar bears, which live in the coldest part of the world, usually eat fish and seals. When kept in cages or in zoos, bears like to eat meat, vegetables, milk and rice. Bears are not quite as dangerous as we think they are. Like most animals, they will do their best to keep away from us.",39.4,0.9467,0.0533,0.0,0.0,0.0533,108.12,0,0,0,39.4
4a34c,D:\Main_Project\Multimodal_NDD_Prediction\dyslexia_screening\data/mps/mps_dataset\audios\4a34c_EN-OL-RC-426_2.wav,4,"In the colder parts of the world, bears hibernate from October to April. Before hibernating, they eat a lot of food and become fat. Although bears have very poor eyesight and hearing, they can smell very well and are very clever. At the zoo, you may have noticed how cleverly they beg for biscuits and nuts, by sitting up and holding out their paws.",45.98,0.8281,0.1719,0.0,0.1406,0.1719,69.16,0,0,0,45.98
4a34f,D:\Main_Project\Multimodal_NDD_Prediction\dyslexia_screening\data/mps/mps_dataset\audios\4a34f_EN-OL-RC-426_1.wav,4,"Bears are found in Europe, Asia, Africa and America. They have big bodies, with short tails and thick legs. Polar bears, which live in the coldest part of the world, usually eat fish and seals. When kept in cages or in zoos, bears like to eat meat, vegetables, milk and rice. Bears are not quite as dangerous as we think they are. Like most animals, they will do their best to keep away from us.",54.12,0.8,0.1867,0.0133,0.04,0.2,66.52,13,2,13,54.12
4a34f,D:\Main_Project\Multimodal_NDD_Prediction\dyslexia_screening\data/mps/mps_dataset\audios\4a34f_EN-OL-RC-426_2.wav,4,"In the colder parts of the world, bears hibernate from October to April. Before hibernating, they eat a lot of food and become fat. Although bears have very poor eyesight and hearing, they can smell very well and are very clever. At the zoo, you may have noticed how cleverly they beg for biscuits and nuts, by sitting up and holding out their paws.",60.77,0.7188,0.2812,0.0,0.0781,0.2812,45.42,15,3,15,60.77
4a35c,D:\Main_Project\Multimodal_NDD_Prediction\dyslexia_screening\data/mps/mps_dataset\audios\4a35c_EN-OL-RC-426_1.wav,4,"Bears are found in Europe, Asia, Africa and America. They have big bodies, with short tails and thick legs. Polar bears, which live in the coldest part of the world, usually eat fish and seals. When kept in cages or in zoos, bears like to eat meat, vegetables, milk and rice. Bears are not quite as dangerous as we think they are. Like most animals, they will do their best to keep away from us.",44.69,0.9333,0.0667,0.0,0.0267,0.0667,93.98,0,0,0,44.69
4a35c,D:\Main_Project\Multimodal_NDD_Prediction\dyslexia_screening\data/mps/mps_dataset\audios\4a35c_EN-OL-RC-426_2.wav,4,"In the colder parts of the world, bears hibernate from October to April. Before hibernating, they eat a lot of food and become fat. Although bears have very poor eyesight and hearing, they can smell very well and are very clever. At the zoo, you may have noticed how cleverly they beg for biscuits and nuts, by sitting up and holding out their paws.",46.13,0.9219,0.0781,0.0,0.0938,0.0781,76.74,0,0,0,46.13
4a35f,D:\Main_Project\Multimodal_NDD_Prediction\dyslexia_screening\data/mps/mps_dataset\audios\4a35f_EN-OL-RC-426_2.wav,4,"In the colder parts of the world, bears hibernate from October to April. Before hibernating, they eat a lot of food and become fat. Although bears have very poor eyesight and hearing, they can smell very well and are very clever. At the zoo, you may have noticed how cleverly they beg for biscuits and nuts, by sitting up and holding out their paws.",49.37,0.7969,0.2031,0.0,0.0469,0.2031,61.98,13,0,13,49.37
4a35g,D:\Main_Project\Multimodal_NDD_Prediction\dyslexia_screening\data/mps/mps_dataset\audios\4a35g_EN-OL-RC-426_1.wav,4,"Bears are found in Europe, Asia, Africa and America. They have big bodies, with short tails and thick legs. Polar bears, which live in the coldest part of the world, usually eat fish and seals. When kept in cages or in zoos, bears like to eat meat, vegetables, milk and rice. Bears are not quite as dangerous as we think they are. Like most animals, they will do their best to keep away from us.",48.41,0.7333,0.2667,0.0,0.0133,0.2667,68.17,0,0,0,48.41
4a35g,D:\Main_Project\Multimodal_NDD_Prediction\dyslexia_screening\data/mps/mps_dataset\audios\4a35g_EN-OL-RC-426_2.wav,4,"In the colder parts of the world, bears hibernate from October to April. Before hibernating, they eat a lot of food and become fat. Although bears have very poor eyesight and hearing, they can smell very well and are very clever. At the zoo, you may have noticed how cleverly they beg for biscuits and nuts, by sitting up and holding out their paws.",40.61,0.7188,0.25,0.0312,0.0312,0.2812,67.96,0,0,0,40.61
4a35h,D:\Main_Project\Multimodal_NDD_Prediction\dyslexia_screening\data/mps/mps_dataset\audios\4a35h_EN-OL-RC-426_2.wav,4,"In the colder parts of the world, bears hibernate from October to April. Before hibernating, they eat a lot of food and become fat. Although bears have very poor eyesight and hearing, they can smell very well and are very clever. At the zoo, you may have noticed how cleverly they beg for biscuits and nuts, by sitting up and holding out their paws.",53.6,0.7344,0.2188,0.0469,0.0625,0.2656,52.61,11,3,11,53.6
4a36f,D:\Main_Project\Multimodal_NDD_Prediction\dyslexia_screening\data/mps/mps_dataset\audios\4a36f_EN-OL-RC-426_1.wav,4,"Bears are found in Europe, Asia, Africa and America. They have big bodies, with short tails and thick legs. Polar bears, which live in the coldest part of the world, usually eat fish and seals. When kept in cages or in zoos, bears like to eat meat, vegetables, milk and rice. Bears are not quite as dangerous as we think they are. Like most animals, they will do their best to keep away from us.",54.8,0.88,0.12,0.0,0.0133,0.12,72.26,12,0,12,54.8
4a36k,D:\Main_Project\Multimodal_NDD_Prediction\dyslexia_screening\data/mps/mps_dataset\audios\4a36k_EN-OL-RC-426_1.wav,4,"Bears are found in Europe, Asia, Africa and America. They have big bodies, with short tails and thick legs. Polar bears, which live in the coldest part of the world, usually eat fish and seals. When kept in cages or in zoos, bears like to eat meat, vegetables, milk and rice. Bears are not quite as dangerous as we think they are. Like most animals, they will do their best to keep away from us.",49.38,0.88,0.04,0.08,0.0133,0.12,80.19,0,0,0,49.38
4a37f,D:\Main_Project\Multimodal_NDD_Prediction\dyslexia_screening\data/mps/mps_dataset\audios\4a37f_EN-OL-RC-426_1.wav,4,"Bears are found in Europe, Asia, Africa and America. They have big bodies, with short tails and thick legs. Polar bears, which live in the coldest part of the world, usually eat fish and seals. When kept in cages or in zoos, bears like to eat meat, vegetables, milk and rice. Bears are not quite as dangerous as we think they are. Like most animals, they will do their best to keep away from us.",51.23,0.8267,0.1733,0.0,0.0133,0.1733,72.61,19,0,19,51.23
4a37f,D:\Main_Project\Multimodal_NDD_Prediction\dyslexia_screening\data/mps/mps_dataset\audios\4a37f_EN-OL-RC-426_2.wav,4,"In the colder parts of the world, bears hibernate from October to April. Before hibernating, they eat a lot of food and become fat. Although bears have very poor eyesight and hearing, they can smell very well and are very clever. At the zoo, you may have noticed how cleverly they beg for biscuits and nuts, by sitting up and holding out their paws.",60.35,0.7656,0.2344,0.0,0.0781,0.2344,48.72,24,3,24,60.35
4a38c,D:\Main_Project\Multimodal_NDD_Prediction\dyslexia_screening\data/mps/mps_dataset\audios\4a38c_EN-OL-RC-426_1.wav,4,"Bears are found in Europe, Asia, Africa and America. They have big bodies, with short tails and thick legs. Polar bears, which live in the coldest part of the world, usually eat fish and seals. When kept in cages or in zoos, bears like to eat meat, vegetables, milk and rice. Bears are not quite as dangerous as we think they are. Like most animals, they will do their best to keep away from us.",36.59,0.8,0.04,0.16,0.0,0.2,98.39,0,0,0,36.59
4a38c,D:\Main_Project\Multimodal_NDD_Prediction\dyslexia_screening\data/mps/mps_dataset\audios\4a38c_EN-OL-RC-426_2.wav,4,"In the colder parts of the world, bears hibernate from October to April. Before hibernating, they eat a lot of food and become fat. Although bears have very poor eyesight and hearing, they can smell very well and are very clever. At the zoo, you may have noticed how cleverly they beg for biscuits and nuts, by sitting up and holding out their paws.",38.93,0.8906,0.1094,0.0,0.0156,0.1094,87.85,0,0,0,38.93
4a38d,D:\Main_Project\Multimodal_NDD_Prediction\dyslexia_screening\data/mps/mps_dataset\audios\4a38d_EN-OL-RC-426_1.wav,4,"Bears are found in Europe, Asia, Africa and America. They have big bodies, with short tails and thick legs. Polar bears, which live in the coldest part of the world, usually eat fish and seals. When kept in cages or in zoos, bears like to eat meat, vegetables, milk and rice. Bears are not quite as dangerous as we think they are. Like most animals, they will do their best to keep away from us.",34.49,0.9333,0.0667,0.0,0.0267,0.0667,121.77,8,0,8,34.49
4a38d,D:\Main_Project\Multimodal_NDD_Prediction\dyslexia_screening\data/mps/mps_dataset\audios\4a38d_EN-OL-RC-426_2.wav,4,"In the colder parts of the world, bears hibernate from October to April. Before hibernating, they eat a lot of food and become fat. Although bears have very poor eyesight and hearing, they can smell very well and are very clever. At the zoo, you may have noticed how cleverly they beg for biscuits and nuts, by sitting up and holding out their paws.",31.25,0.9531,0.0312,0.0156,0.0,0.0469,117.12,6,0,6,31.25
4a38f,D:\Main_Project\Multimodal_NDD_Prediction\dyslexia_screening\data/mps/mps_dataset\audios\4a38f_EN-OL-RC-426_1.wav,4,"Bears are found in Europe, Asia, Africa and America. They have big bodies, with short tails and thick legs. Polar bears, which live in the coldest part of the world, usually eat fish and seals. When kept in cages or in zoos, bears like to eat meat, vegetables, milk and rice. Bears are not quite as dangerous as we think they are. Like most animals, they will do their best to keep away from us.",60.95,0.8267,0.0933,0.08,0.0267,0.1733,61.03,0,0,0,60.95
4a38g,D:\Main_Project\Multimodal_NDD_Prediction\dyslexia_screening\data/mps/mps_dataset\audios\4a38g_EN-OL-RC-426_1.wav,4,"Bears are found in Europe, Asia, Africa and America. They have big bodies, with short tails and thick legs. Polar bears, which live in the coldest part of the world, usually eat fish and seals. When kept in cages or in zoos, bears like to eat meat, vegetables, milk and rice. Bears are not quite as dangerous as we think they are. Like most animals, they will do their best to keep away from us.",40.52,0.9067,0.08,0.0133,0.0133,0.0933,100.69,0,0,0,40.52
4a38g,D:\Main_Project\Multimodal_NDD_Prediction\dyslexia_screening\data/mps/mps_dataset\audios\4a38g_EN-OL-RC-426_2.wav,4,"In the colder parts of the world, bears hibernate from October to April. Before hibernating, they eat a lot of food and become fat. Although bears have very poor eyesight and hearing, they can smell very well and are very clever. At the zoo, you may have noticed how cleverly they beg for biscuits and nuts, by sitting up and holding out their paws.",39.53,0.9062,0.0938,0.0,0.0156,0.0938,88.03,5,0,5,39.53
4a39d,D:\Main_Project\Multimodal_NDD_Prediction\dyslexia_screening\data/mps/mps_dataset\audios\4a39d_EN-OL-RC-426_2.wav,4,"In the colder parts of the world, bears hibernate from October to April. Before hibernating, they eat a lot of food and become fat. Although bears have very poor eyesight and hearing, they can smell very well and are very clever. At the zoo, you may have noticed how cleverly they beg for biscuits and nuts, by sitting up and holding out their paws.",49.91,0.8906,0.1094,0.0,0.0625,0.1094,68.52,18,5,18,49.91
4a39g,D:\Main_Project\Multimodal_NDD_Prediction\dyslexia_screening\data/mps/mps_dataset\audios\4a39g_EN-OL-RC-426_2.wav,4,"In the colder parts of the world, bears hibernate from October to April. Before hibernating, they eat a lot of food and become fat. Although bears have very poor eyesight and hearing, they can smell very well and are very clever. At the zoo, you may have noticed how cleverly they beg for biscuits and nuts, by sitting up and holding out their paws.",34.55,0.9062,0.0781,0.0156,0.0,0.0938,100.72,0,0,0,34.55
4a3c,D:\Main_Project\Multimodal_NDD_Prediction\dyslexia_screening\data/mps/mps_dataset\audios\4a3c_EN-OL-RC-426_2.wav,4,"In the colder parts of the world, bears hibernate from October to April. Before hibernating, they eat a lot of food and become fat. Although bears have very poor eyesight and hearing, they can smell very well and are very clever. At the zoo, you may have noticed how cleverly they beg for biscuits and nuts, by sitting up and holding out their paws.",48.8,0.8906,0.1094,0.0,0.0469,0.1094,70.08,0,0,0,48.8
4a40a,D:\Main_Project\Multimodal_NDD_Prediction\dyslexia_screening\data/mps/mps_dataset\audios\4a40a_EN-OL-RC-426_1.wav,4,"Bears are found in Europe, Asia, Africa and America. They have big bodies, with short tails and thick legs. Polar bears, which live in the coldest part of the world, usually eat fish and seals. When kept in cages or in zoos, bears like to eat meat, vegetables, milk and rice. Bears are not quite as dangerous as we think they are. Like most animals, they will do their best to keep away from us.",44.03,0.9333,0.0267,0.04,0.0533,0.0667,95.39,12,1,12,44.03
4a40k,D:\Main_Project\Multimodal_NDD_Prediction\dyslexia_screening\data/mps/mps_dataset\audios\4a40k_EN-OL-RC-426_2.wav,4,"In the colder parts of the world, bears hibernate from October to April. Before hibernating, they eat a lot of food and become fat. Although bears have very poor eyesight and hearing, they can smell very well and are very clever. At the zoo, you may have noticed how cleverly they beg for biscuits and nuts, by sitting up and holding out their paws.",48.11,0.8438,0.1562,0.0,0.0625,0.1562,67.35,3,0,3,48.11
4a41c,D:\Main_Project\Multimodal_NDD_Prediction\dyslexia_screening\data/mps/mps_dataset\audios\4a41c_EN-OL-RC-426_2.wav,4,"In the colder parts of the world, bears hibernate from October to April. Before hibernating, they eat a lot of food and become fat. Although bears have very poor eyesight and hearing, they can smell very well and are very clever. At the zoo, you may have noticed how cleverly they beg for biscuits and nuts, by sitting up and holding out their paws.",45.11,0.7812,0.2188,0.0,0.0469,0.2188,66.5,0,0,0,45.11
4a41d,D:\Main_Project\Multimodal_NDD_Prediction\dyslexia_screening\data/mps/mps_dataset\audios\4a41d_EN-OL-RC-426_1.wav,4,"Bears are found in Europe, Asia, Africa and America. They have big bodies, with short tails and thick legs. Polar bears, which live in the coldest part of the world, usually eat fish and seals. When kept in cages or in zoos, bears like to eat meat, vegetables, milk and rice. Bears are not quite as dangerous as we think they are. Like most animals, they will do their best to keep away from us.",35.6,0.96,0.04,0.0,0.0267,0.04,121.35,3,0,3,35.6
4a41f,D:\Main_Project\Multimodal_NDD_Prediction\dyslexia_screening\data/mps/mps_dataset\audios\4a41f_EN-OL-RC-426_1.wav,4,"Bears are found in Europe, Asia, Africa and America. They have big bodies, with short tails and thick legs. Polar bears, which live in the coldest part of the world, usually eat fish and seals. When kept in cages or in zoos, bears like to eat meat, vegetables, milk and rice. Bears are not quite as dangerous as we think they are. Like most animals, they will do their best to keep away from us.",48.86,0.8267,0.1733,0.0,0.0133,0.1733,76.14,0,0,0,48.86
4a41f,D:\Main_Project\Multimodal_NDD_Prediction\dyslexia_screening\data/mps/mps_dataset\audios\4a41f_EN-OL-RC-426_2.wav,4,"In the colder parts of the world, bears hibernate from October to April. Before hibernating, they eat a lot of food and become fat. Although bears have very poor eyesight and hearing, they can smell very well and are very clever. At the zoo, you may have noticed how cleverly they beg for biscuits and nuts, by sitting up and holding out their paws.",52.37,0.8281,0.1719,0.0,0.0156,0.1719,60.72,0,0,0,52.37
4a41j,D:\Main_Project\Multimodal_NDD_Prediction\dyslexia_screening\data/mps/mps_dataset\audios\4a41j_EN-OL-RC-426_2.wav,4,"In the colder parts of the world, bears hibernate from October to April. Before hibernating, they eat a lot of food and become fat. Although bears have very poor eyesight and hearing, they can smell very well and are very clever. At the zoo, you may have noticed how cleverly they beg for biscuits and nuts, by sitting up and holding out their paws.",34.11,0.875,0.125,0.0,0.0,0.125,98.5,0,0,0,34.11
4a42c,D:\Main_Project\Multimodal_NDD_Prediction\dyslexia_screening\data/mps/mps_dataset\audios\4a42c_EN-OL-RC-426_1.wav,4,"Bears are found in Europe, Asia, Africa and America. They have big bodies, with short tails and thick legs. Polar bears, which live in the coldest part of the world, usually eat fish and seals. When kept in cages or in zoos, bears like to eat meat, vegetables, milk and rice. Bears are not quite as dangerous as we think they are. Like most animals, they will do their best to keep away from us.",43.4,0.92,0.0667,0.0133,0.0533,0.08,95.39,0,0,0,43.4
4a42f,D:\Main_Project\Multimodal_NDD_Prediction\dyslexia_screening\data/mps/mps_dataset\audios\4a42f_EN-OL-RC-426_1.wav,4,"Bears are found in Europe, Asia, Africa and America. They have big bodies, with short tails and thick legs. Polar bears, which live in the coldest part of the world, usually eat fish and seals. When kept in cages or in zoos, bears like to eat meat, vegetables, milk and rice. Bears are not quite as dangerous as we think they are. Like most animals, they will do their best to keep away from us.",51.86,0.8267,0.16,0.0133,0.0267,0.1733,71.73,13,3,13,51.86
4a42f,D:\Main_Project\Multimodal_NDD_Prediction\dyslexia_screening\data/mps/mps_dataset\audios\4a42f_EN-OL-RC-426_2.wav,4,"In the colder parts of the world, bears hibernate from October to April. Before hibernating, they eat a lot of food and become fat. Although bears have very poor eyesight and hearing, they can smell very well and are very clever. At the zoo, you may have noticed how cleverly they beg for biscuits and nuts, by sitting up and holding out their paws.",61.01,0.7344,0.2344,0.0312,0.0625,0.2656,46.22,18,8,18,61.01
4a42h,D:\Main_Project\Multimodal_NDD_Prediction\dyslexia_screening\data/mps/mps_dataset\audios\4a42h_EN-OL-RC-426_1.wav,4,"Bears are found in Europe, Asia, Africa and America. They have big bodies, with short tails and thick legs. Polar bears, which live in the coldest part of the world, usually eat fish and seals. When kept in cages or in zoos, bears like to eat meat, vegetables, milk and rice. Bears are not quite as dangerous as we think they are. Like most animals, they will do their best to keep away from us.",39.14,1.0,0.0,0.0,0.0,0.0,114.97,0,0,0,39.14
4a42h,D:\Main_Project\Multimodal_NDD_Prediction\dyslexia_screening\data/mps/mps_dataset\audios\4a42h_EN-OL-RC-426_2.wav,4,"In the colder parts of the world, bears hibernate from October to April. Before hibernating, they eat a lot of food and become fat. Although bears have very poor eyesight and hearing, they can smell very well and are very clever. At the zoo, you may have noticed how cleverly they beg for biscuits and nuts, by sitting up and holding out their paws.",33.26,0.9375,0.0469,0.0156,0.0156,0.0625,108.24,0,0,0,33.26
4a42j,D:\Main_Project\Multimodal_NDD_Prediction\dyslexia_screening\data/mps/mps_dataset\audios\4a42j_EN-OL-RC-426_1.wav,4,"Bears are found in Europe, Asia, Africa and America. They have big bodies, with short tails and thick legs. Polar bears, which live in the coldest part of the world, usually eat fish and seals. When kept in cages or in zoos, bears like to eat meat, vegetables, milk and rice. Bears are not quite as dangerous as we think they are. Like most animals, they will do their best to keep away from us.",55.4,0.9067,0.0933,0.0,0.0,0.0933,73.65,21,0,21,55.4
4a42j,D:\Main_Project\Multimodal_NDD_Prediction\dyslexia_screening\data/mps/mps_dataset\audios\4a42j_EN-OL-RC-426_2.wav,4,"In the colder parts of the world, bears hibernate from October to April. Before hibernating, they eat a lot of food and become fat. Although bears have very poor eyesight and hearing, they can smell very well and are very clever. At the zoo, you may have noticed how cleverly they beg for biscuits and nuts, by sitting up and holding out their paws.",45.74,0.875,0.125,0.0,0.0156,0.125,73.46,14,1,14,45.74
4a42k,D:\Main_Project\Multimodal_NDD_Prediction\dyslexia_screening\data/mps/mps_dataset\audios\4a42k_EN-OL-RC-426_2.wav,4,"In the colder parts of the world, bears hibernate from October to April. Before hibernating, they eat a lot of food and become fat. Although bears have very poor eyesight and hearing, they can smell very well and are very clever. At the zoo, you may have noticed how cleverly they beg for biscuits and nuts, by sitting up and holding out their paws.",48.67,0.7188,0.2656,0.0156,0.0312,0.2812,56.71,2,0,2,48.67
4a43g,D:\Main_Project\Multimodal_NDD_Prediction\dyslexia_screening\data/mps/mps_dataset\audios\4a43g_EN-OL-RC-426_1.wav,4,"Bears are found in Europe, Asia, Africa and America. They have big bodies, with short tails and thick legs. Polar bears, which live in the coldest part of the world, usually eat fish and seals. When kept in cages or in zoos, bears like to eat meat, vegetables, milk and rice. Bears are not quite as dangerous as we think they are. Like most animals, they will do their best to keep away from us.",46.82,0.92,0.0667,0.0133,0.0267,0.08,88.42,0,0,0,46.82
4a43g,D:\Main_Project\Multimodal_NDD_Prediction\dyslexia_screening\data/mps/mps_dataset\audios\4a43g_EN-OL-RC-426_2.wav,4,"In the colder parts of the world, bears hibernate from October to April. Before hibernating, they eat a lot of food and become fat. Although bears have very poor eyesight and hearing, they can smell very well and are very clever. At the zoo, you may have noticed how cleverly they beg for biscuits and nuts, by sitting up and holding out their paws.",42.47,0.8906,0.0469,0.0625,0.0156,0.1094,80.53,0,0,0,42.47
4a44c,D:\Main_Project\Multimodal_NDD_Prediction\dyslexia_screening\data/mps/mps_dataset\audios\4a44c_EN-OL-RC-426_2.wav,4,"In the colder parts of the world, bears hibernate from October to April. Before hibernating, they eat a lot of food and become fat. Although bears have very poor eyesight and hearing, they can smell very well and are very clever. At the zoo, you may have noticed how cleverly they beg for biscuits and nuts, by sitting up and holding out their paws.",46.31,0.7812,0.2188,0.0,0.0312,0.2188,64.78,0,0,0,46.31
4a44f,D:\Main_Project\Multimodal_NDD_Prediction\dyslexia_screening\data/mps/mps_dataset\audios\4a44f_EN-OL-RC-426_1.wav,4,"Bears are found in Europe, Asia, Africa and America. They have big bodies, with short tails and thick legs. Polar bears, which live in the coldest part of the world, usually eat fish and seals. When kept in cages or in zoos, bears like to eat meat, vegetables, milk and rice. Bears are not quite as dangerous as we think they are. Like most animals, they will do their best to keep away from us.",45.71,0.9333,0.0533,0.0133,0.0133,0.0667,91.88,11,3,11,45.71
4a44f,D:\Main_Project\Multimodal_NDD_Prediction\dyslexia_screening\data/mps/mps_dataset\audios\4a44f_EN-OL-RC-426_2.wav,4,"In the colder parts of the world, bears hibernate from October to April. Before hibernating, they eat a lot of food and become fat. Although bears have very poor eyesight and hearing, they can smell very well and are very clever. At the zoo, you may have noticed how cleverly they beg for biscuits and nuts, by sitting up and holding out their paws.",46.88,0.9219,0.0781,0.0,0.0469,0.0781,75.51,8,1,8,46.88
4a45c,D:\Main_Project\Multimodal_NDD_Prediction\dyslexia_screening\data/mps/mps_dataset\audios\4a45c_EN-OL-RC-426_2.wav,4,"In the colder parts of the world, bears hibernate from October to April. Before hibernating, they eat a lot of food and become fat. Although bears have very poor eyesight and hearing, they can smell very well and are very clever. At the zoo, you may have noticed how cleverly they beg for biscuits and nuts, by sitting up and holding out their paws.",46.7,0.8906,0.1094,0.0,0.1094,0.1094,73.23,0,0,0,46.7
4a45k,D:\Main_Project\Multimodal_NDD_Prediction\dyslexia_screening\data/mps/mps_dataset\audios\4a45k_EN-OL-RC-426_1.wav,4,"Bears are found in Europe, Asia, Africa and America. They have big bodies, with short tails and thick legs. Polar bears, which live in the coldest part of the world, usually eat fish and seals. When kept in cages or in zoos, bears like to eat meat, vegetables, milk and rice. Bears are not quite as dangerous as we think they are. Like most animals, they will do their best to keep away from us.",39.5,0.7733,0.1333,0.0933,0.0133,0.2267,88.1,0,0,0,39.5
4a45k,D:\Main_Project\Multimodal_NDD_Prediction\dyslexia_screening\data/mps/mps_dataset\audios\4a45k_EN-OL-RC-426_2.wav,4,"In the colder parts of the world, bears hibernate from October to April. Before hibernating, they eat a lot of food and become fat. Although bears have very poor eyesight and hearing, they can smell very well and are very clever. At the zoo, you may have noticed how cleverly they beg for biscuits and nuts, by sitting up and holding out their paws.",37.34,0.8125,0.1875,0.0,0.0156,0.1875,83.56,0,0,0,37.34
4a46c,D:\Main_Project\Multimodal_NDD_Prediction\dyslexia_screening\data/mps/mps_dataset\audios\4a46c_EN-OL-RC-426_2.wav,4,"In the colder parts of the world, bears hibernate from October to April. Before hibernating, they eat a lot of food and become fat. Although bears have very poor eyesight and hearing, they can smell very well and are very clever. At the zoo, you may have noticed how cleverly they beg for biscuits and nuts, by sitting up and holding out their paws.",40.46,0.875,0.0938,0.0312,0.0469,0.125,83.04,0,0,0,40.46
4a47a,D:\Main_Project\Multimodal_NDD_Prediction\dyslexia_screening\data/mps/mps_dataset\audios\4a47a_EN-OL-RC-426_1.wav,4,"Bears are found in Europe, Asia, Africa and America. They have big bodies, with short tails and thick legs. Polar bears, which live in the coldest part of the world, usually eat fish and seals. When kept in cages or in zoos, bears like to eat meat, vegetables, milk and rice. Bears are not quite as dangerous as we think they are. Like most animals, they will do their best to keep away from us.",57.56,0.9333,0.0667,0.0,0.0,0.0667,72.97,23,1,23,57.56
4a47a,D:\Main_Project\Multimodal_NDD_Prediction\dyslexia_screening\data/mps/mps_dataset\audios\4a47a_EN-OL-RC-426_2.wav,4,"In the colder parts of the world, bears hibernate from October to April. Before hibernating, they eat a lot of food and become fat. Although bears have very poor eyesight and hearing, they can smell very well and are very clever. At the zoo, you may have noticed how cleverly they beg for biscuits and nuts, by sitting up and holding out their paws.",52.73,0.9219,0.0781,0.0,0.0312,0.0781,67.13,19,3,19,52.73
4a47j,D:\Main_Project\Multimodal_NDD_Prediction\dyslexia_screening\data/mps/mps_dataset\audios\4a47j_EN-OL-RC-426_1.wav,4,"Bears are found in Europe, Asia, Africa and America. They have big bodies, with short tails and thick legs. Polar bears, which live in the coldest part of the world, usually eat fish and seals. When kept in cages or in zoos, bears like to eat meat, vegetables, milk and rice. Bears are not quite as dangerous as we think they are. Like most animals, they will do their best to keep away from us.",47.77,0.88,0.12,0.0,0.04,0.12,82.9,10,2,10,47.77
4a47k,D:\Main_Project\Multimodal_NDD_Prediction\dyslexia_screening\data/mps/mps_dataset\audios\4a47k_EN-OL-RC-426_2.wav,4,"In the colder parts of the world, bears hibernate from October to April. Before hibernating, they eat a lot of food and become fat. Although bears have very poor eyesight and hearing, they can smell very well and are very clever. At the zoo, you may have noticed how cleverly they beg for biscuits and nuts, by sitting up and holding out their paws.",58.13,0.7656,0.2344,0.0,0.0938,0.2344,50.58,6,0,6,58.13
4a48a,D:\Main_Project\Multimodal_NDD_Prediction\dyslexia_screening\data/mps/mps_dataset\audios\4a48a_EN-OL-RC-426_1.wav,4,"Bears are found in Europe, Asia, Africa and America. They have big bodies, with short tails and thick legs. Polar bears, which live in the coldest part of the world, usually eat fish and seals. When kept in cages or in zoos, bears like to eat meat, vegetables, milk and rice. Bears are not quite as dangerous as we think they are. Like most animals, they will do their best to keep away from us.",32.71,0.9867,0.0133,0.0,0.0,0.0133,135.74,4,0,4,32.71
4a48a,D:\Main_Project\Multimodal_NDD_Prediction\dyslexia_screening\data/mps/mps_dataset\audios\4a48a_EN-OL-RC-426_2.wav,4,"In the colder parts of the world, bears hibernate from October to April. Before hibernating, they eat a lot of food and become fat. Although bears have very poor eyesight and hearing, they can smell very well and are very clever. At the zoo, you may have noticed how cleverly they beg for biscuits and nuts, by sitting up and holding out their paws.",27.29,0.9531,0.0312,0.0156,0.0156,0.0469,134.12,0,0,0,27.29
4a48b,D:\Main_Project\Multimodal_NDD_Prediction\dyslexia_screening\data/mps/mps_dataset\audios\4a48b_EN-OL-RC-426_1.wav,4,"Bears are found in Europe, Asia, Africa and America. They have big bodies, with short tails and thick legs. Polar bears, which live in the coldest part of the world, usually eat fish and seals. When kept in cages or in zoos, bears like to eat meat, vegetables, milk and rice. Bears are not quite as dangerous as we think they are. Like most animals, they will do their best to keep away from us.",38.48,0.9867,0.0133,0.0,0.0133,0.0133,115.38,0,0,0,38.48
4a48b,D:\Main_Project\Multimodal_NDD_Prediction\dyslexia_screening\data/mps/mps_dataset\audios\4a48b_EN-OL-RC-426_2.wav,4,"In the colder parts of the world, bears hibernate from October to April. Before hibernating, they eat a lot of food and become fat. Although bears have very poor eyesight and hearing, they can smell very well and are very clever. At the zoo, you may have noticed how cleverly they beg for biscuits and nuts, by sitting up and holding out their paws.",30.53,0.9844,0.0,0.0156,0.0,0.0156,123.81,1,0,1,30.53
4a48c,D:\Main_Project\Multimodal_NDD_Prediction\dyslexia_screening\data/mps/mps_dataset\audios\4a48c_EN-OL-RC-426_2.wav,4,"In the colder parts of the world, bears hibernate from October to April. Before hibernating, they eat a lot of food and become fat. Although bears have very poor eyesight and hearing, they can smell very well and are very clever. At the zoo, you may have noticed how cleverly they beg for biscuits and nuts, by sitting up and holding out their paws.",45.65,0.8906,0.0625,0.0469,0.0469,0.1094,74.92,0,0,0,45.65
4a48f,D:\Main_Project\Multimodal_NDD_Prediction\dyslexia_screening\data/mps/mps_dataset\audios\4a48f_EN-OL-RC-426_1.wav,4,"Bears are found in Europe, Asia, Africa and America. They have big bodies, with short tails and thick legs. Polar bears, which live in the coldest part of the world, usually eat fish and seals. When kept in cages or in zoos, bears like to eat meat, vegetables, milk and rice. Bears are not quite as dangerous as we think they are. Like most animals, they will do their best to keep away from us.",40.1,0.8933,0.0933,0.0133,0.0267,0.1067,100.25,12,0,12,40.1
4a48f,D:\Main_Project\Multimodal_NDD_Prediction\dyslexia_screening\data/mps/mps_dataset\audios\4a48f_EN-OL-RC-426_2.wav,4,"In the colder parts of the world, bears hibernate from October to April. Before hibernating, they eat a lot of food and become fat. Although bears have very poor eyesight and hearing, they can smell very well and are very clever. At the zoo, you may have noticed how cleverly they beg for biscuits and nuts, by sitting up and holding out their paws.",36.26,0.9531,0.0469,0.0,0.0156,0.0469,100.94,6,0,6,36.26
4a48g,D:\Main_Project\Multimodal_NDD_Prediction\dyslexia_screening\data/mps/mps_dataset\audios\4a48g_EN-OL-RC-426_1.wav,4,"Bears are found in Europe, Asia, Africa and America. They have big bodies, with short tails and thick legs. Polar bears, which live in the coldest part of the world, usually eat fish and seals. When kept in cages or in zoos, bears like to eat meat, vegetables, milk and rice. Bears are not quite as dangerous as we think they are. Like most animals, they will do their best to keep away from us.",42.44,0.9733,0.0133,0.0133,0.0267,0.0267,103.2,0,0,0,42.44
4a48g,D:\Main_Project\Multimodal_NDD_Prediction\dyslexia_screening\data/mps/mps_dataset\audios\4a48g_EN-OL-RC-426_2.wav,4,"In the colder parts of the world, bears hibernate from October to April. Before hibernating, they eat a lot of food and become fat. Although bears have very poor eyesight and hearing, they can smell very well and are very clever. At the zoo, you may have noticed how cleverly they beg for biscuits and nuts, by sitting up and holding out their paws.",40.19,0.9688,0.0312,0.0,0.0312,0.0312,92.56,0,0,0,40.19
4a48k,D:\Main_Project\Multimodal_NDD_Prediction\dyslexia_screening\data/mps/mps_dataset\audios\4a48k_EN-OL-RC-426_2.wav,4,"In the colder parts of the world, bears hibernate from October to April. Before hibernating, they eat a lot of food and become fat. Although bears have very poor eyesight and hearing, they can smell very well and are very clever. At the zoo, you may have noticed how cleverly they beg for biscuits and nuts, by sitting up and holding out their paws.",55.91,0.9062,0.0938,0.0,0.0312,0.0938,62.24,13,6,13,55.91
4a49c,D:\Main_Project\Multimodal_NDD_Prediction\dyslexia_screening\data/mps/mps_dataset\audios\4a49c_EN-OL-RC-426_2.wav,4,"In the colder parts of the world, bears hibernate from October to April. Before hibernating, they eat a lot of food and become fat. Although bears have very poor eyesight and hearing, they can smell very well and are very clever. At the zoo, you may have noticed how cleverly they beg for biscuits and nuts, by sitting up and holding out their paws.",39.86,0.8906,0.0938,0.0156,0.0312,0.1094,85.8,0,0,0,39.86
4a4c,D:\Main_Project\Multimodal_NDD_Prediction\dyslexia_screening\data/mps/mps_dataset\audios\4a4c_EN-OL-RC-426_2.wav,4,"In the colder parts of the world, bears hibernate from October to April. Before hibernating, they eat a lot of food and become fat. Although bears have very poor eyesight and hearing, they can smell very well and are very clever. At the zoo, you may have noticed how cleverly they beg for biscuits and nuts, by sitting up and holding out their paws.",52.57,0.8125,0.1875,0.0,0.0625,0.1875,59.35,0,0,0,52.57
4a4f,D:\Main_Project\Multimodal_NDD_Prediction\dyslexia_screening\data/mps/mps_dataset\audios\4a4f_EN-OL-RC-426_1.wav,4,"Bears are found in Europe, Asia, Africa and America. They have big bodies, with short tails and thick legs. Polar bears, which live in the coldest part of the world, usually eat fish and seals. When kept in cages or in zoos, bears like to eat meat, vegetables, milk and rice. Bears are not quite as dangerous as we think they are. Like most animals, they will do their best to keep away from us.",42.77,0.8533,0.1333,0.0133,0.0133,0.1467,89.78,2,0,2,42.77
4a4f,D:\Main_Project\Multimodal_NDD_Prediction\dyslexia_screening\data/mps/mps_dataset\audios\4a4f_EN-OL-RC-426_2.wav,4,"In the colder parts of the world, bears hibernate from October to April. Before hibernating, they eat a lot of food and become fat. Although bears have very poor eyesight and hearing, they can smell very well and are very clever. At the zoo, you may have noticed how cleverly they beg for biscuits and nuts, by sitting up and holding out their paws.",44.32,0.8438,0.1406,0.0156,0.0156,0.1562,73.1,4,0,4,44.32
4a50f,D:\Main_Project\Multimodal_NDD_Prediction\dyslexia_screening\data/mps/mps_dataset\audios\4a50f_EN-OL-RC-426_1.wav,4,"Bears are found in Europe, Asia, Africa and America. They have big bodies, with short tails and thick legs. Polar bears, which live in the coldest part of the world, usually eat fish and seals. When kept in cages or in zoos, bears like to eat meat, vegetables, milk and rice. Bears are not quite as dangerous as we think they are. Like most animals, they will do their best to keep away from us.",41.71,0.9333,0.0667,0.0,0.0,0.0667,100.7,9,0,9,41.71
4a50f,D:\Main_Project\Multimodal_NDD_Prediction\dyslexia_screening\data/mps/mps_dataset\audios\4a50f_EN-OL-RC-426_2.wav,4,"In the colder parts of the world, bears hibernate from October to April. Before hibernating, they eat a lot of food and become fat. Although bears have very poor eyesight and hearing, they can smell very well and are very clever. At the zoo, you may have noticed how cleverly they beg for biscuits and nuts, by sitting up and holding out their paws.",41.07,0.875,0.125,0.0,0.0,0.125,81.81,8,0,8,41.07
4a50g,D:\Main_Project\Multimodal_NDD_Prediction\dyslexia_screening\data/mps/mps_dataset\audios\4a50g_EN-OL-RC-426_2.wav,4,"In the colder parts of the world, bears hibernate from October to April. Before hibernating, they eat a lot of food and become fat. Although bears have very poor eyesight and hearing, they can smell very well and are very clever. At the zoo, you may have noticed how cleverly they beg for biscuits and nuts, by sitting up and holding out their paws.",38.0,0.7188,0.1875,0.0938,0.0,0.2812,72.63,0,0,0,38.0
4a51f,D:\Main_Project\Multimodal_NDD_Prediction\dyslexia_screening\data/mps/mps_dataset\audios\4a51f_EN-OL-RC-426_2.wav,4,"In the colder parts of the world, bears hibernate from October to April. Before hibernating, they eat a lot of food and become fat. Although bears have very poor eyesight and hearing, they can smell very well and are very clever. At the zoo, you may have noticed how cleverly they beg for biscuits and nuts, by sitting up and holding out their paws.",42.26,0.8594,0.1406,0.0,0.0,0.1406,78.09,5,0,5,42.26
4a51g,D:\Main_Project\Multimodal_NDD_Prediction\dyslexia_screening\data/mps/mps_dataset\audios\4a51g_EN-OL-RC-426_1.wav,4,"Bears are found in Europe, Asia, Africa and America. They have big bodies, with short tails and thick legs. Polar bears, which live in the coldest part of the world, usually eat fish and seals. When kept in cages or in zoos, bears like to eat meat, vegetables, milk and rice. Bears are not quite as dangerous as we think they are. Like most animals, they will do their best to keep away from us.",41.0,0.96,0.0267,0.0133,0.0133,0.04,105.37,0,0,0,41.0
4a52g,D:\Main_Project\Multimodal_NDD_Prediction\dyslexia_screening\data/mps/mps_dataset\audios\4a52g_EN-OL-RC-426_1.wav,4,"Bears are found in Europe, Asia, Africa and America. They have big bodies, with short tails and thick legs. Polar bears, which live in the coldest part of the world, usually eat fish and seals. When kept in cages or in zoos, bears like to eat meat, vegetables, milk and rice. Bears are not quite as dangerous as we think they are. Like most animals, they will do their best to keep away from us.",56.6,0.7867,0.2,0.0133,0.0267,0.2133,62.54,2,0,2,56.6
4a5c,D:\Main_Project\Multimodal_NDD_Prediction\dyslexia_screening\data/mps/mps_dataset\audios\4a5c_EN-OL-RC-426_1.wav,4,"Bears are found in Europe, Asia, Africa and America. They have big bodies, with short tails and thick legs. Polar bears, which live in the coldest part of the world, usually eat fish and seals. When kept in cages or in zoos, bears like to eat meat, vegetables, milk and rice. Bears are not quite as dangerous as we think they are. Like most animals, they will do their best to keep away from us.",32.33,0.92,0.08,0.0,0.0,0.08,128.05,0,0,0,32.33
4a5f,D:\Main_Project\Multimodal_NDD_Prediction\dyslexia_screening\data/mps/mps_dataset\audios\4a5f_EN-OL-RC-426_1.wav,4,"Bears are found in Europe, Asia, Africa and America. They have big bodies, with short tails and thick legs. Polar bears, which live in the coldest part of the world, usually eat fish and seals. When kept in cages or in zoos, bears like to eat meat, vegetables, milk and rice. Bears are not quite as dangerous as we think they are. Like most animals, they will do their best to keep away from us.",36.47,0.92,0.08,0.0,0.04,0.08,113.52,0,0,0,36.47
4a5j,D:\Main_Project\Multimodal_NDD_Prediction\dyslexia_screening\data/mps/mps_dataset\audios\4a5j_EN-OL-RC-426_1.wav,4,"Bears are found in Europe, Asia, Africa and America. They have big bodies, with short tails and thick legs. Polar bears, which live in the coldest part of the world, usually eat fish and seals. When kept in cages or in zoos, bears like to eat meat, vegetables, milk and rice. Bears are not quite as dangerous as we think they are. Like most animals, they will do their best to keep away from us.",61.19,0.5867,0.16,0.2533,0.0933,0.4133,43.14,11,2,11,61.19
4a5k,D:\Main_Project\Multimodal_NDD_Prediction\dyslexia_screening\data/mps/mps_dataset\audios\4a5k_EN-OL-RC-426_2.wav,4,"In the colder parts of the world, bears hibernate from October to April. Before hibernating, they eat a lot of food and become fat. Although bears have very poor eyesight and hearing, they can smell very well and are very clever. At the zoo, you may have noticed how cleverly they beg for biscuits and nuts, by sitting up and holding out their paws.",34.31,0.875,0.125,0.0,0.0156,0.125,97.93,0,0,0,34.31
4a6c,D:\Main_Project\Multimodal_NDD_Prediction\dyslexia_screening\data/mps/mps_dataset\audios\4a6c_EN-OL-RC-426_1.wav,4,"Bears are found in Europe, Asia, Africa and America. They have big bodies, with short tails and thick legs. Polar bears, which live in the coldest part of the world, usually eat fish and seals. When kept in cages or in zoos, bears like to eat meat, vegetables, milk and rice. Bears are not quite as dangerous as we think they are. Like most animals, they will do their best to keep away from us.",35.06,0.88,0.12,0.0,0.0,0.12,112.95,0,0,0,35.06
4a6j,D:\Main_Project\Multimodal_NDD_Prediction\dyslexia_screening\data/mps/mps_dataset\audios\4a6j_EN-OL-RC-426_1.wav,4,"Bears are found in Europe, Asia, Africa and America. They have big bodies, with short tails and thick legs. Polar bears, which live in the coldest part of the world, usually eat fish and seals. When kept in cages or in zoos, bears like to eat meat, vegetables, milk and rice. Bears are not quite as dangerous as we think they are. Like most animals, they will do their best to keep away from us.",61.31,0.7467,0.2267,0.0267,0.0667,0.2533,54.8,13,1,13,61.31
4a6j,D:\Main_Project\Multimodal_NDD_Prediction\dyslexia_screening\data/mps/mps_dataset\audios\4a6j_EN-OL-RC-426_2.wav,4,"In the colder parts of the world, bears hibernate from October to April. Before hibernating, they eat a lot of food and become fat. Although bears have very poor eyesight and hearing, they can smell very well and are very clever. At the zoo, you may have noticed how cleverly they beg for biscuits and nuts, by sitting up and holding out their paws.",57.74,0.75,0.25,0.0,0.0312,0.25,49.88,18,1,18,57.74
4a6k,D:\Main_Project\Multimodal_NDD_Prediction\dyslexia_screening\data/mps/mps_dataset\audios\4a6k_EN-OL-RC-426_2.wav,4,"In the colder parts of the world, bears hibernate from October to April. Before hibernating, they eat a lot of food and become fat. Although bears have very poor eyesight and hearing, they can smell very well and are very clever. At the zoo, you may have noticed how cleverly they beg for biscuits and nuts, by sitting up and holding out their paws.",31.27,0.9531,0.0469,0.0,0.0312,0.0469,117.05,0,0,0,31.27
4a7c,D:\Main_Project\Multimodal_NDD_Prediction\dyslexia_screening\data/mps/mps_dataset\audios\4a7c_EN-OL-RC-426_2.wav,4,"In the colder parts of the world, bears hibernate from October to April. Before hibernating, they eat a lot of food and become fat. Although bears have very poor eyesight and hearing, they can smell very well and are very clever. At the zoo, you may have noticed how cleverly they beg for biscuits and nuts, by sitting up and holding out their paws.",44.96,0.8594,0.1406,0.0,0.0781,0.1406,73.4,0,0,0,44.96
4a7f,D:\Main_Project\Multimodal_NDD_Prediction\dyslexia_screening\data/mps/mps_dataset\audios\4a7f_EN-OL-RC-426_1.wav,4,"Bears are found in Europe, Asia, Africa and America. They have big bodies, with short tails and thick legs. Polar bears, which live in the coldest part of the world, usually eat fish and seals. When kept in cages or in zoos, bears like to eat meat, vegetables, milk and rice. Bears are not quite as dangerous as we think they are. Like most animals, they will do their best to keep away from us.",47.03,0.8667,0.1333,0.0,0.0133,0.1333,82.93,11,0,11,47.03
4a7j,D:\Main_Project\Multimodal_NDD_Prediction\dyslexia_screening\data/mps/mps_dataset\audios\4a7j_EN-OL-RC-426_1.wav,4,"Bears are found in Europe, Asia, Africa and America. They have big bodies, with short tails and thick legs. Polar bears, which live in the coldest part of the world, usually eat fish and seals. When kept in cages or in zoos, bears like to eat meat, vegetables, milk and rice. Bears are not quite as dangerous as we think they are. Like most animals, they will do their best to keep away from us.",46.07,0.88,0.0933,0.0267,0.0933,0.12,85.96,7,0,7,46.07
4a7j,D:\Main_Project\Multimodal_NDD_Prediction\dyslexia_screening\data/mps/mps_dataset\audios\4a7j_EN-OL-RC-426_2.wav,4,"In the colder parts of the world, bears hibernate from October to April. Before hibernating, they eat a lot of food and become fat. Although bears have very poor eyesight and hearing, they can smell very well and are very clever. At the zoo, you may have noticed how cleverly they beg for biscuits and nuts, by sitting up and holding out their paws.",41.63,0.8594,0.1406,0.0,0.0781,0.1406,79.27,12,0,12,41.63
4a8c,D:\Main_Project\Multimodal_NDD_Prediction\dyslexia_screening\data/mps/mps_dataset\audios\4a8c_EN-OL-RC-426_1.wav,4,"Bears are found in Europe, Asia, Africa and America. They have big bodies, with short tails and thick legs. Polar bears, which live in the coldest part of the world, usually eat fish and seals. When kept in cages or in zoos, bears like to eat meat, vegetables, milk and rice. Bears are not quite as dangerous as we think they are. Like most animals, they will do their best to keep away from us.",35.62,0.9067,0.0933,0.0,0.0,0.0933,114.54,0,0,0,35.62
4a8f,D:\Main_Project\Multimodal_NDD_Prediction\dyslexia_screening\data/mps/mps_dataset\audios\4a8f_EN-OL-RC-426_1.wav,4,"Bears are found in Europe, Asia, Africa and America. They have big bodies, with short tails and thick legs. Polar bears, which live in the coldest part of the world, usually eat fish and seals. When kept in cages or in zoos, bears like to eat meat, vegetables, milk and rice. Bears are not quite as dangerous as we think they are. Like most animals, they will do their best to keep away from us.",43.64,0.8533,0.1467,0.0,0.0,0.1467,87.99,0,0,0,43.64
4a8f,D:\Main_Project\Multimodal_NDD_Prediction\dyslexia_screening\data/mps/mps_dataset\audios\4a8f_EN-OL-RC-426_2.wav,4,"In the colder parts of the world, bears hibernate from October to April. Before hibernating, they eat a lot of food and become fat. Although bears have very poor eyesight and hearing, they can smell very well and are very clever. At the zoo, you may have noticed how cleverly they beg for biscuits and nuts, by sitting up and holding out their paws.",49.4,0.8438,0.1562,0.0,0.0938,0.1562,65.59,0,0,0,49.4
4a8h,D:\Main_Project\Multimodal_NDD_Prediction\dyslexia_screening\data/mps/mps_dataset\audios\4a8h_EN-OL-RC-426_1.wav,4,"Bears are found in Europe, Asia, Africa and America. They have big bodies, with short tails and thick legs. Polar bears, which live in the coldest part of the world, usually eat fish and seals. When kept in cages or in zoos, bears like to eat meat, vegetables, milk and rice. Bears are not quite as dangerous as we think they are. Like most animals, they will do their best to keep away from us.",55.69,0.9333,0.0667,0.0,0.08,0.0667,75.42,0,0,0,55.69
4a8h,D:\Main_Project\Multimodal_NDD_Prediction\dyslexia_screening\data/mps/mps_dataset\audios\4a8h_EN-OL-RC-426_2.wav,4,"In the colder parts of the world, bears hibernate from October to April. Before hibernating, they eat a lot of food and become fat. Although bears have very poor eyesight and hearing, they can smell very well and are very clever. At the zoo, you may have noticed how cleverly they beg for biscuits and nuts, by sitting up and holding out their paws.",60.38,0.7969,0.1562,0.0469,0.125,0.2031,50.68,0,0,0,60.38
4a9g,D:\Main_Project\Multimodal_NDD_Prediction\dyslexia_screening\data/mps/mps_dataset\audios\4a9g_EN-OL-RC-426_1.wav,4,"Bears are found in Europe, Asia, Africa and America. They have big bodies, with short tails and thick legs. Polar bears, which live in the coldest part of the world, usually eat fish and seals. When kept in cages or in zoos, bears like to eat meat, vegetables, milk and rice. Bears are not quite as dangerous as we think they are. Like most animals, they will do their best to keep away from us.",42.5,0.9067,0.0933,0.0,0.0267,0.0933,96.0,0,0,0,42.5
4a9g,D:\Main_Project\Multimodal_NDD_Prediction\dyslexia_screening\data/mps/mps_dataset\audios\4a9g_EN-OL-RC-426_2.wav,4,"In the colder parts of the world, bears hibernate from October to April. Before hibernating, they eat a lot of food and become fat. Although bears have very poor eyesight and hearing, they can smell very well and are very clever. At the zoo, you may have noticed how cleverly they beg for biscuits and nuts, by sitting up and holding out their paws.",42.26,0.75,0.2344,0.0156,0.0156,0.25,68.15,0,0,0,42.26
4b10a,D:\Main_Project\Multimodal_NDD_Prediction\dyslexia_screening\data/mps/mps_dataset\audios\4b10a_EN-OL-RC-426_1.wav,4,"Bears are found in Europe, Asia, Africa and America. They have big bodies, with short tails and thick legs. Polar bears, which live in the coldest part of the world, usually eat fish and seals. When kept in cages or in zoos, bears like to eat meat, vegetables, milk and rice. Bears are not quite as dangerous as we think they are. Like most animals, they will do their best to keep away from us.",40.07,1.0,0.0,0.0,0.0133,0.0,112.3,4,0,4,40.07
4b10a,D:\Main_Project\Multimodal_NDD_Prediction\dyslexia_screening\data/mps/mps_dataset\audios\4b10a_EN-OL-RC-426_2.wav,4,"In the colder parts of the world, bears hibernate from October to April. Before hibernating, they eat a lot of food and become fat. Although bears have very poor eyesight and hearing, they can smell very well and are very clever. At the zoo, you may have noticed how cleverly they beg for biscuits and nuts, by sitting up and holding out their paws.",30.44,0.9531,0.0469,0.0,0.0312,0.0469,120.24,1,0,1,30.44
4b10b,D:\Main_Project\Multimodal_NDD_Prediction\dyslexia_screening\data/mps/mps_dataset\audios\4b10b_EN-OL-RC-426_1.wav,4,"Bears are found in Europe, Asia, Africa and America. They have big bodies, with short tails and thick legs. Polar bears, which live in the coldest part of the world, usually eat fish and seals. When kept in cages or in zoos, bears like to eat meat, vegetables, milk and rice. Bears are not quite as dangerous as we think they are. Like most animals, they will do their best to keep away from us.",48.59,0.92,0.08,0.0,0.0267,0.08,85.2,4,1,4,48.59
4b10c,D:\Main_Project\Multimodal_NDD_Prediction\dyslexia_screening\data/mps/mps_dataset\audios\4b10c_EN-OL-RC-426_1.wav,4,"Bears are found in Europe, Asia, Africa and America. They have big bodies, with short tails and thick legs. Polar bears, which live in the coldest part of the world, usually eat fish and seals. When kept in cages or in zoos, bears like to eat meat, vegetables, milk and rice. Bears are not quite as dangerous as we think they are. Like most animals, they will do their best to keep away from us.",32.03,0.8667,0.0933,0.04,0.0,0.1333,121.76,0,0,0,32.03
4b10f,D:\Main_Project\Multimodal_NDD_Prediction\dyslexia_screening\data/mps/mps_dataset\audios\4b10f_EN-OL-RC-426_1.wav,4,"Bears are found in Europe, Asia, Africa and America. They have big bodies, with short tails and thick legs. Polar bears, which live in the coldest part of the world, usually eat fish and seals. When kept in cages or in zoos, bears like to eat meat, vegetables, milk and rice. Bears are not quite as dangerous as we think they are. Like most animals, they will do their best to keep away from us.",50.48,0.9333,0.0667,0.0,0.0133,0.0667,83.2,0,0,0,50.48
4b10f,D:\Main_Project\Multimodal_NDD_Prediction\dyslexia_screening\data/mps/mps_dataset\audios\4b10f_EN-OL-RC-426_2.wav,4,"In the colder parts of the world, bears hibernate from October to April. Before hibernating, they eat a lot of food and become fat. Although bears have very poor eyesight and hearing, they can smell very well and are very clever. At the zoo, you may have noticed how cleverly they beg for biscuits and nuts, by sitting up and holding out their paws.",60.92,0.8906,0.1094,0.0,0.0469,0.1094,56.14,0,0,0,60.92
4b11b,D:\Main_Project\Multimodal_NDD_Prediction\dyslexia_screening\data/mps/mps_dataset\audios\4b11b_EN-OL-RC-426_1.wav,4,"Bears are found in Europe, Asia, Africa and America. They have big bodies, with short tails and thick legs. Polar bears, which live in the coldest part of the world, usually eat fish and seals. When kept in cages or in zoos, bears like to eat meat, vegetables, milk and rice. Bears are not quite as dangerous as we think they are. Like most animals, they will do their best to keep away from us.",30.34,0.9867,0.0133,0.0,0.0,0.0133,146.34,0,0,0,30.34
4b11b,D:\Main_Project\Multimodal_NDD_Prediction\dyslexia_screening\data/mps/mps_dataset\audios\4b11b_EN-OL-RC-426_2.wav,4,"In the colder parts of the world, bears hibernate from October to April. Before hibernating, they eat a lot of food and become fat. Although bears have very poor eyesight and hearing, they can smell very well and are very clever. At the zoo, you may have noticed how cleverly they beg for biscuits and nuts, by sitting up and holding out their paws.",27.62,0.9844,0.0156,0.0,0.0,0.0156,136.86,0,0,0,27.62
4b11c,D:\Main_Project\Multimodal_NDD_Prediction\dyslexia_screening\data/mps/mps_dataset\audios\4b11c_EN-OL-RC-426_1.wav,4,"Bears are found in Europe, Asia, Africa and America. They have big bodies, with short tails and thick legs. Polar bears, which live in the coldest part of the world, usually eat fish and seals. When kept in cages or in zoos, bears like to eat meat, vegetables, milk and rice. Bears are not quite as dangerous as we think they are. Like most animals, they will do their best to keep away from us.",46.94,0.88,0.08,0.04,0.0133,0.12,84.36,0,0,0,46.94
4b11f,D:\Main_Project\Multimodal_NDD_Prediction\dyslexia_screening\data/mps/mps_dataset\audios\4b11f_EN-OL-RC-426_1.wav,4,"Bears are found in Europe, Asia, Africa and America. They have big bodies, with short tails and thick legs. Polar bears, which live in the coldest part of the world, usually eat fish and seals. When kept in cages or in zoos, bears like to eat meat, vegetables, milk and rice. Bears are not quite as dangerous as we think they are. Like most animals, they will do their best to keep away from us.",46.16,0.8267,0.1733,0.0,0.0133,0.1733,80.59,0,0,0,46.16
4b11f,D:\Main_Project\Multimodal_NDD_Prediction\dyslexia_screening\data/mps/mps_dataset\audios\4b11f_EN-OL-RC-426_2.wav,4,"In the colder parts of the world, bears hibernate from October to April. Before hibernating, they eat a lot of food and become fat. Although bears have very poor eyesight and hearing, they can smell very well and are very clever. At the zoo, you may have noticed how cleverly they beg for biscuits and nuts, by sitting up and holding out their paws.",53.05,0.7344,0.2656,0.0,0.0781,0.2656,53.16,0,0,0,53.05
4b12a,D:\Main_Project\Multimodal_NDD_Prediction\dyslexia_screening\data/mps/mps_dataset\audios\4b12a_EN-OL-RC-426_1.wav,4,"Bears are found in Europe, Asia, Africa and America. They have big bodies, with short tails and thick legs. Polar bears, which live in the coldest part of the world, usually eat fish and seals. When kept in cages or in zoos, bears like to eat meat, vegetables, milk and rice. Bears are not quite as dangerous as we think they are. Like most animals, they will do their best to keep away from us.",39.38,0.9067,0.0933,0.0,0.0,0.0933,103.61,1,0,1,39.38
4b12a,D:\Main_Project\Multimodal_NDD_Prediction\dyslexia_screening\data/mps/mps_dataset\audios\4b12a_EN-OL-RC-426_2.wav,4,"In the colder parts of the world, bears hibernate from October to April. Before hibernating, they eat a lot of food and become fat. Although bears have very poor eyesight and hearing, they can smell very well and are very clever. At the zoo, you may have noticed how cleverly they beg for biscuits and nuts, by sitting up and holding out their paws.",36.08,0.9062,0.0938,0.0,0.0312,0.0938,96.45,0,0,0,36.08
4b12b,D:\Main_Project\Multimodal_NDD_Prediction\dyslexia_screening\data/mps/mps_dataset\audios\4b12b_EN-OL-RC-426_2.wav,4,"In the colder parts of the world, bears hibernate from October to April. Before hibernating, they eat a lot of food and become fat. Although bears have very poor eyesight and hearing, they can smell very well and are very clever. At the zoo, you may have noticed how cleverly they beg for biscuits and nuts, by sitting up and holding out their paws.",44.45,0.9375,0.0625,0.0,0.0156,0.0625,80.99,2,0,2,44.45
4b12f,D:\Main_Project\Multimodal_NDD_Prediction\dyslexia_screening\data/mps/mps_dataset\audios\4b12f_EN-OL-RC-426_1.wav,4,"Bears are found in Europe, Asia, Africa and America. They have big bodies, with short tails and thick legs. Polar bears, which live in the coldest part of the world, usually eat fish and seals. When kept in cages or in zoos, bears like to eat meat, vegetables, milk and rice. Bears are not quite as dangerous as we think they are. Like most animals, they will do their best to keep away from us.",56.03,0.72,0.2667,0.0133,0.08,0.28,57.83,0,0,0,56.03
4b12f,D:\Main_Project\Multimodal_NDD_Prediction\dyslexia_screening\data/mps/mps_dataset\audios\4b12f_EN-OL-RC-426_2.wav,4,"In the colder parts of the world, bears hibernate from October to April. Before hibernating, they eat a lot of food and become fat. Although bears have very poor eyesight and hearing, they can smell very well and are very clever. At the zoo, you may have noticed how cleverly they beg for biscuits and nuts, by sitting up and holding out their paws.",49.49,0.7188,0.2344,0.0469,0.0625,0.2812,55.77,0,0,0,49.49
4b13c,D:\Main_Project\Multimodal_NDD_Prediction\dyslexia_screening\data/mps/mps_dataset\audios\4b13c_EN-OL-RC-426_2.wav,4,"In the colder parts of the world, bears hibernate from October to April. Before hibernating, they eat a lot of food and become fat. Although bears have very poor eyesight and hearing, they can smell very well and are very clever. At the zoo, you may have noticed how cleverly they beg for biscuits and nuts, by sitting up and holding out their paws.",32.87,0.9375,0.0625,0.0,0.0,0.0625,109.52,0,0,0,32.87
4b13g,D:\Main_Project\Multimodal_NDD_Prediction\dyslexia_screening\data/mps/mps_dataset\audios\4b13g_EN-OL-RC-426_1.wav,4,"Bears are found in Europe, Asia, Africa and America. They have big bodies, with short tails and thick legs. Polar bears, which live in the coldest part of the world, usually eat fish and seals. When kept in cages or in zoos, bears like to eat meat, vegetables, milk and rice. Bears are not quite as dangerous as we think they are. Like most animals, they will do their best to keep away from us.",27.67,0.9733,0.0267,0.0,0.0,0.0267,158.29,2,0,2,27.67
4b13g,D:\Main_Project\Multimodal_NDD_Prediction\dyslexia_screening\data/mps/mps_dataset\audios\4b13g_EN-OL-RC-426_2.wav,4,"In the colder parts of the world, bears hibernate from October to April. Before hibernating, they eat a lot of food and become fat. Although bears have very poor eyesight and hearing, they can smell very well and are very clever. At the zoo, you may have noticed how cleverly they beg for biscuits and nuts, by sitting up and holding out their paws.",22.82,0.9531,0.0469,0.0,0.0156,0.0469,160.39,1,0,1,22.82
4b14a,D:\Main_Project\Multimodal_NDD_Prediction\dyslexia_screening\data/mps/mps_dataset\audios\4b14a_EN-OL-RC-426_1.wav,4,"Bears are found in Europe, Asia, Africa and America. They have big bodies, with short tails and thick legs. Polar bears, which live in the coldest part of the world, usually eat fish and seals. When kept in cages or in zoos, bears like to eat meat, vegetables, milk and rice. Bears are not quite as dangerous as we think they are. Like most animals, they will do their best to keep away from us.",46.07,0.8533,0.1333,0.0133,0.04,0.1467,83.35,2,0,2,46.07
4b14f,D:\Main_Project\Multimodal_NDD_Prediction\dyslexia_screening\data/mps/mps_dataset\audios\4b14f_EN-OL-RC-426_2.wav,4,"In the colder parts of the world, bears hibernate from October to April. Before hibernating, they eat a lot of food and become fat. Although bears have very poor eyesight and hearing, they can smell very well and are very clever. At the zoo, you may have noticed how cleverly they beg for biscuits and nuts, by sitting up and holding out their paws.",54.32,0.8125,0.1406,0.0469,0.0781,0.1875,57.44,0,0,0,54.32
4b15b,D:\Main_Project\Multimodal_NDD_Prediction\dyslexia_screening\data/mps/mps_dataset\audios\4b15b_EN-OL-RC-426_1.wav,4,"Bears are found in Europe, Asia, Africa and America. They have big bodies, with short tails and thick legs. Polar bears, which live in the coldest part of the world, usually eat fish and seals. When kept in cages or in zoos, bears like to eat meat, vegetables, milk and rice. Bears are not quite as dangerous as we think they are. Like most animals, they will do their best to keep away from us.",58.1,0.84,0.1467,0.0133,0.04,0.16,65.06,0,0,0,58.1
4b15f,D:\Main_Project\Multimodal_NDD_Prediction\dyslexia_screening\data/mps/mps_dataset\audios\4b15f_EN-OL-RC-426_1.wav,4,"Bears are found in Europe, Asia, Africa and America. They have big bodies, with short tails and thick legs. Polar bears, which live in the coldest part of the world, usually eat fish and seals. When kept in cages or in zoos, bears like to eat meat, vegetables, milk and rice. Bears are not quite as dangerous as we think they are. Like most animals, they will do their best to keep away from us.",61.04,0.8267,0.16,0.0133,0.04,0.1733,60.94,0,0,0,61.04
4b15g,D:\Main_Project\Multimodal_NDD_Prediction\dyslexia_screening\data/mps/mps_dataset\audios\4b15g_EN-OL-RC-426_1.wav,4,"Bears are found in Europe, Asia, Africa and America. They have big bodies, with short tails and thick legs. Polar bears, which live in the coldest part of the world, usually eat fish and seals. When kept in cages or in zoos, bears like to eat meat, vegetables, milk and rice. Bears are not quite as dangerous as we think they are. Like most animals, they will do their best to keep away from us.",40.1,1.0,0.0,0.0,0.0133,0.0,112.22,0,0,0,40.1
4b15g,D:\Main_Project\Multimodal_NDD_Prediction\dyslexia_screening\data/mps/mps_dataset\audios\4b15g_EN-OL-RC-426_2.wav,4,"In the colder parts of the world, bears hibernate from October to April. Before hibernating, they eat a lot of food and become fat. Although bears have very poor eyesight and hearing, they can smell very well and are very clever. At the zoo, you may have noticed how cleverly they beg for biscuits and nuts, by sitting up and holding out their paws.",36.05,0.9688,0.0312,0.0,0.0156,0.0312,103.19,0,0,0,36.05
4b15k,D:\Main_Project\Multimodal_NDD_Prediction\dyslexia_screening\data/mps/mps_dataset\audios\4b15k_EN-OL-RC-426_1.wav,4,"Bears are found in Europe, Asia, Africa and America. They have big bodies, with short tails and thick legs. Polar bears, which live in the coldest part of the world, usually eat fish and seals. When kept in cages or in zoos, bears like to eat meat, vegetables, milk and rice. Bears are not quite as dangerous as we think they are. Like most animals, they will do their best to keep away from us.",48.08,0.72,0.2,0.08,0.0133,0.28,67.39,0,0,0,48.08
4b16b,D:\Main_Project\Multimodal_NDD_Prediction\dyslexia_screening\data/mps/mps_dataset\audios\4b16b_EN-OL-RC-426_1.wav,4,"Bears are found in Europe, Asia, Africa and America. They have big bodies, with short tails and thick legs. Polar bears, which live in the coldest part of the world, usually eat fish and seals. When kept in cages or in zoos, bears like to eat meat, vegetables, milk and rice. Bears are not quite as dangerous as we think they are. Like most animals, they will do their best to keep away from us.",59.42,0.7067,0.08,0.2133,0.0267,0.2933,53.52,0,0,0,59.42
4b17a,D:\Main_Project\Multimodal_NDD_Prediction\dyslexia_screening\data/mps/mps_dataset\audios\4b17a_EN-OL-RC-426_2.wav,4,"In the colder parts of the world, bears hibernate from October to April. Before hibernating, they eat a lot of food and become fat. Although bears have very poor eyesight and hearing, they can smell very well and are very clever. At the zoo, you may have noticed how cleverly they beg for biscuits and nuts, by sitting up and holding out their paws.",51.75,0.8438,0.1562,0.0,0.0781,0.1562,62.61,0,0,0,51.75
4b17b,D:\Main_Project\Multimodal_NDD_Prediction\dyslexia_screening\data/mps/mps_dataset\audios\4b17b_EN-OL-RC-426_1.wav,4,"Bears are found in Europe, Asia, Africa and America. They have big bodies, with short tails and thick legs. Polar bears, which live in the coldest part of the world, usually eat fish and seals. When kept in cages or in zoos, bears like to eat meat, vegetables, milk and rice. Bears are not quite as dangerous as we think they are. Like most animals, they will do their best to keep away from us.",51.14,0.8133,0.1867,0.0,0.04,0.1867,71.57,8,0,8,51.14
4b17f,D:\Main_Project\Multimodal_NDD_Prediction\dyslexia_screening\data/mps/mps_dataset\audios\4b17f_EN-OL-RC-426_1.wav,4,"Bears are found in Europe, Asia, Africa and America. They have big bodies, with short tails and thick legs. Polar bears, which live in the coldest part of the world, usually eat fish and seals. When kept in cages or in zoos, bears like to eat meat, vegetables, milk and rice. Bears are not quite as dangerous as we think they are. Like most animals, they will do their best to keep away from us.",60.5,0.9067,0.0933,0.0,0.0133,0.0933,67.44,0,0,0,60.5
4b17g,D:\Main_Project\Multimodal_NDD_Prediction\dyslexia_screening\data/mps/mps_dataset\audios\4b17g_EN-OL-RC-426_1.wav,4,"Bears are found in Europe, Asia, Africa and America. They have big bodies, with short tails and thick legs. Polar bears, which live in the coldest part of the world, usually eat fish and seals. When kept in cages or in zoos, bears like to eat meat, vegetables, milk and rice. Bears are not quite as dangerous as we think they are. Like most animals, they will do their best to keep away from us.",60.71,0.8933,0.08,0.0267,0.0267,0.1067,66.22,18,0,18,60.71
4b18a,D:\Main_Project\Multimodal_NDD_Prediction\dyslexia_screening\data/mps/mps_dataset\audios\4b18a_EN-OL-RC-426_1.wav,4,"Bears are found in Europe, Asia, Africa and America. They have big bodies, with short tails and thick legs. Polar bears, which live in the coldest part of the world, usually eat fish and seals. When kept in cages or in zoos, bears like to eat meat, vegetables, milk and rice. Bears are not quite as dangerous as we think they are. Like most animals, they will do their best to keep away from us.",47.06,0.9333,0.0667,0.0,0.0267,0.0667,89.25,2,0,2,47.06
4b18a,D:\Main_Project\Multimodal_NDD_Prediction\dyslexia_screening\data/mps/mps_dataset\audios\4b18a_EN-OL-RC-426_2.wav,4,"In the colder parts of the world, bears hibernate from October to April. Before hibernating, they eat a lot of food and become fat. Although bears have very poor eyesight and hearing, they can smell very well and are very clever. At the zoo, you may have noticed how cleverly they beg for biscuits and nuts, by sitting up and holding out their paws.",47.63,0.875,0.125,0.0,0.0625,0.125,70.54,9,0,9,47.63
4b18b,D:\Main_Project\Multimodal_NDD_Prediction\dyslexia_screening\data/mps/mps_dataset\audios\4b18b_EN-OL-RC-426_1.wav,4,"Bears are found in Europe, Asia, Africa and America. They have big bodies, with short tails and thick legs. Polar bears, which live in the coldest part of the world, usually eat fish and seals. When kept in cages or in zoos, bears like to eat meat, vegetables, milk and rice. Bears are not quite as dangerous as we think they are. Like most animals, they will do their best to keep away from us.",39.74,0.8667,0.1333,0.0,0.04,0.1333,98.14,0,0,0,39.74
4b18b,D:\Main_Project\Multimodal_NDD_Prediction\dyslexia_screening\data/mps/mps_dataset\audios\4b18b_EN-OL-RC-426_2.wav,4,"In the colder parts of the world, bears hibernate from October to April. Before hibernating, they eat a lot of food and become fat. Although bears have very poor eyesight and hearing, they can smell very well and are very clever. At the zoo, you may have noticed how cleverly they beg for biscuits and nuts, by sitting up and holding out their paws.",42.14,0.8125,0.1875,0.0,0.0312,0.1875,74.04,1,0,1,42.14
4b18g,D:\Main_Project\Multimodal_NDD_Prediction\dyslexia_screening\data/mps/mps_dataset\audios\4b18g_EN-OL-RC-426_1.wav,4,"Bears are found in Europe, Asia, Africa and America. They have big bodies, with short tails and thick legs. Polar bears, which live in the coldest part of the world, usually eat fish and seals. When kept in cages or in zoos, bears like to eat meat, vegetables, milk and rice. Bears are not quite as dangerous as we think they are. Like most animals, they will do their best to keep away from us.",40.22,0.8533,0.1333,0.0133,0.08,0.1467,95.47,0,0,0,40.22
4b18g,D:\Main_Project\Multimodal_NDD_Prediction\dyslexia_screening\data/mps/mps_dataset\audios\4b18g_EN-OL-RC-426_2.wav,4,"In the colder parts of the world, bears hibernate from October to April. Before hibernating, they eat a lot of food and become fat. Although bears have very poor eyesight and hearing, they can smell very well and are very clever. At the zoo, you may have noticed how cleverly they beg for biscuits and nuts, by sitting up and holding out their paws.",36.38,0.9062,0.0938,0.0,0.0625,0.0938,95.66,0,0,0,36.38
4b18k,D:\Main_Project\Multimodal_NDD_Prediction\dyslexia_screening\data/mps/mps_dataset\audios\4b18k_EN-OL-RC-426_1.wav,4,"Bears are found in Europe, Asia, Africa and America. They have big bodies, with short tails and thick legs. Polar bears, which live in the coldest part of the world, usually eat fish and seals. When kept in cages or in zoos, bears like to eat meat, vegetables, milk and rice. Bears are not quite as dangerous as we think they are. Like most animals, they will do their best to keep away from us.",40.76,0.84,0.08,0.08,0.0133,0.16,92.74,0,0,0,40.76
4b18k,D:\Main_Project\Multimodal_NDD_Prediction\dyslexia_screening\data/mps/mps_dataset\audios\4b18k_EN-OL-RC-426_2.wav,4,"In the colder parts of the world, bears hibernate from October to April. Before hibernating, they eat a lot of food and become fat. Although bears have very poor eyesight and hearing, they can smell very well and are very clever. At the zoo, you may have noticed how cleverly they beg for biscuits and nuts, by sitting up and holding out their paws.",47.66,0.875,0.125,0.0,0.0469,0.125,70.5,3,0,3,47.66
4b19b,D:\Main_Project\Multimodal_NDD_Prediction\dyslexia_screening\data/mps/mps_dataset\audios\4b19b_EN-OL-RC-426_1.wav,4,"Bears are found in Europe, Asia, Africa and America. They have big bodies, with short tails and thick legs. Polar bears, which live in the coldest part of the world, usually eat fish and seals. When kept in cages or in zoos, bears like to eat meat, vegetables, milk and rice. Bears are not quite as dangerous as we think they are. Like most animals, they will do their best to keep away from us.",41.87,0.9467,0.0533,0.0,0.0267,0.0533,101.74,0,0,0,41.87
4b19c,D:\Main_Project\Multimodal_NDD_Prediction\dyslexia_screening\data/mps/mps_dataset\audios\4b19c_EN-OL-RC-426_2.wav,4,"In the colder parts of the world, bears hibernate from October to April. Before hibernating, they eat a lot of food and become fat. Although bears have very poor eyesight and hearing, they can smell very well and are very clever. At the zoo, you may have noticed how cleverly they beg for biscuits and nuts, by sitting up and holding out their paws.",36.82,0.8438,0.1562,0.0,0.0469,0.1562,88.0,0,0,0,36.82
4b19f,D:\Main_Project\Multimodal_NDD_Prediction\dyslexia_screening\data/mps/mps_dataset\audios\4b19f_EN-OL-RC-426_1.wav,4,"Bears are found in Europe, Asia, Africa and America. They have big bodies, with short tails and thick legs. Polar bears, which live in the coldest part of the world, usually eat fish and seals. When kept in cages or in zoos, bears like to eat meat, vegetables, milk and rice. Bears are not quite as dangerous as we think they are. Like most animals, they will do their best to keep away from us.",56.32,0.9333,0.0667,0.0,0.0133,0.0667,74.57,0,0,0,56.32
4b19f,D:\Main_Project\Multimodal_NDD_Prediction\dyslexia_screening\data/mps/mps_dataset\audios\4b19f_EN-OL-RC-426_2.wav,4,"In the colder parts of the world, bears hibernate from October to April. Before hibernating, they eat a lot of food and become fat. Although bears have very poor eyesight and hearing, they can smell very well and are very clever. At the zoo, you may have noticed how cleverly they beg for biscuits and nuts, by sitting up and holding out their paws.",48.59,0.875,0.125,0.0,0.0312,0.125,69.15,0,0,0,48.59
4b19g,D:\Main_Project\Multimodal_NDD_Prediction\dyslexia_screening\data/mps/mps_dataset\audios\4b19g_EN-OL-RC-426_1.wav,4,"Bears are found in Europe, Asia, Africa and America. They have big bodies, with short tails and thick legs. Polar bears, which live in the coldest part of the world, usually eat fish and seals. When kept in cages or in zoos, bears like to eat meat, vegetables, milk and rice. Bears are not quite as dangerous as we think they are. Like most animals, they will do their best to keep away from us.",51.23,0.9067,0.08,0.0133,0.0533,0.0933,79.64,3,0,3,51.23
4b19g,D:\Main_Project\Multimodal_NDD_Prediction\dyslexia_screening\data/mps/mps_dataset\audios\4b19g_EN-OL-RC-426_2.wav,4,"In the colder parts of the world, bears hibernate from October to April. Before hibernating, they eat a lot of food and become fat. Although bears have very poor eyesight and hearing, they can smell very well and are very clever. At the zoo, you may have noticed how cleverly they beg for biscuits and nuts, by sitting up and holding out their paws.",44.71,0.8594,0.125,0.0156,0.0469,0.1406,73.81,5,0,5,44.71
4b19k,D:\Main_Project\Multimodal_NDD_Prediction\dyslexia_screening\data/mps/mps_dataset\audios\4b19k_EN-OL-RC-426_2.wav,4,"In the colder parts of the world, bears hibernate from October to April. Before hibernating, they eat a lot of food and become fat. Although bears have very poor eyesight and hearing, they can smell very well and are very clever. At the zoo, you may have noticed how cleverly they beg for biscuits and nuts, by sitting up and holding out their paws.",44.34,0.875,0.125,0.0,0.0625,0.125,75.78,4,2,4,44.34
4b1a,D:\Main_Project\Multimodal_NDD_Prediction\dyslexia_screening\data/mps/mps_dataset\audios\4b1a_EN-OL-RC-426_1.wav,4,"Bears are found in Europe, Asia, Africa and America. They have big bodies, with short tails and thick legs. Polar bears, which live in the coldest part of the world, usually eat fish and seals. When kept in cages or in zoos, bears like to eat meat, vegetables, milk and rice. Bears are not quite as dangerous as we think they are. Like most animals, they will do their best to keep away from us.",38.24,0.9333,0.0533,0.0133,0.04,0.0667,109.83,2,0,2,38.24
4b1a,D:\Main_Project\Multimodal_NDD_Prediction\dyslexia_screening\data/mps/mps_dataset\audios\4b1a_EN-OL-RC-426_2.wav,4,"In the colder parts of the world, bears hibernate from October to April. Before hibernating, they eat a lot of food and become fat. Although bears have very poor eyesight and hearing, they can smell very well and are very clever. At the zoo, you may have noticed how cleverly they beg for biscuits and nuts, by sitting up and holding out their paws.",33.65,0.9219,0.0781,0.0,0.0,0.0781,105.2,0,0,0,33.65
4b1f,D:\Main_Project\Multimodal_NDD_Prediction\dyslexia_screening\data/mps/mps_dataset\audios\4b1f_EN-OL-RC-426_1.wav,4,"Bears are found in Europe, Asia, Africa and America. They have big bodies, with short tails and thick legs. Polar bears, which live in the coldest part of the world, usually eat fish and seals. When kept in cages or in zoos, bears like to eat meat, vegetables, milk and rice. Bears are not quite as dangerous as we think they are. Like most animals, they will do their best to keep away from us.",42.29,0.92,0.0667,0.0133,0.0,0.08,97.9,0,0,0,42.29
4b20c,D:\Main_Project\Multimodal_NDD_Prediction\dyslexia_screening\data/mps/mps_dataset\audios\4b20c_EN-OL-RC-426_1.wav,4,"Bears are found in Europe, Asia, Africa and America. They have big bodies, with short tails and thick legs. Polar bears, which live in the coldest part of the world, usually eat fish and seals. When kept in cages or in zoos, bears like to eat meat, vegetables, milk and rice. Bears are not quite as dangerous as we think they are. Like most animals, they will do their best to keep away from us.",42.92,0.8,0.16,0.04,0.04,0.2,83.88,0,0,0,42.92
4b20c,D:\Main_Project\Multimodal_NDD_Prediction\dyslexia_screening\data/mps/mps_dataset\audios\4b20c_EN-OL-RC-426_2.wav,4,"In the colder parts of the world, bears hibernate from October to April. Before hibernating, they eat a lot of food and become fat. Although bears have very poor eyesight and hearing, they can smell very well and are very clever. At the zoo, you may have noticed how cleverly they beg for biscuits and nuts, by sitting up and holding out their paws.",35.51,0.875,0.125,0.0,0.0781,0.125,94.62,0,0,0,35.51
4b20f,D:\Main_Project\Multimodal_NDD_Prediction\dyslexia_screening\data/mps/mps_dataset\audios\4b20f_EN-OL-RC-426_1.wav,4,"Bears are found in Europe, Asia, Africa and America. They have big bodies, with short tails and thick legs. Polar bears, which live in the coldest part of the world, usually eat fish and seals. When kept in cages or in zoos, bears like to eat meat, vegetables, milk and rice. Bears are not quite as dangerous as we think they are. Like most animals, they will do their best to keep away from us.",55.16,0.8533,0.1333,0.0133,0.0533,0.1467,69.62,0,0,0,55.16
4b20g,D:\Main_Project\Multimodal_NDD_Prediction\dyslexia_screening\data/mps/mps_dataset\audios\4b20g_EN-OL-RC-426_1.wav,4,"Bears are found in Europe, Asia, Africa and America. They have big bodies, with short tails and thick legs. Polar bears, which live in the coldest part of the world, usually eat fish and seals. When kept in cages or in zoos, bears like to eat meat, vegetables, milk and rice. Bears are not quite as dangerous as we think they are. Like most animals, they will do their best to keep away from us.",40.16,0.9733,0.0267,0.0,0.0,0.0267,109.06,5,0,5,40.16
4b20g,D:\Main_Project\Multimodal_NDD_Prediction\dyslexia_screening\data/mps/mps_dataset\audios\4b20g_EN-OL-RC-426_2.wav,4,"In the colder parts of the world, bears hibernate from October to April. Before hibernating, they eat a lot of food and become fat. Although bears have very poor eyesight and hearing, they can smell very well and are very clever. At the zoo, you may have noticed how cleverly they beg for biscuits and nuts, by sitting up and holding out their paws.",37.01,0.9688,0.0312,0.0,0.0,0.0312,100.51,1,0,1,37.01
4b20k,D:\Main_Project\Multimodal_NDD_Prediction\dyslexia_screening\data/mps/mps_dataset\audios\4b20k_EN-OL-RC-426_1.wav,4,"Bears are found in Europe, Asia, Africa and America. They have big bodies, with short tails and thick legs. Polar bears, which live in the coldest part of the world, usually eat fish and seals. When kept in cages or in zoos, bears like to eat meat, vegetables, milk and rice. Bears are not quite as dangerous as we think they are. Like most animals, they will do their best to keep away from us.",42.89,0.7733,0.1467,0.08,0.0,0.2267,81.14,3,0,3,42.89
4b20k,D:\Main_Project\Multimodal_NDD_Prediction\dyslexia_screening\data/mps/mps_dataset\audios\4b20k_EN-OL-RC-426_2.wav,4,"In the colder parts of the world, bears hibernate from October to April. Before hibernating, they eat a lot of food and become fat. Although bears have very poor eyesight and hearing, they can smell very well and are very clever. At the zoo, you may have noticed how cleverly they beg for biscuits and nuts, by sitting up and holding out their paws.",44.15,0.8125,0.1875,0.0,0.0156,0.1875,70.67,0,0,0,44.15
4b21a,D:\Main_Project\Multimodal_NDD_Prediction\dyslexia_screening\data/mps/mps_dataset\audios\4b21a_EN-OL-RC-426_1.wav,4,"Bears are found in Europe, Asia, Africa and America. They have big bodies, with short tails and thick legs. Polar bears, which live in the coldest part of the world, usually eat fish and seals. When kept in cages or in zoos, bears like to eat meat, vegetables, milk and rice. Bears are not quite as dangerous as we think they are. Like most animals, they will do their best to keep away from us.",54.74,0.8267,0.1467,0.0267,0.0533,0.1733,67.96,2,0,2,54.74
4b21f,D:\Main_Project\Multimodal_NDD_Prediction\dyslexia_screening\data/mps/mps_dataset\audios\4b21f_EN-OL-RC-426_1.wav,4,"Bears are found in Europe, Asia, Africa and America. They have big bodies, with short tails and thick legs. Polar bears, which live in the coldest part of the world, usually eat fish and seals. When kept in cages or in zoos, bears like to eat meat, vegetables, milk and rice. Bears are not quite as dangerous as we think they are. Like most animals, they will do their best to keep away from us.",48.32,0.88,0.1067,0.0133,0.0,0.12,81.95,0,0,0,48.32
4b21f,D:\Main_Project\Multimodal_NDD_Prediction\dyslexia_screening\data/mps/mps_dataset\audios\4b21f_EN-OL-RC-426_2.wav,4,"In the colder parts of the world, bears hibernate from October to April. Before hibernating, they eat a lot of food and become fat. Although bears have very poor eyesight and hearing, they can smell very well and are very clever. At the zoo, you may have noticed how cleverly they beg for biscuits and nuts, by sitting up and holding out their paws.",44.72,0.8594,0.1406,0.0,0.0625,0.1406,73.79,0,0,0,44.72
4b21k,D:\Main_Project\Multimodal_NDD_Prediction\dyslexia_screening\data/mps/mps_dataset\audios\4b21k_EN-OL-RC-426_1.wav,4,"Bears are found in Europe, Asia, Africa and America. They have big bodies, with short tails and thick legs. Polar bears, which live in the coldest part of the world, usually eat fish and seals. When kept in cages or in zoos, bears like to eat meat, vegetables, milk and rice. Bears are not quite as dangerous as we think they are. Like most animals, they will do their best to keep away from us.",50.24,0.8,0.1067,0.0933,0.04,0.2,71.66,0,0,0,50.24
4b22a,D:\Main_Project\Multimodal_NDD_Prediction\dyslexia_screening\data/mps/mps_dataset\audios\4b22a_EN-OL-RC-426_1.wav,4,"Bears are found in Europe, Asia, Africa and America. They have big bodies, with short tails and thick legs. Polar bears, which live in the coldest part of the world, usually eat fish and seals. When kept in cages or in zoos, bears like to eat meat, vegetables, milk and rice. Bears are not quite as dangerous as we think they are. Like most animals, they will do their best to keep away from us.",61.1,0.8,0.1333,0.0667,0.0267,0.2,58.92,20,2,20,61.1
4b22g,D:\Main_Project\Multimodal_NDD_Prediction\dyslexia_screening\data/mps/mps_dataset\audios\4b22g_EN-OL-RC-426_1.wav,4,"Bears are found in Europe, Asia, Africa and America. They have big bodies, with short tails and thick legs. Polar bears, which live in the coldest part of the world, usually eat fish and seals. When kept in cages or in zoos, bears like to eat meat, vegetables, milk and rice. Bears are not quite as dangerous as we think they are. Like most animals, they will do their best to keep away from us.",48.24,0.8933,0.0933,0.0133,0.0667,0.1067,83.33,0,0,0,48.24
4b22g,D:\Main_Project\Multimodal_NDD_Prediction\dyslexia_screening\data/mps/mps_dataset\audios\4b22g_EN-OL-RC-426_2.wav,4,"In the colder parts of the world, bears hibernate from October to April. Before hibernating, they eat a lot of food and become fat. Although bears have very poor eyesight and hearing, they can smell very well and are very clever. At the zoo, you may have noticed how cleverly they beg for biscuits and nuts, by sitting up and holding out their paws.",45.67,0.875,0.125,0.0,0.0938,0.125,73.57,0,0,0,45.67
4b23b,D:\Main_Project\Multimodal_NDD_Prediction\dyslexia_screening\data/mps/mps_dataset\audios\4b23b_EN-OL-RC-426_1.wav,4,"Bears are found in Europe, Asia, Africa and America. They have big bodies, with short tails and thick legs. Polar bears, which live in the coldest part of the world, usually eat fish and seals. When kept in cages or in zoos, bears like to eat meat, vegetables, milk and rice. Bears are not quite as dangerous as we think they are. Like most animals, they will do their best to keep away from us.",38.18,0.8533,0.1467,0.0,0.0133,0.1467,100.58,0,0,0,38.18
4b23g,D:\Main_Project\Multimodal_NDD_Prediction\dyslexia_screening\data/mps/mps_dataset\audios\4b23g_EN-OL-RC-426_1.wav,4,"Bears are found in Europe, Asia, Africa and America. They have big bodies, with short tails and thick legs. Polar bears, which live in the coldest part of the world, usually eat fish and seals. When kept in cages or in zoos, bears like to eat meat, vegetables, milk and rice. Bears are not quite as dangerous as we think they are. Like most animals, they will do their best to keep away from us.",40.94,0.92,0.08,0.0,0.0133,0.08,101.12,12,0,12,40.94
4b23k,D:\Main_Project\Multimodal_NDD_Prediction\dyslexia_screening\data/mps/mps_dataset\audios\4b23k_EN-OL-RC-426_2.wav,4,"In the colder parts of the world, bears hibernate from October to April. Before hibernating, they eat a lot of food and become fat. Although bears have very poor eyesight and hearing, they can smell very well and are very clever. At the zoo, you may have noticed how cleverly they beg for biscuits and nuts, by sitting up and holding out their paws.",38.32,0.8594,0.125,0.0156,0.0312,0.1406,86.12,0,0,0,38.32
4b24a,D:\Main_Project\Multimodal_NDD_Prediction\dyslexia_screening\data/mps/mps_dataset\audios\4b24a_EN-OL-RC-426_1.wav,4,"Bears are found in Europe, Asia, Africa and America. They have big bodies, with short tails and thick legs. Polar bears, which live in the coldest part of the world, usually eat fish and seals. When kept in cages or in zoos, bears like to eat meat, vegetables, milk and rice. Bears are not quite as dangerous as we think they are. Like most animals, they will do their best to keep away from us.",53.42,0.9067,0.0933,0.0,0.08,0.0933,76.38,12,0,12,53.42
4b24a,D:\Main_Project\Multimodal_NDD_Prediction\dyslexia_screening\data/mps/mps_dataset\audios\4b24a_EN-OL-RC-426_2.wav,4,"In the colder parts of the world, bears hibernate from October to April. Before hibernating, they eat a lot of food and become fat. Although bears have very poor eyesight and hearing, they can smell very well and are very clever. At the zoo, you may have noticed how cleverly they beg for biscuits and nuts, by sitting up and holding out their paws.",58.54,0.7969,0.1875,0.0156,0.1094,0.2031,52.27,19,1,19,58.54
4b24c,D:\Main_Project\Multimodal_NDD_Prediction\dyslexia_screening\data/mps/mps_dataset\audios\4b24c_EN-OL-RC-426_1.wav,4,"Bears are found in Europe, Asia, Africa and America. They have big bodies, with short tails and thick legs. Polar bears, which live in the coldest part of the world, usually eat fish and seals. When kept in cages or in zoos, bears like to eat meat, vegetables, milk and rice. Bears are not quite as dangerous as we think they are. Like most animals, they will do their best to keep away from us.",58.07,0.8933,0.0667,0.04,0.0133,0.1067,69.23,0,0,0,58.07
4b24c,D:\Main_Project\Multimodal_NDD_Prediction\dyslexia_screening\data/mps/mps_dataset\audios\4b24c_EN-OL-RC-426_2.wav,4,"In the colder parts of the world, bears hibernate from October to April. Before hibernating, they eat a lot of food and become fat. Although bears have very poor eyesight and hearing, they can smell very well and are very clever. At the zoo, you may have noticed how cleverly they beg for biscuits and nuts, by sitting up and holding out their paws.",50.98,0.875,0.0938,0.0312,0.0,0.125,65.91,0,0,0,50.98
4b24f,D:\Main_Project\Multimodal_NDD_Prediction\dyslexia_screening\data/mps/mps_dataset\audios\4b24f_EN-OL-RC-426_1.wav,4,"Bears are found in Europe, Asia, Africa and America. They have big bodies, with short tails and thick legs. Polar bears, which live in the coldest part of the world, usually eat fish and seals. When kept in cages or in zoos, bears like to eat meat, vegetables, milk and rice. Bears are not quite as dangerous as we think they are. Like most animals, they will do their best to keep away from us.",46.16,0.8533,0.1467,0.0,0.0667,0.1467,83.19,0,0,0,46.16
4b24g,D:\Main_Project\Multimodal_NDD_Prediction\dyslexia_screening\data/mps/mps_dataset\audios\4b24g_EN-OL-RC-426_1.wav,4,"Bears are found in Europe, Asia, Africa and America. They have big bodies, with short tails and thick legs. Polar bears, which live in the coldest part of the world, usually eat fish and seals. When kept in cages or in zoos, bears like to eat meat, vegetables, milk and rice. Bears are not quite as dangerous as we think they are. Like most animals, they will do their best to keep away from us.",40.58,0.9467,0.0533,0.0,0.0,0.0533,104.98,4,1,4,40.58
4b24k,D:\Main_Project\Multimodal_NDD_Prediction\dyslexia_screening\data/mps/mps_dataset\audios\4b24k_EN-OL-RC-426_1.wav,4,"Bears are found in Europe, Asia, Africa and America. They have big bodies, with short tails and thick legs. Polar bears, which live in the coldest part of the world, usually eat fish and seals. When kept in cages or in zoos, bears like to eat meat, vegetables, milk and rice. Bears are not quite as dangerous as we think they are. Like most animals, they will do their best to keep away from us.",45.17,0.8267,0.0667,0.1067,0.0267,0.1733,82.36,4,0,4,45.17
4b24k,D:\Main_Project\Multimodal_NDD_Prediction\dyslexia_screening\data/mps/mps_dataset\audios\4b24k_EN-OL-RC-426_2.wav,4,"In the colder parts of the world, bears hibernate from October to April. Before hibernating, they eat a lot of food and become fat. Although bears have very poor eyesight and hearing, they can smell very well and are very clever. At the zoo, you may have noticed how cleverly they beg for biscuits and nuts, by sitting up and holding out their paws.",39.07,0.875,0.125,0.0,0.0,0.125,86.0,1,0,1,39.07
4b25a,D:\Main_Project\Multimodal_NDD_Prediction\dyslexia_screening\data/mps/mps_dataset\audios\4b25a_EN-OL-RC-426_1.wav,4,"Bears are found in Europe, Asia, Africa and America. They have big bodies, with short tails and thick legs. Polar bears, which live in the coldest part of the world, usually eat fish and seals. When kept in cages or in zoos, bears like to eat meat, vegetables, milk and rice. Bears are not quite as dangerous as we think they are. Like most animals, they will do their best to keep away from us.",37.73,0.9467,0.0533,0.0,0.0,0.0533,112.91,7,0,7,37.73
4b25a,D:\Main_Project\Multimodal_NDD_Prediction\dyslexia_screening\data/mps/mps_dataset\audios\4b25a_EN-OL-RC-426_2.wav,4,"In the colder parts of the world, bears hibernate from October to April. Before hibernating, they eat a lot of food and become fat. Although bears have very poor eyesight and hearing, they can smell very well and are very clever. At the zoo, you may have noticed how cleverly they beg for biscuits and nuts, by sitting up and holding out their paws.",32.39,0.9375,0.0625,0.0,0.0156,0.0625,111.15,7,0,7,32.39
4b25c,D:\Main_Project\Multimodal_NDD_Prediction\dyslexia_screening\data/mps/mps_dataset\audios\4b25c_EN-OL-RC-426_1.wav,4,"Bears are found in Europe, Asia, Africa and America. They have big bodies, with short tails and thick legs. Polar bears, which live in the coldest part of the world, usually eat fish and seals. When kept in cages or in zoos, bears like to eat meat, vegetables, milk and rice. Bears are not quite as dangerous as we think they are. Like most animals, they will do their best to keep away from us.",37.31,0.7467,0.1733,0.08,0.0,0.2533,90.06,0,0,0,37.31
4b25k,D:\Main_Project\Multimodal_NDD_Prediction\dyslexia_screening\data/mps/mps_dataset\audios\4b25k_EN-OL-RC-426_1.wav,4,"Bears are found in Europe, Asia, Africa and America. They have big bodies, with short tails and thick legs. Polar bears, which live in the coldest part of the world, usually eat fish and seals. When kept in cages or in zoos, bears like to eat meat, vegetables, milk and rice. Bears are not quite as dangerous as we think they are. Like most animals, they will do their best to keep away from us.",59.17,0.7467,0.1733,0.08,0.0267,0.2533,56.79,0,0,0,59.17
4b26c,D:\Main_Project\Multimodal_NDD_Prediction\dyslexia_screening\data/mps/mps_dataset\audios\4b26c_EN-OL-RC-426_2.wav,4,"In the colder parts of the world, bears hibernate from October to April. Before hibernating, they eat a lot of food and become fat. Although bears have very poor eyesight and hearing, they can smell very well and are very clever. At the zoo, you may have noticed how cleverly they beg for biscuits and nuts, by sitting up and holding out their paws.",36.55,0.8281,0.1562,0.0156,0.0156,0.1719,87.0,0,0,0,36.55
4b26g,D:\Main_Project\Multimodal_NDD_Prediction\dyslexia_screening\data/mps/mps_dataset\audios\4b26g_EN-OL-RC-426_1.wav,4,"Bears are found in Europe, Asia, Africa and America. They have big bodies, with short tails and thick legs. Polar bears, which live in the coldest part of the world, usually eat fish and seals. When kept in cages or in zoos, bears like to eat meat, vegetables, milk and rice. Bears are not quite as dangerous as we think they are. Like most animals, they will do their best to keep away from us.",48.2,0.9333,0.0533,0.0133,0.0133,0.0667,87.14,8,1,8,48.2
4b27a,D:\Main_Project\Multimodal_NDD_Prediction\dyslexia_screening\data/mps/mps_dataset\audios\4b27a_EN-OL-RC-426_1.wav,4,"Bears are found in Europe, Asia, Africa and America. They have big bodies, with short tails and thick legs. Polar bears, which live in the coldest part of the world, usually eat fish and seals. When kept in cages or in zoos, bears like to eat meat, vegetables, milk and rice. Bears are not quite as dangerous as we think they are. Like most animals, they will do their best to keep away from us.",33.95,0.9867,0.0133,0.0,0.0,0.0133,130.78,6,0,6,33.95
4b27a,D:\Main_Project\Multimodal_NDD_Prediction\dyslexia_screening\data/mps/mps_dataset\audios\4b27a_EN-OL-RC-426_2.wav,4,"In the colder parts of the world, bears hibernate from October to April. Before hibernating, they eat a lot of food and become fat. Although bears have very poor eyesight and hearing, they can smell very well and are very clever. At the zoo, you may have noticed how cleverly they beg for biscuits and nuts, by sitting up and holding out their paws.",32.18,0.9219,0.0781,0.0,0.0469,0.0781,110.01,4,0,4,32.18
4b27b,D:\Main_Project\Multimodal_NDD_Prediction\dyslexia_screening\data/mps/mps_dataset\audios\4b27b_EN-OL-RC-426_1.wav,4,"Bears are found in Europe, Asia, Africa and America. They have big bodies, with short tails and thick legs. Polar bears, which live in the coldest part of the world, usually eat fish and seals. When kept in cages or in zoos, bears like to eat meat, vegetables, milk and rice. Bears are not quite as dangerous as we think they are. Like most animals, they will do their best to keep away from us.",39.92,0.9733,0.0267,0.0,0.0133,0.0267,109.72,0,0,0,39.92
4b27b,D:\Main_Project\Multimodal_NDD_Prediction\dyslexia_screening\data/mps/mps_dataset\audios\4b27b_EN-OL-RC-426_2.wav,4,"In the colder parts of the world, bears hibernate from October to April. Before hibernating, they eat a lot of food and become fat. Although bears have very poor eyesight and hearing, they can smell very well and are very clever. At the zoo, you may have noticed how cleverly they beg for biscuits and nuts, by sitting up and holding out their paws.",35.12,0.9688,0.0312,0.0,0.0,0.0312,105.92,0,0,0,35.12
4b27g,D:\Main_Project\Multimodal_NDD_Prediction\dyslexia_screening\data/mps/mps_dataset\audios\4b27g_EN-OL-RC-426_1.wav,4,"Bears are found in Europe, Asia, Africa and America. They have big bodies, with short tails and thick legs. Polar bears, which live in the coldest part of the world, usually eat fish and seals. When kept in cages or in zoos, bears like to eat meat, vegetables, milk and rice. Bears are not quite as dangerous as we think they are. Like most animals, they will do their best to keep away from us.",45.62,0.9867,0.0133,0.0,0.0533,0.0133,97.33,1,0,1,45.62
4b28a,D:\Main_Project\Multimodal_NDD_Prediction\dyslexia_screening\data/mps/mps_dataset\audios\4b28a_EN-OL-RC-426_2.wav,4,"In the colder parts of the world, bears hibernate from October to April. Before hibernating, they eat a lot of food and become fat. Although bears have very poor eyesight and hearing, they can smell very well and are very clever. At the zoo, you may have noticed how cleverly they beg for biscuits and nuts, by sitting up and holding out their paws.",60.55,0.8281,0.125,0.0469,0.0312,0.1719,52.52,0,0,0,60.55
4b28b,D:\Main_Project\Multimodal_NDD_Prediction\dyslexia_screening\data/mps/mps_dataset\audios\4b28b_EN-OL-RC-426_1.wav,4,"Bears are found in Europe, Asia, Africa and America. They have big bodies, with short tails and thick legs. Polar bears, which live in the coldest part of the world, usually eat fish and seals. When kept in cages or in zoos, bears like to eat meat, vegetables, milk and rice. Bears are not quite as dangerous as we think they are. Like most animals, they will do their best to keep away from us.",48.68,0.7733,0.2133,0.0133,0.0133,0.2267,71.49,0,0,0,48.68
4b28g,D:\Main_Project\Multimodal_NDD_Prediction\dyslexia_screening\data/mps/mps_dataset\audios\4b28g_EN-OL-RC-426_2.wav,4,"In the colder parts of the world, bears hibernate from October to April. Before hibernating, they eat a lot of food and become fat. Although bears have very poor eyesight and hearing, they can smell very well and are very clever. At the zoo, you may have noticed how cleverly they beg for biscuits and nuts, by sitting up and holding out their paws.",53.84,0.9375,0.0625,0.0,0.0156,0.0625,66.86,3,0,3,53.84
4b29b,D:\Main_Project\Multimodal_NDD_Prediction\dyslexia_screening\data/mps/mps_dataset\audios\4b29b_EN-OL-RC-426_1.wav,4,"Bears are found in Europe, Asia, Africa and America. They have big bodies, with short tails and thick legs. Polar bears, which live in the coldest part of the world, usually eat fish and seals. When kept in cages or in zoos, bears like to eat meat, vegetables, milk and rice. Bears are not quite as dangerous as we think they are. Like most animals, they will do their best to keep away from us.",37.73,0.92,0.08,0.0,0.0267,0.08,109.73,0,0,0,37.73
4b29c,D:\Main_Project\Multimodal_NDD_Prediction\dyslexia_screening\data/mps/mps_dataset\audios\4b29c_EN-OL-RC-426_1.wav,4,"Bears are found in Europe, Asia, Africa and America. They have big bodies, with short tails and thick legs. Polar bears, which live in the coldest part of the world, usually eat fish and seals. When kept in cages or in zoos, bears like to eat meat, vegetables, milk and rice. Bears are not quite as dangerous as we think they are. Like most animals, they will do their best to keep away from us.",38.18,0.8533,0.12,0.0267,0.0267,0.1467,100.58,0,0,0,38.18
4b29g,D:\Main_Project\Multimodal_NDD_Prediction\dyslexia_screening\data/mps/mps_dataset\audios\4b29g_EN-OL-RC-426_1.wav,4,"Bears are found in Europe, Asia, Africa and America. They have big bodies, with short tails and thick legs. Polar bears, which live in the coldest part of the world, usually eat fish and seals. When kept in cages or in zoos, bears like to eat meat, vegetables, milk and rice. Bears are not quite as dangerous as we think they are. Like most animals, they will do their best to keep away from us.",41.6,0.9867,0.0133,0.0,0.04,0.0133,106.73,1,0,1,41.6
4b2f,D:\Main_Project\Multimodal_NDD_Prediction\dyslexia_screening\data/mps/mps_dataset\audios\4b2f_EN-OL-RC-426_1.wav,4,"Bears are found in Europe, Asia, Africa and America. They have big bodies, with short tails and thick legs. Polar bears, which live in the coldest part of the world, usually eat fish and seals. When kept in cages or in zoos, bears like to eat meat, vegetables, milk and rice. Bears are not quite as dangerous as we think they are. Like most animals, they will do their best to keep away from us.",38.93,0.92,0.08,0.0,0.0133,0.08,106.34,0,0,0,38.93
4b2g,D:\Main_Project\Multimodal_NDD_Prediction\dyslexia_screening\data/mps/mps_dataset\audios\4b2g_EN-OL-RC-426_1.wav,4,"Bears are found in Europe, Asia, Africa and America. They have big bodies, with short tails and thick legs. Polar bears, which live in the coldest part of the world, usually eat fish and seals. When kept in cages or in zoos, bears like to eat meat, vegetables, milk and rice. Bears are not quite as dangerous as we think they are. Like most animals, they will do their best to keep away from us.",59.75,0.88,0.12,0.0,0.04,0.12,66.28,12,2,12,59.75
4b2k,D:\Main_Project\Multimodal_NDD_Prediction\dyslexia_screening\data/mps/mps_dataset\audios\4b2k_EN-OL-RC-426_1.wav,4,"Bears are found in Europe, Asia, Africa and America. They have big bodies, with short tails and thick legs. Polar bears, which live in the coldest part of the world, usually eat fish and seals. When kept in cages or in zoos, bears like to eat meat, vegetables, milk and rice. Bears are not quite as dangerous as we think they are. Like most animals, they will do their best to keep away from us.",48.5,0.8667,0.12,0.0133,0.0267,0.1333,80.41,5,0,5,48.5
4b30g,D:\Main_Project\Multimodal_NDD_Prediction\dyslexia_screening\data/mps/mps_dataset\audios\4b30g_EN-OL-RC-426_2.wav,4,"In the colder parts of the world, bears hibernate from October to April. Before hibernating, they eat a lot of food and become fat. Although bears have very poor eyesight and hearing, they can smell very well and are very clever. At the zoo, you may have noticed how cleverly they beg for biscuits and nuts, by sitting up and holding out their paws.",33.8,0.875,0.1094,0.0156,0.0469,0.125,99.41,0,0,0,33.8
4b31b,D:\Main_Project\Multimodal_NDD_Prediction\dyslexia_screening\data/mps/mps_dataset\audios\4b31b_EN-OL-RC-426_1.wav,4,"Bears are found in Europe, Asia, Africa and America. They have big bodies, with short tails and thick legs. Polar bears, which live in the coldest part of the world, usually eat fish and seals. When kept in cages or in zoos, bears like to eat meat, vegetables, milk and rice. Bears are not quite as dangerous as we think they are. Like most animals, they will do their best to keep away from us.",61.24,0.92,0.0533,0.0267,0.0267,0.08,67.6,1,0,1,61.24
4b31b,D:\Main_Project\Multimodal_NDD_Prediction\dyslexia_screening\data/mps/mps_dataset\audios\4b31b_EN-OL-RC-426_2.wav,4,"In the colder parts of the world, bears hibernate from October to April. Before hibernating, they eat a lot of food and become fat. Although bears have very poor eyesight and hearing, they can smell very well and are very clever. At the zoo, you may have noticed how cleverly they beg for biscuits and nuts, by sitting up and holding out their paws.",60.56,0.7188,0.1719,0.1094,0.0781,0.2812,45.57,5,0,5,60.56
4b31c,D:\Main_Project\Multimodal_NDD_Prediction\dyslexia_screening\data/mps/mps_dataset\audios\4b31c_EN-OL-RC-426_2.wav,4,"In the colder parts of the world, bears hibernate from October to April. Before hibernating, they eat a lot of food and become fat. Although bears have very poor eyesight and hearing, they can smell very well and are very clever. At the zoo, you may have noticed how cleverly they beg for biscuits and nuts, by sitting up and holding out their paws.",41.99,0.8281,0.1406,0.0312,0.0156,0.1719,75.73,0,0,0,41.99
4b32b,D:\Main_Project\Multimodal_NDD_Prediction\dyslexia_screening\data/mps/mps_dataset\audios\4b32b_EN-OL-RC-426_1.wav,4,"Bears are found in Europe, Asia, Africa and America. They have big bodies, with short tails and thick legs. Polar bears, which live in the coldest part of the world, usually eat fish and seals. When kept in cages or in zoos, bears like to eat meat, vegetables, milk and rice. Bears are not quite as dangerous as we think they are. Like most animals, they will do their best to keep away from us.",31.52,1.0,0.0,0.0,0.0,0.0,142.77,1,0,1,31.52
4b32b,D:\Main_Project\Multimodal_NDD_Prediction\dyslexia_screening\data/mps/mps_dataset\audios\4b32b_EN-OL-RC-426_2.wav,4,"In the colder parts of the world, bears hibernate from October to April. Before hibernating, they eat a lot of food and become fat. Although bears have very poor eyesight and hearing, they can smell very well and are very clever. At the zoo, you may have noticed how cleverly they beg for biscuits and nuts, by sitting up and holding out their paws.",29.93,0.9219,0.0781,0.0,0.0312,0.0781,118.28,0,0,0,29.93
4b32c,D:\Main_Project\Multimodal_NDD_Prediction\dyslexia_screening\data/mps/mps_dataset\audios\4b32c_EN-OL-RC-426_2.wav,4,"In the colder parts of the world, bears hibernate from October to April. Before hibernating, they eat a lot of food and become fat. Although bears have very poor eyesight and hearing, they can smell very well and are very clever. At the zoo, you may have noticed how cleverly they beg for biscuits and nuts, by sitting up and holding out their paws.",31.57,0.75,0.2031,0.0469,0.0312,0.25,91.23,0,0,0,31.57
4b32g,D:\Main_Project\Multimodal_NDD_Prediction\dyslexia_screening\data/mps/mps_dataset\audios\4b32g_EN-OL-RC-426_1.wav,4,"Bears are found in Europe, Asia, Africa and America. They have big bodies, with short tails and thick legs. Polar bears, which live in the coldest part of the world, usually eat fish and seals. When kept in cages or in zoos, bears like to eat meat, vegetables, milk and rice. Bears are not quite as dangerous as we think they are. Like most animals, they will do their best to keep away from us.",43.94,0.92,0.08,0.0,0.0133,0.08,94.22,1,0,1,43.94
4b32k,D:\Main_Project\Multimodal_NDD_Prediction\dyslexia_screening\data/mps/mps_dataset\audios\4b32k_EN-OL-RC-426_2.wav,4,"In the colder parts of the world, bears hibernate from October to April. Before hibernating, they eat a lot of food and become fat. Although bears have very poor eyesight and hearing, they can smell very well and are very clever. At the zoo, you may have noticed how cleverly they beg for biscuits and nuts, by sitting up and holding out their paws.",60.38,0.7812,0.1406,0.0781,0.0625,0.2188,49.69,20,7,20,60.38
4b33b,D:\Main_Project\Multimodal_NDD_Prediction\dyslexia_screening\data/mps/mps_dataset\audios\4b33b_EN-OL-RC-426_1.wav,4,"Bears are found in Europe, Asia, Africa and America. They have big bodies, with short tails and thick legs. Polar bears, which live in the coldest part of the world, usually eat fish and seals. When kept in cages or in zoos, bears like to eat meat, vegetables, milk and rice. Bears are not quite as dangerous as we think they are. Like most animals, they will do their best to keep away from us.",44.21,0.8667,0.12,0.0133,0.0267,0.1333,88.22,0,0,0,44.21
4b33g,D:\Main_Project\Multimodal_NDD_Prediction\dyslexia_screening\data/mps/mps_dataset\audios\4b33g_EN-OL-RC-426_1.wav,4,"Bears are found in Europe, Asia, Africa and America. They have big bodies, with short tails and thick legs. Polar bears, which live in the coldest part of the world, usually eat fish and seals. When kept in cages or in zoos, bears like to eat meat, vegetables, milk and rice. Bears are not quite as dangerous as we think they are. Like most animals, they will do their best to keep away from us.",52.27,0.8933,0.1067,0.0,0.0533,0.1067,76.91,13,1,13,52.27
4b33g,D:\Main_Project\Multimodal_NDD_Prediction\dyslexia_screening\data/mps/mps_dataset\audios\4b33g_EN-OL-RC-426_2.wav,4,"In the colder parts of the world, bears hibernate from October to April. Before hibernating, they eat a lot of food and become fat. Although bears have very poor eyesight and hearing, they can smell very well and are very clever. At the zoo, you may have noticed how cleverly they beg for biscuits and nuts, by sitting up and holding out their paws.",42.01,0.8594,0.1406,0.0,0.0781,0.1406,78.55,0,0,0,42.01
4b34g,D:\Main_Project\Multimodal_NDD_Prediction\dyslexia_screening\data/mps/mps_dataset\audios\4b34g_EN-OL-RC-426_1.wav,4,"Bears are found in Europe, Asia, Africa and America. They have big bodies, with short tails and thick legs. Polar bears, which live in the coldest part of the world, usually eat fish and seals. When kept in cages or in zoos, bears like to eat meat, vegetables, milk and rice. Bears are not quite as dangerous as we think they are. Like most animals, they will do their best to keep away from us.",29.41,0.9333,0.0667,0.0,0.0,0.0667,142.81,1,0,1,29.41
4b35b,D:\Main_Project\Multimodal_NDD_Prediction\dyslexia_screening\data/mps/mps_dataset\audios\4b35b_EN-OL-RC-426_1.wav,4,"Bears are found in Europe, Asia, Africa and America. They have big bodies, with short tails and thick legs. Polar bears, which live in the coldest part of the world, usually eat fish and seals. When kept in cages or in zoos, bears like to eat meat, vegetables, milk and rice. Bears are not quite as dangerous as we think they are. Like most animals, they will do their best to keep away from us.",41.72,0.9867,0.0133,0.0,0.0,0.0133,106.42,0,0,0,41.72
4b35b,D:\Main_Project\Multimodal_NDD_Prediction\dyslexia_screening\data/mps/mps_dataset\audios\4b35b_EN-OL-RC-426_2.wav,4,"In the colder parts of the world, bears hibernate from October to April. Before hibernating, they eat a lot of food and become fat. Although bears have very poor eyesight and hearing, they can smell very well and are very clever. At the zoo, you may have noticed how cleverly they beg for biscuits and nuts, by sitting up and holding out their paws.",38.66,0.9688,0.0312,0.0,0.0156,0.0312,96.22,0,0,0,38.66
4b35c,D:\Main_Project\Multimodal_NDD_Prediction\dyslexia_screening\data/mps/mps_dataset\audios\4b35c_EN-OL-RC-426_2.wav,4,"In the colder parts of the world, bears hibernate from October to April. Before hibernating, they eat a lot of food and become fat. Although bears have very poor eyesight and hearing, they can smell very well and are very clever. At the zoo, you may have noticed how cleverly they beg for biscuits and nuts, by sitting up and holding out their paws.",40.55,0.9219,0.0781,0.0,0.0312,0.0781,87.3,0,0,0,40.55
4b35g,D:\Main_Project\Multimodal_NDD_Prediction\dyslexia_screening\data/mps/mps_dataset\audios\4b35g_EN-OL-RC-426_1.wav,4,"Bears are found in Europe, Asia, Africa and America. They have big bodies, with short tails and thick legs. Polar bears, which live in the coldest part of the world, usually eat fish and seals. When kept in cages or in zoos, bears like to eat meat, vegetables, milk and rice. Bears are not quite as dangerous as we think they are. Like most animals, they will do their best to keep away from us.",60.68,0.8667,0.1333,0.0,0.08,0.1333,64.27,10,0,10,60.68
4b35g,D:\Main_Project\Multimodal_NDD_Prediction\dyslexia_screening\data/mps/mps_dataset\audios\4b35g_EN-OL-RC-426_2.wav,4,"In the colder parts of the world, bears hibernate from October to April. Before hibernating, they eat a lot of food and become fat. Although bears have very poor eyesight and hearing, they can smell very well and are very clever. At the zoo, you may have noticed how cleverly they beg for biscuits and nuts, by sitting up and holding out their paws.",59.78,0.875,0.125,0.0,0.0781,0.125,56.21,8,2,8,59.78
4b36c,D:\Main_Project\Multimodal_NDD_Prediction\dyslexia_screening\data/mps/mps_dataset\audios\4b36c_EN-OL-RC-426_2.wav,4,"In the colder parts of the world, bears hibernate from October to April. Before hibernating, they eat a lot of food and become fat. Although bears have very poor eyesight and hearing, they can smell very well and are very clever. At the zoo, you may have noticed how cleverly they beg for biscuits and nuts, by sitting up and holding out their paws.",38.27,0.8906,0.1094,0.0,0.0156,0.1094,89.37,0,0,0,38.27
4b36k,D:\Main_Project\Multimodal_NDD_Prediction\dyslexia_screening\data/mps/mps_dataset\audios\4b36k_EN-OL-RC-426_2.wav,4,"In the colder parts of the world, bears hibernate from October to April. Before hibernating, they eat a lot of food and become fat. Although bears have very poor eyesight and hearing, they can smell very well and are very clever. At the zoo, you may have noticed how cleverly they beg for biscuits and nuts, by sitting up and holding out their paws.",54.61,0.8594,0.1406,0.0,0.0938,0.1406,60.43,10,3,10,54.61
4b37k,D:\Main_Project\Multimodal_NDD_Prediction\dyslexia_screening\data/mps/mps_dataset\audios\4b37k_EN-OL-RC-426_1.wav,4,"Bears are found in Europe, Asia, Africa and America. They have big bodies, with short tails and thick legs. Polar bears, which live in the coldest part of the world, usually eat fish and seals. When kept in cages or in zoos, bears like to eat meat, vegetables, milk and rice. Bears are not quite as dangerous as we think they are. Like most animals, they will do their best to keep away from us.",34.16,0.8267,0.0933,0.08,0.0133,0.1733,108.9,0,0,0,34.16
4b38c,D:\Main_Project\Multimodal_NDD_Prediction\dyslexia_screening\data/mps/mps_dataset\audios\4b38c_EN-OL-RC-426_1.wav,4,"Bears are found in Europe, Asia, Africa and America. They have big bodies, with short tails and thick legs. Polar bears, which live in the coldest part of the world, usually eat fish and seals. When kept in cages or in zoos, bears like to eat meat, vegetables, milk and rice. Bears are not quite as dangerous as we think they are. Like most animals, they will do their best to keep away from us.",36.98,0.84,0.1067,0.0533,0.0133,0.16,102.22,0,0,0,36.98
4b39b,D:\Main_Project\Multimodal_NDD_Prediction\dyslexia_screening\data/mps/mps_dataset\audios\4b39b_EN-OL-RC-426_2.wav,4,"In the colder parts of the world, bears hibernate from October to April. Before hibernating, they eat a lot of food and become fat. Although bears have very poor eyesight and hearing, they can smell very well and are very clever. At the zoo, you may have noticed how cleverly they beg for biscuits and nuts, by sitting up and holding out their paws.",33.68,0.9219,0.0781,0.0,0.0,0.0781,105.11,0,0,0,33.68
4b39c,D:\Main_Project\Multimodal_NDD_Prediction\dyslexia_screening\data/mps/mps_dataset\audios\4b39c_EN-OL-RC-426_2.wav,4,"In the colder parts of the world, bears hibernate from October to April. Before hibernating, they eat a lot of food and become fat. Although bears have very poor eyesight and hearing, they can smell very well and are very clever. At the zoo, you may have noticed how cleverly they beg for biscuits and nuts, by sitting up and holding out their paws.",48.23,0.9062,0.0938,0.0,0.0469,0.0938,72.15,0,0,0,48.23
4b3b,D:\Main_Project\Multimodal_NDD_Prediction\dyslexia_screening\data/mps/mps_dataset\audios\4b3b_EN-OL-RC-426_2.wav,4,"In the colder parts of the world, bears hibernate from October to April. Before hibernating, they eat a lot of food and become fat. Although bears have very poor eyesight and hearing, they can smell very well and are very clever. At the zoo, you may have noticed how cleverly they beg for biscuits and nuts, by sitting up and holding out their paws.",51.61,0.8281,0.1406,0.0312,0.0156,0.1719,61.62,5,0,5,51.61
4b3k,D:\Main_Project\Multimodal_NDD_Prediction\dyslexia_screening\data/mps/mps_dataset\audios\4b3k_EN-OL-RC-426_1.wav,4,"Bears are found in Europe, Asia, Africa and America. They have big bodies, with short tails and thick legs. Polar bears, which live in the coldest part of the world, usually eat fish and seals. When kept in cages or in zoos, bears like to eat meat, vegetables, milk and rice. Bears are not quite as dangerous as we think they are. Like most animals, they will do their best to keep away from us.",43.02,0.88,0.04,0.08,0.0267,0.12,92.05,2,0,2,43.02
4b40c,D:\Main_Project\Multimodal_NDD_Prediction\dyslexia_screening\data/mps/mps_dataset\audios\4b40c_EN-OL-RC-426_2.wav,4,"In the colder parts of the world, bears hibernate from October to April. Before hibernating, they eat a lot of food and become fat. Although bears have very poor eyesight and hearing, they can smell very well and are very clever. At the zoo, you may have noticed how cleverly they beg for biscuits and nuts, by sitting up and holding out their paws.",48.98,0.8594,0.1406,0.0,0.0625,0.1406,67.37,0,0,0,48.98
4b40k,D:\Main_Project\Multimodal_NDD_Prediction\dyslexia_screening\data/mps/mps_dataset\audios\4b40k_EN-OL-RC-426_1.wav,4,"Bears are found in Europe, Asia, Africa and America. They have big bodies, with short tails and thick legs. Polar bears, which live in the coldest part of the world, usually eat fish and seals. When kept in cages or in zoos, bears like to eat meat, vegetables, milk and rice. Bears are not quite as dangerous as we think they are. Like most animals, they will do their best to keep away from us.",36.38,0.8,0.12,0.08,0.0,0.2,98.96,0,0,0,36.38
4b41b,D:\Main_Project\Multimodal_NDD_Prediction\dyslexia_screening\data/mps/mps_dataset\audios\4b41b_EN-OL-RC-426_1.wav,4,"Bears are found in Europe, Asia, Africa and America. They have big bodies, with short tails and thick legs. Polar bears, which live in the coldest part of the world, usually eat fish and seals. When kept in cages or in zoos, bears like to eat meat, vegetables, milk and rice. Bears are not quite as dangerous as we think they are. Like most animals, they will do their best to keep away from us.",61.31,0.5333,0.24,0.2267,0.0933,0.4667,39.15,0,0,0,61.31
4b41f,D:\Main_Project\Multimodal_NDD_Prediction\dyslexia_screening\data/mps/mps_dataset\audios\4b41f_EN-OL-RC-426_1.wav,4,"Bears are found in Europe, Asia, Africa and America. They have big bodies, with short tails and thick legs. Polar bears, which live in the coldest part of the world, usually eat fish and seals. When kept in cages or in zoos, bears like to eat meat, vegetables, milk and rice. Bears are not quite as dangerous as we think they are. Like most animals, they will do their best to keep away from us.",41.57,0.9333,0.0667,0.0,0.0133,0.0667,101.03,0,0,0,41.57
4b41f,D:\Main_Project\Multimodal_NDD_Prediction\dyslexia_screening\data/mps/mps_dataset\audios\4b41f_EN-OL-RC-426_2.wav,4,"In the colder parts of the world, bears hibernate from October to April. Before hibernating, they eat a lot of food and become fat. Although bears have very poor eyesight and hearing, they can smell very well and are very clever. At the zoo, you may have noticed how cleverly they beg for biscuits and nuts, by sitting up and holding out their paws.",40.13,0.8594,0.1406,0.0,0.0156,0.1406,82.23,0,0,0,40.13
4b41g,D:\Main_Project\Multimodal_NDD_Prediction\dyslexia_screening\data/mps/mps_dataset\audios\4b41g_EN-OL-RC-426_1.wav,4,"Bears are found in Europe, Asia, Africa and America. They have big bodies, with short tails and thick legs. Polar bears, which live in the coldest part of the world, usually eat fish and seals. When kept in cages or in zoos, bears like to eat meat, vegetables, milk and rice. Bears are not quite as dangerous as we think they are. Like most animals, they will do their best to keep away from us.",44.48,0.84,0.1467,0.0133,0.0133,0.16,84.98,5,0,5,44.48
4b41g,D:\Main_Project\Multimodal_NDD_Prediction\dyslexia_screening\data/mps/mps_dataset\audios\4b41g_EN-OL-RC-426_2.wav,4,"In the colder parts of the world, bears hibernate from October to April. Before hibernating, they eat a lot of food and become fat. Although bears have very poor eyesight and hearing, they can smell very well and are very clever. At the zoo, you may have noticed how cleverly they beg for biscuits and nuts, by sitting up and holding out their paws.",52.48,0.8594,0.1406,0.0,0.0781,0.1406,62.88,15,2,15,52.48
4b42c,D:\Main_Project\Multimodal_NDD_Prediction\dyslexia_screening\data/mps/mps_dataset\audios\4b42c_EN-OL-RC-426_1.wav,4,"Bears are found in Europe, Asia, Africa and America. They have big bodies, with short tails and thick legs. Polar bears, which live in the coldest part of the world, usually eat fish and seals. When kept in cages or in zoos, bears like to eat meat, vegetables, milk and rice. Bears are not quite as dangerous as we think they are. Like most animals, they will do their best to keep away from us.",52.44,0.8133,0.1467,0.04,0.0133,0.1867,69.79,0,0,0,52.44
4b42c,D:\Main_Project\Multimodal_NDD_Prediction\dyslexia_screening\data/mps/mps_dataset\audios\4b42c_EN-OL-RC-426_2.wav,4,"In the colder parts of the world, bears hibernate from October to April. Before hibernating, they eat a lot of food and become fat. Although bears have very poor eyesight and hearing, they can smell very well and are very clever. At the zoo, you may have noticed how cleverly they beg for biscuits and nuts, by sitting up and holding out their paws.",45.32,0.8438,0.125,0.0312,0.0156,0.1562,71.49,0,0,0,45.32
4b42f,D:\Main_Project\Multimodal_NDD_Prediction\dyslexia_screening\data/mps/mps_dataset\audios\4b42f_EN-OL-RC-426_1.wav,4,"Bears are found in Europe, Asia, Africa and America. They have big bodies, with short tails and thick legs. Polar bears, which live in the coldest part of the world, usually eat fish and seals. When kept in cages or in zoos, bears like to eat meat, vegetables, milk and rice. Bears are not quite as dangerous as we think they are. Like most animals, they will do their best to keep away from us.",57.05,0.8667,0.12,0.0133,0.0667,0.1333,68.36,0,0,0,57.05
4b42f,D:\Main_Project\Multimodal_NDD_Prediction\dyslexia_screening\data/mps/mps_dataset\audios\4b42f_EN-OL-RC-426_2.wav,4,"In the colder parts of the world, bears hibernate from October to April. Before hibernating, they eat a lot of food and become fat. Although bears have very poor eyesight and hearing, they can smell very well and are very clever. At the zoo, you may have noticed how cleverly they beg for biscuits and nuts, by sitting up and holding out their paws.",53.06,0.7969,0.2031,0.0,0.0469,0.2031,57.67,0,0,0,53.06
4b42g,D:\Main_Project\Multimodal_NDD_Prediction\dyslexia_screening\data/mps/mps_dataset\audios\4b42g_EN-OL-RC-426_1.wav,4,"Bears are found in Europe, Asia, Africa and America. They have big bodies, with short tails and thick legs. Polar bears, which live in the coldest part of the world, usually eat fish and seals. When kept in cages or in zoos, bears like to eat meat, vegetables, milk and rice. Bears are not quite as dangerous as we think they are. Like most animals, they will do their best to keep away from us.",34.76,0.92,0.08,0.0,0.04,0.08,119.1,1,0,1,34.76
4b43g,D:\Main_Project\Multimodal_NDD_Prediction\dyslexia_screening\data/mps/mps_dataset\audios\4b43g_EN-OL-RC-426_1.wav,4,"Bears are found in Europe, Asia, Africa and America. They have big bodies, with short tails and thick legs. Polar bears, which live in the coldest part of the world, usually eat fish and seals. When kept in cages or in zoos, bears like to eat meat, vegetables, milk and rice. Bears are not quite as dangerous as we think they are. Like most animals, they will do their best to keep away from us.",52.7,0.8267,0.1733,0.0,0.0667,0.1733,70.59,0,0,0,52.7
4b43g,D:\Main_Project\Multimodal_NDD_Prediction\dyslexia_screening\data/mps/mps_dataset\audios\4b43g_EN-OL-RC-426_2.wav,4,"In the colder parts of the world, bears hibernate from October to April. Before hibernating, they eat a lot of food and become fat. Although bears have very poor eyesight and hearing, they can smell very well and are very clever. At the zoo, you may have noticed how cleverly they beg for biscuits and nuts, by sitting up and holding out their paws.",51.38,0.75,0.2188,0.0312,0.1094,0.25,56.05,0,0,0,51.38
4b44g,D:\Main_Project\Multimodal_NDD_Prediction\dyslexia_screening\data/mps/mps_dataset\audios\4b44g_EN-OL-RC-426_2.wav,4,"In the colder parts of the world, bears hibernate from October to April. Before hibernating, they eat a lot of food and become fat. Although bears have very poor eyesight and hearing, they can smell very well and are very clever. At the zoo, you may have noticed how cleverly they beg for biscuits and nuts, by sitting up and holding out their paws.",52.06,0.875,0.125,0.0,0.0469,0.125,64.54,11,3,11,52.06
4b45b,D:\Main_Project\Multimodal_NDD_Prediction\dyslexia_screening\data/mps/mps_dataset\audios\4b45b_EN-OL-RC-426_2.wav,4,"In the colder parts of the world, bears hibernate from October to April. Before hibernating, they eat a lot of food and become fat. Although bears have very poor eyesight and hearing, they can smell very well and are very clever. At the zoo, you may have noticed how cleverly they beg for biscuits and nuts, by sitting up and holding out their paws.",39.11,0.9219,0.0781,0.0,0.0156,0.0781,90.51,0,0,0,39.11
4b45c,D:\Main_Project\Multimodal_NDD_Prediction\dyslexia_screening\data/mps/mps_dataset\audios\4b45c_EN-OL-RC-426_1.wav,4,"Bears are found in Europe, Asia, Africa and America. They have big bodies, with short tails and thick legs. Polar bears, which live in the coldest part of the world, usually eat fish and seals. When kept in cages or in zoos, bears like to eat meat, vegetables, milk and rice. Bears are not quite as dangerous as we think they are. Like most animals, they will do their best to keep away from us.",38.51,0.8933,0.0667,0.04,0.0133,0.1067,104.39,0,0,0,38.51
4b45f,D:\Main_Project\Multimodal_NDD_Prediction\dyslexia_screening\data/mps/mps_dataset\audios\4b45f_EN-OL-RC-426_1.wav,4,"Bears are found in Europe, Asia, Africa and America. They have big bodies, with short tails and thick legs. Polar bears, which live in the coldest part of the world, usually eat fish and seals. When kept in cages or in zoos, bears like to eat meat, vegetables, milk and rice. Bears are not quite as dangerous as we think they are. Like most animals, they will do their best to keep away from us.",41.3,0.8667,0.1333,0.0,0.0,0.1333,94.43,0,0,0,41.3
4b45f,D:\Main_Project\Multimodal_NDD_Prediction\dyslexia_screening\data/mps/mps_dataset\audios\4b45f_EN-OL-RC-426_2.wav,4,"In the colder parts of the world, bears hibernate from October to April. Before hibernating, they eat a lot of food and become fat. Although bears have very poor eyesight and hearing, they can smell very well and are very clever. At the zoo, you may have noticed how cleverly they beg for biscuits and nuts, by sitting up and holding out their paws.",42.5,0.9062,0.0938,0.0,0.0156,0.0938,81.88,0,0,0,42.5
4b45g,D:\Main_Project\Multimodal_NDD_Prediction\dyslexia_screening\data/mps/mps_dataset\audios\4b45g_EN-OL-RC-426_2.wav,4,"In the colder parts of the world, bears hibernate from October to April. Before hibernating, they eat a lot of food and become fat. Although bears have very poor eyesight and hearing, they can smell very well and are very clever. At the zoo, you may have noticed how cleverly they beg for biscuits and nuts, by sitting up and holding out their paws.",61.37,0.3438,0.3906,0.2656,0.1875,0.6562,21.51,27,6,27,61.37
4b45k,D:\Main_Project\Multimodal_NDD_Prediction\dyslexia_screening\data/mps/mps_dataset\audios\4b45k_EN-OL-RC-426_1.wav,4,"Bears are found in Europe, Asia, Africa and America. They have big bodies, with short tails and thick legs. Polar bears, which live in the coldest part of the world, usually eat fish and seals. When kept in cages or in zoos, bears like to eat meat, vegetables, milk and rice. Bears are not quite as dangerous as we think they are. Like most animals, they will do their best to keep away from us.",49.16,0.8,0.12,0.08,0.0133,0.2,73.23,4,2,4,49.16
4b45k,D:\Main_Project\Multimodal_NDD_Prediction\dyslexia_screening\data/mps/mps_dataset\audios\4b45k_EN-OL-RC-426_2.wav,4,"In the colder parts of the world, bears hibernate from October to April. Before hibernating, they eat a lot of food and become fat. Although bears have very poor eyesight and hearing, they can smell very well and are very clever. At the zoo, you may have noticed how cleverly they beg for biscuits and nuts, by sitting up and holding out their paws.",45.5,0.875,0.125,0.0,0.1094,0.125,73.85,2,0,2,45.5
4b46b,D:\Main_Project\Multimodal_NDD_Prediction\dyslexia_screening\data/mps/mps_dataset\audios\4b46b_EN-OL-RC-426_1.wav,4,"Bears are found in Europe, Asia, Africa and America. They have big bodies, with short tails and thick legs. Polar bears, which live in the coldest part of the world, usually eat fish and seals. When kept in cages or in zoos, bears like to eat meat, vegetables, milk and rice. Bears are not quite as dangerous as we think they are. Like most animals, they will do their best to keep away from us.",32.18,0.9333,0.0533,0.0133,0.0,0.0667,130.52,0,0,0,32.18
4b46b,D:\Main_Project\Multimodal_NDD_Prediction\dyslexia_screening\data/mps/mps_dataset\audios\4b46b_EN-OL-RC-426_2.wav,4,"In the colder parts of the world, bears hibernate from October to April. Before hibernating, they eat a lot of food and become fat. Although bears have very poor eyesight and hearing, they can smell very well and are very clever. At the zoo, you may have noticed how cleverly they beg for biscuits and nuts, by sitting up and holding out their paws.",31.49,0.8906,0.0625,0.0469,0.0156,0.1094,108.61,0,0,0,31.49
4b46c,D:\Main_Project\Multimodal_NDD_Prediction\dyslexia_screening\data/mps/mps_dataset\audios\4b46c_EN-OL-RC-426_1.wav,4,"Bears are found in Europe, Asia, Africa and America. They have big bodies, with short tails and thick legs. Polar bears, which live in the coldest part of the world, usually eat fish and seals. When kept in cages or in zoos, bears like to eat meat, vegetables, milk and rice. Bears are not quite as dangerous as we think they are. Like most animals, they will do their best to keep away from us.",54.87,0.9067,0.08,0.0133,0.0267,0.0933,74.36,0,0,0,54.87
4b46c,D:\Main_Project\Multimodal_NDD_Prediction\dyslexia_screening\data/mps/mps_dataset\audios\4b46c_EN-OL-RC-426_2.wav,4,"In the colder parts of the world, bears hibernate from October to April. Before hibernating, they eat a lot of food and become fat. Although bears have very poor eyesight and hearing, they can smell very well and are very clever. At the zoo, you may have noticed how cleverly they beg for biscuits and nuts, by sitting up and holding out their paws.",44.3,0.8906,0.1094,0.0,0.0156,0.1094,77.2,0,0,0,44.3
4b46f,D:\Main_Project\Multimodal_NDD_Prediction\dyslexia_screening\data/mps/mps_dataset\audios\4b46f_EN-OL-RC-426_1.wav,4,"Bears are found in Europe, Asia, Africa and America. They have big bodies, with short tails and thick legs. Polar bears, which live in the coldest part of the world, usually eat fish and seals. When kept in cages or in zoos, bears like to eat meat, vegetables, milk and rice. Bears are not quite as dangerous as we think they are. Like most animals, they will do their best to keep away from us.",44.33,0.8933,0.0933,0.0133,0.0,0.1067,90.68,0,0,0,44.33
4b46f,D:\Main_Project\Multimodal_NDD_Prediction\dyslexia_screening\data/mps/mps_dataset\audios\4b46f_EN-OL-RC-426_2.wav,4,"In the colder parts of the world, bears hibernate from October to April. Before hibernating, they eat a lot of food and become fat. Although bears have very poor eyesight and hearing, they can smell very well and are very clever. At the zoo, you may have noticed how cleverly they beg for biscuits and nuts, by sitting up and holding out their paws.",53.0,0.8594,0.125,0.0156,0.0156,0.1406,62.26,0,0,0,53.0
4b47c,D:\Main_Project\Multimodal_NDD_Prediction\dyslexia_screening\data/mps/mps_dataset\audios\4b47c_EN-OL-RC-426_1.wav,4,"Bears are found in Europe, Asia, Africa and America. They have big bodies, with short tails and thick legs. Polar bears, which live in the coldest part of the world, usually eat fish and seals. When kept in cages or in zoos, bears like to eat meat, vegetables, milk and rice. Bears are not quite as dangerous as we think they are. Like most animals, they will do their best to keep away from us.",33.26,0.9467,0.0,0.0533,0.0133,0.0533,128.08,0,0,0,33.26
4b47f,D:\Main_Project\Multimodal_NDD_Prediction\dyslexia_screening\data/mps/mps_dataset\audios\4b47f_EN-OL-RC-426_1.wav,4,"Bears are found in Europe, Asia, Africa and America. They have big bodies, with short tails and thick legs. Polar bears, which live in the coldest part of the world, usually eat fish and seals. When kept in cages or in zoos, bears like to eat meat, vegetables, milk and rice. Bears are not quite as dangerous as we think they are. Like most animals, they will do their best to keep away from us.",52.22,0.9333,0.0533,0.0133,0.0533,0.0667,80.43,0,0,0,52.22
4b47f,D:\Main_Project\Multimodal_NDD_Prediction\dyslexia_screening\data/mps/mps_dataset\audios\4b47f_EN-OL-RC-426_2.wav,4,"In the colder parts of the world, bears hibernate from October to April. Before hibernating, they eat a lot of food and become fat. Although bears have very poor eyesight and hearing, they can smell very well and are very clever. At the zoo, you may have noticed how cleverly they beg for biscuits and nuts, by sitting up and holding out their paws.",42.55,0.9219,0.0781,0.0,0.0781,0.0781,83.2,0,0,0,42.55
4b4f,D:\Main_Project\Multimodal_NDD_Prediction\dyslexia_screening\data/mps/mps_dataset\audios\4b4f_EN-OL-RC-426_1.wav,4,"Bears are found in Europe, Asia, Africa and America. They have big bodies, with short tails and thick legs. Polar bears, which live in the coldest part of the world, usually eat fish and seals. When kept in cages or in zoos, bears like to eat meat, vegetables, milk and rice. Bears are not quite as dangerous as we think they are. Like most animals, they will do their best to keep away from us.",42.08,0.92,0.08,0.0,0.0133,0.08,98.38,0,0,0,42.08
4b4f,D:\Main_Project\Multimodal_NDD_Prediction\dyslexia_screening\data/mps/mps_dataset\audios\4b4f_EN-OL-RC-426_2.wav,4,"In the colder parts of the world, bears hibernate from October to April. Before hibernating, they eat a lot of food and become fat. Although bears have very poor eyesight and hearing, they can smell very well and are very clever. At the zoo, you may have noticed how cleverly they beg for biscuits and nuts, by sitting up and holding out their paws.",37.64,0.9062,0.0938,0.0,0.0312,0.0938,92.45,0,0,0,37.64
4b54f,D:\Main_Project\Multimodal_NDD_Prediction\dyslexia_screening\data/mps/mps_dataset\audios\4b54f_EN-OL-RC-426_1.wav,4,"Bears are found in Europe, Asia, Africa and America. They have big bodies, with short tails and thick legs. Polar bears, which live in the coldest part of the world, usually eat fish and seals. When kept in cages or in zoos, bears like to eat meat, vegetables, milk and rice. Bears are not quite as dangerous as we think they are. Like most animals, they will do their best to keep away from us.",40.19,0.8667,0.1333,0.0,0.04,0.1333,97.04,0,0,0,40.19
4b5b,D:\Main_Project\Multimodal_NDD_Prediction\dyslexia_screening\data/mps/mps_dataset\audios\4b5b_EN-OL-RC-426_1.wav,4,"Bears are found in Europe, Asia, Africa and America. They have big bodies, with short tails and thick legs. Polar bears, which live in the coldest part of the world, usually eat fish and seals. When kept in cages or in zoos, bears like to eat meat, vegetables, milk and rice. Bears are not quite as dangerous as we think they are. Like most animals, they will do their best to keep away from us.",41.66,0.9467,0.0533,0.0,0.0267,0.0533,102.26,1,0,1,41.66
4b6a,D:\Main_Project\Multimodal_NDD_Prediction\dyslexia_screening\data/mps/mps_dataset\audios\4b6a_EN-OL-RC-426_2.wav,4,"In the colder parts of the world, bears hibernate from October to April. Before hibernating, they eat a lot of food and become fat. Although bears have very poor eyesight and hearing, they can smell very well and are very clever. At the zoo, you may have noticed how cleverly they beg for biscuits and nuts, by sitting up and holding out their paws.",36.98,0.8438,0.1562,0.0,0.0,0.1562,87.61,0,0,0,36.98
4b6f,D:\Main_Project\Multimodal_NDD_Prediction\dyslexia_screening\data/mps/mps_dataset\audios\4b6f_EN-OL-RC-426_1.wav,4,"Bears are found in Europe, Asia, Africa and America. They have big bodies, with short tails and thick legs. Polar bears, which live in the coldest part of the world, usually eat fish and seals. When kept in cages or in zoos, bears like to eat meat, vegetables, milk and rice. Bears are not quite as dangerous as we think they are. Like most animals, they will do their best to keep away from us.",48.92,0.9067,0.0933,0.0,0.0133,0.0933,83.4,0,0,0,48.92
4b6f,D:\Main_Project\Multimodal_NDD_Prediction\dyslexia_screening\data/mps/mps_dataset\audios\4b6f_EN-OL-RC-426_2.wav,4,"In the colder parts of the world, bears hibernate from October to April. Before hibernating, they eat a lot of food and become fat. Although bears have very poor eyesight and hearing, they can smell very well and are very clever. At the zoo, you may have noticed how cleverly they beg for biscuits and nuts, by sitting up and holding out their paws.",46.13,0.9219,0.0781,0.0,0.0312,0.0781,76.74,0,0,0,46.13
4b7a,D:\Main_Project\Multimodal_NDD_Prediction\dyslexia_screening\data/mps/mps_dataset\audios\4b7a_EN-OL-RC-426_2.wav,4,"In the colder parts of the world, bears hibernate from October to April. Before hibernating, they eat a lot of food and become fat. Although bears have very poor eyesight and hearing, they can smell very well and are very clever. At the zoo, you may have noticed how cleverly they beg for biscuits and nuts, by sitting up and holding out their paws.",50.36,0.8594,0.1406,0.0,0.0312,0.1406,65.53,12,0,12,50.36
4b7b,D:\Main_Project\Multimodal_NDD_Prediction\dyslexia_screening\data/mps/mps_dataset\audios\4b7b_EN-OL-RC-426_1.wav,4,"Bears are found in Europe, Asia, Africa and America. They have big bodies, with short tails and thick legs. Polar bears, which live in the coldest part of the world, usually eat fish and seals. When kept in cages or in zoos, bears like to eat meat, vegetables, milk and rice. Bears are not quite as dangerous as we think they are. Like most animals, they will do their best to keep away from us.",44.26,0.9733,0.0267,0.0,0.0133,0.0267,98.96,0,0,0,44.26
4b7b,D:\Main_Project\Multimodal_NDD_Prediction\dyslexia_screening\data/mps/mps_dataset\audios\4b7b_EN-OL-RC-426_2.wav,4,"In the colder parts of the world, bears hibernate from October to April. Before hibernating, they eat a lot of food and become fat. Although bears have very poor eyesight and hearing, they can smell very well and are very clever. At the zoo, you may have noticed how cleverly they beg for biscuits and nuts, by sitting up and holding out their paws.",43.95,0.9062,0.0938,0.0,0.0,0.0938,79.18,1,0,1,43.95
4b7g,D:\Main_Project\Multimodal_NDD_Prediction\dyslexia_screening\data/mps/mps_dataset\audios\4b7g_EN-OL-RC-426_1.wav,4,"Bears are found in Europe, Asia, Africa and America. They have big bodies, with short tails and thick legs. Polar bears, which live in the coldest part of the world, usually eat fish and seals. When kept in cages or in zoos, bears like to eat meat, vegetables, milk and rice. Bears are not quite as dangerous as we think they are. Like most animals, they will do their best to keep away from us.",49.7,0.8267,0.1467,0.0267,0.0667,0.1733,74.85,13,1,13,49.7
4b7g,D:\Main_Project\Multimodal_NDD_Prediction\dyslexia_screening\data/mps/mps_dataset\audios\4b7g_EN-OL-RC-426_2.wav,4,"In the colder parts of the world, bears hibernate from October to April. Before hibernating, they eat a lot of food and become fat. Although bears have very poor eyesight and hearing, they can smell very well and are very clever. At the zoo, you may have noticed how cleverly they beg for biscuits and nuts, by sitting up and holding out their paws.",51.29,0.8281,0.1562,0.0156,0.1406,0.1719,62.0,5,0,5,51.29
4b8c,D:\Main_Project\Multimodal_NDD_Prediction\dyslexia_screening\data/mps/mps_dataset\audios\4b8c_EN-OL-RC-426_1.wav,4,"Bears are found in Europe, Asia, Africa and America. They have big bodies, with short tails and thick legs. Polar bears, which live in the coldest part of the world, usually eat fish and seals. When kept in cages or in zoos, bears like to eat meat, vegetables, milk and rice. Bears are not quite as dangerous as we think they are. Like most animals, they will do their best to keep away from us.",49.79,0.88,0.08,0.04,0.0533,0.12,79.53,2,0,2,49.79
4b8c,D:\Main_Project\Multimodal_NDD_Prediction\dyslexia_screening\data/mps/mps_dataset\audios\4b8c_EN-OL-RC-426_2.wav,4,"In the colder parts of the world, bears hibernate from October to April. Before hibernating, they eat a lot of food and become fat. Although bears have very poor eyesight and hearing, they can smell very well and are very clever. At the zoo, you may have noticed how cleverly they beg for biscuits and nuts, by sitting up and holding out their paws.",40.44,0.9062,0.0938,0.0,0.0,0.0938,86.05,1,0,1,40.44
4b8f,D:\Main_Project\Multimodal_NDD_Prediction\dyslexia_screening\data/mps/mps_dataset\audios\4b8f_EN-OL-RC-426_1.wav,4,"Bears are found in Europe, Asia, Africa and America. They have big bodies, with short tails and thick legs. Polar bears, which live in the coldest part of the world, usually eat fish and seals. When kept in cages or in zoos, bears like to eat meat, vegetables, milk and rice. Bears are not quite as dangerous as we think they are. Like most animals, they will do their best to keep away from us.",42.38,0.9067,0.08,0.0133,0.0133,0.0933,96.27,0,0,0,42.38
4b8f,D:\Main_Project\Multimodal_NDD_Prediction\dyslexia_screening\data/mps/mps_dataset\audios\4b8f_EN-OL-RC-426_2.wav,4,"In the colder parts of the world, bears hibernate from October to April. Before hibernating, they eat a lot of food and become fat. Although bears have very poor eyesight and hearing, they can smell very well and are very clever. At the zoo, you may have noticed how cleverly they beg for biscuits and nuts, by sitting up and holding out their paws.",39.01,0.9219,0.0781,0.0,0.0469,0.0781,90.75,0,0,0,39.01
4b8k,D:\Main_Project\Multimodal_NDD_Prediction\dyslexia_screening\data/mps/mps_dataset\audios\4b8k_EN-OL-RC-426_1.wav,4,"Bears are found in Europe, Asia, Africa and America. They have big bodies, with short tails and thick legs. Polar bears, which live in the coldest part of the world, usually eat fish and seals. When kept in cages or in zoos, bears like to eat meat, vegetables, milk and rice. Bears are not quite as dangerous as we think they are. Like most animals, they will do their best to keep away from us.",48.77,0.76,0.16,0.08,0.0133,0.24,70.13,14,0,14,48.77
4b8k,D:\Main_Project\Multimodal_NDD_Prediction\dyslexia_screening\data/mps/mps_dataset\audios\4b8k_EN-OL-RC-426_2.wav,4,"In the colder parts of the world, bears hibernate from October to April. Before hibernating, they eat a lot of food and become fat. Although bears have very poor eyesight and hearing, they can smell very well and are very clever. At the zoo, you may have noticed how cleverly they beg for biscuits and nuts, by sitting up and holding out their paws.",48.63,0.8594,0.125,0.0156,0.0312,0.1406,67.86,12,1,12,48.63
4b9f,D:\Main_Project\Multimodal_NDD_Prediction\dyslexia_screening\data/mps/mps_dataset\audios\4b9f_EN-OL-RC-426_2.wav,4,"In the colder parts of the world, bears hibernate from October to April. Before hibernating, they eat a lot of food and become fat. Although bears have very poor eyesight and hearing, they can smell very well and are very clever. At the zoo, you may have noticed how cleverly they beg for biscuits and nuts, by sitting up and holding out their paws.",58.94,0.8125,0.1094,0.0781,0.1406,0.1875,52.94,0,0,0,58.94
4c12b,D:\Main_Project\Multimodal_NDD_Prediction\dyslexia_screening\data/mps/mps_dataset\audios\4c12b_EN-OL-RC-426_1.wav,4,"Bears are found in Europe, Asia, Africa and America. They have big bodies, with short tails and thick legs. Polar bears, which live in the coldest part of the world, usually eat fish and seals. When kept in cages or in zoos, bears like to eat meat, vegetables, milk and rice. Bears are not quite as dangerous as we think they are. Like most animals, they will do their best to keep away from us.",44.9,0.9067,0.08,0.0133,0.04,0.0933,90.87,6,0,6,44.9
4c12b,D:\Main_Project\Multimodal_NDD_Prediction\dyslexia_screening\data/mps/mps_dataset\audios\4c12b_EN-OL-RC-426_2.wav,4,"In the colder parts of the world, bears hibernate from October to April. Before hibernating, they eat a lot of food and become fat. Although bears have very poor eyesight and hearing, they can smell very well and are very clever. At the zoo, you may have noticed how cleverly they beg for biscuits and nuts, by sitting up and holding out their paws.",45.28,0.9531,0.0469,0.0,0.0469,0.0469,80.83,8,0,8,45.28
4c13a,D:\Main_Project\Multimodal_NDD_Prediction\dyslexia_screening\data/mps/mps_dataset\audios\4c13a_EN-OL-RC-426_2.wav,4,"In the colder parts of the world, bears hibernate from October to April. Before hibernating, they eat a lot of food and become fat. Although bears have very poor eyesight and hearing, they can smell very well and are very clever. At the zoo, you may have noticed how cleverly they beg for biscuits and nuts, by sitting up and holding out their paws.",46.81,0.8594,0.1406,0.0,0.0469,0.1406,70.5,0,0,0,46.81
4c14a,D:\Main_Project\Multimodal_NDD_Prediction\dyslexia_screening\data/mps/mps_dataset\audios\4c14a_EN-OL-RC-426_2.wav,4,"In the colder parts of the world, bears hibernate from October to April. Before hibernating, they eat a lot of food and become fat. Although bears have very poor eyesight and hearing, they can smell very well and are very clever. At the zoo, you may have noticed how cleverly they beg for biscuits and nuts, by sitting up and holding out their paws.",43.73,0.8594,0.1406,0.0,0.0625,0.1406,75.46,0,0,0,43.73
4c15g,D:\Main_Project\Multimodal_NDD_Prediction\dyslexia_screening\data/mps/mps_dataset\audios\4c15g_EN-OL-RC-426_1.wav,4,"Bears are found in Europe, Asia, Africa and America. They have big bodies, with short tails and thick legs. Polar bears, which live in the coldest part of the world, usually eat fish and seals. When kept in cages or in zoos, bears like to eat meat, vegetables, milk and rice. Bears are not quite as dangerous as we think they are. Like most animals, they will do their best to keep away from us.",43.19,0.96,0.04,0.0,0.0,0.04,100.02,2,0,2,43.19
4c15g,D:\Main_Project\Multimodal_NDD_Prediction\dyslexia_screening\data/mps/mps_dataset\audios\4c15g_EN-OL-RC-426_2.wav,4,"In the colder parts of the world, bears hibernate from October to April. Before hibernating, they eat a lot of food and become fat. Although bears have very poor eyesight and hearing, they can smell very well and are very clever. At the zoo, you may have noticed how cleverly they beg for biscuits and nuts, by sitting up and holding out their paws.",44.68,0.8906,0.0781,0.0312,0.0469,0.1094,76.54,8,1,8,44.68
4c16g,D:\Main_Project\Multimodal_NDD_Prediction\dyslexia_screening\data/mps/mps_dataset\audios\4c16g_EN-OL-RC-426_1.wav,4,"Bears are found in Europe, Asia, Africa and America. They have big bodies, with short tails and thick legs. Polar bears, which live in the coldest part of the world, usually eat fish and seals. When kept in cages or in zoos, bears like to eat meat, vegetables, milk and rice. Bears are not quite as dangerous as we think they are. Like most animals, they will do their best to keep away from us.",34.61,0.9467,0.0533,0.0,0.0,0.0533,123.09,0,0,0,34.61
4c16g,D:\Main_Project\Multimodal_NDD_Prediction\dyslexia_screening\data/mps/mps_dataset\audios\4c16g_EN-OL-RC-426_2.wav,4,"In the colder parts of the world, bears hibernate from October to April. Before hibernating, they eat a lot of food and become fat. Although bears have very poor eyesight and hearing, they can smell very well and are very clever. At the zoo, you may have noticed how cleverly they beg for biscuits and nuts, by sitting up and holding out their paws.",34.1,0.875,0.1094,0.0156,0.0312,0.125,98.53,0,0,0,34.1
4c17g,D:\Main_Project\Multimodal_NDD_Prediction\dyslexia_screening\data/mps/mps_dataset\audios\4c17g_EN-OL-RC-426_1.wav,4,"Bears are found in Europe, Asia, Africa and America. They have big bodies, with short tails and thick legs. Polar bears, which live in the coldest part of the world, usually eat fish and seals. When kept in cages or in zoos, bears like to eat meat, vegetables, milk and rice. Bears are not quite as dangerous as we think they are. Like most animals, they will do their best to keep away from us.",39.14,0.9333,0.0667,0.0,0.0,0.0667,107.31,1,0,1,39.14
4c18g,D:\Main_Project\Multimodal_NDD_Prediction\dyslexia_screening\data/mps/mps_dataset\audios\4c18g_EN-OL-RC-426_1.wav,4,"Bears are found in Europe, Asia, Africa and America. They have big bodies, with short tails and thick legs. Polar bears, which live in the coldest part of the world, usually eat fish and seals. When kept in cages or in zoos, bears like to eat meat, vegetables, milk and rice. Bears are not quite as dangerous as we think they are. Like most animals, they will do their best to keep away from us.",46.25,0.92,0.08,0.0,0.0,0.08,89.51,0,0,0,46.25
4c18g,D:\Main_Project\Multimodal_NDD_Prediction\dyslexia_screening\data/mps/mps_dataset\audios\4c18g_EN-OL-RC-426_2.wav,4,"In the colder parts of the world, bears hibernate from October to April. Before hibernating, they eat a lot of food and become fat. Although bears have very poor eyesight and hearing, they can smell very well and are very clever. At the zoo, you may have noticed how cleverly they beg for biscuits and nuts, by sitting up and holding out their paws.",47.81,0.8438,0.1562,0.0,0.0156,0.1562,67.77,0,0,0,47.81
4c20b,D:\Main_Project\Multimodal_NDD_Prediction\dyslexia_screening\data/mps/mps_dataset\audios\4c20b_EN-OL-RC-426_2.wav,4,"In the colder parts of the world, bears hibernate from October to April. Before hibernating, they eat a lot of food and become fat. Although bears have very poor eyesight and hearing, they can smell very well and are very clever. At the zoo, you may have noticed how cleverly they beg for biscuits and nuts, by sitting up and holding out their paws.",50.48,0.7969,0.2031,0.0,0.0156,0.2031,60.62,9,3,9,50.48
4c21g,D:\Main_Project\Multimodal_NDD_Prediction\dyslexia_screening\data/mps/mps_dataset\audios\4c21g_EN-OL-RC-426_2.wav,4,"In the colder parts of the world, bears hibernate from October to April. Before hibernating, they eat a lot of food and become fat. Although bears have very poor eyesight and hearing, they can smell very well and are very clever. At the zoo, you may have noticed how cleverly they beg for biscuits and nuts, by sitting up and holding out their paws.",45.53,0.875,0.125,0.0,0.0938,0.125,73.8,6,1,6,45.53
4c22b,D:\Main_Project\Multimodal_NDD_Prediction\dyslexia_screening\data/mps/mps_dataset\audios\4c22b_EN-OL-RC-426_1.wav,4,"Bears are found in Europe, Asia, Africa and America. They have big bodies, with short tails and thick legs. Polar bears, which live in the coldest part of the world, usually eat fish and seals. When kept in cages or in zoos, bears like to eat meat, vegetables, milk and rice. Bears are not quite as dangerous as we think they are. Like most animals, they will do their best to keep away from us.",47.39,0.92,0.08,0.0,0.0267,0.08,87.36,6,1,6,47.39
4c22g,D:\Main_Project\Multimodal_NDD_Prediction\dyslexia_screening\data/mps/mps_dataset\audios\4c22g_EN-OL-RC-426_1.wav,4,"Bears are found in Europe, Asia, Africa and America. They have big bodies, with short tails and thick legs. Polar bears, which live in the coldest part of the world, usually eat fish and seals. When kept in cages or in zoos, bears like to eat meat, vegetables, milk and rice. Bears are not quite as dangerous as we think they are. Like most animals, they will do their best to keep away from us.",38.57,0.9333,0.0667,0.0,0.0133,0.0667,108.89,0,0,0,38.57
4c22g,D:\Main_Project\Multimodal_NDD_Prediction\dyslexia_screening\data/mps/mps_dataset\audios\4c22g_EN-OL-RC-426_2.wav,4,"In the colder parts of the world, bears hibernate from October to April. Before hibernating, they eat a lot of food and become fat. Although bears have very poor eyesight and hearing, they can smell very well and are very clever. At the zoo, you may have noticed how cleverly they beg for biscuits and nuts, by sitting up and holding out their paws.",36.53,0.9062,0.0938,0.0,0.0312,0.0938,95.26,0,0,0,36.53
4c23b,D:\Main_Project\Multimodal_NDD_Prediction\dyslexia_screening\data/mps/mps_dataset\audios\4c23b_EN-OL-RC-426_1.wav,4,"Bears are found in Europe, Asia, Africa and America. They have big bodies, with short tails and thick legs. Polar bears, which live in the coldest part of the world, usually eat fish and seals. When kept in cages or in zoos, bears like to eat meat, vegetables, milk and rice. Bears are not quite as dangerous as we think they are. Like most animals, they will do their best to keep away from us.",36.67,0.9067,0.0933,0.0,0.0,0.0933,111.26,2,0,2,36.67
4c23b,D:\Main_Project\Multimodal_NDD_Prediction\dyslexia_screening\data/mps/mps_dataset\audios\4c23b_EN-OL-RC-426_2.wav,4,"In the colder parts of the world, bears hibernate from October to April. Before hibernating, they eat a lot of food and become fat. Although bears have very poor eyesight and hearing, they can smell very well and are very clever. At the zoo, you may have noticed how cleverly they beg for biscuits and nuts, by sitting up and holding out their paws.",36.32,0.9375,0.0625,0.0,0.0,0.0625,99.12,2,0,2,36.32
4c23g,D:\Main_Project\Multimodal_NDD_Prediction\dyslexia_screening\data/mps/mps_dataset\audios\4c23g_EN-OL-RC-426_2.wav,4,"In the colder parts of the world, bears hibernate from October to April. Before hibernating, they eat a lot of food and become fat. Although bears have very poor eyesight and hearing, they can smell very well and are very clever. At the zoo, you may have noticed how cleverly they beg for biscuits and nuts, by sitting up and holding out their paws.",33.5,0.9062,0.0938,0.0,0.0156,0.0938,103.88,0,0,0,33.5
4c27b,D:\Main_Project\Multimodal_NDD_Prediction\dyslexia_screening\data/mps/mps_dataset\audios\4c27b_EN-OL-RC-426_1.wav,4,"Bears are found in Europe, Asia, Africa and America. They have big bodies, with short tails and thick legs. Polar bears, which live in the coldest part of the world, usually eat fish and seals. When kept in cages or in zoos, bears like to eat meat, vegetables, milk and rice. Bears are not quite as dangerous as we think they are. Like most animals, they will do their best to keep away from us.",42.86,0.8267,0.1733,0.0,0.04,0.1733,86.79,4,0,4,42.86
4c27g,D:\Main_Project\Multimodal_NDD_Prediction\dyslexia_screening\data/mps/mps_dataset\audios\4c27g_EN-OL-RC-426_2.wav,4,"In the colder parts of the world, bears hibernate from October to April. Before hibernating, they eat a lot of food and become fat. Although bears have very poor eyesight and hearing, they can smell very well and are very clever. At the zoo, you may have noticed how cleverly they beg for biscuits and nuts, by sitting up and holding out their paws.",59.64,0.4219,0.2812,0.2969,0.0156,0.5781,27.16,0,0,0,59.64
4c28g,D:\Main_Project\Multimodal_NDD_Prediction\dyslexia_screening\data/mps/mps_dataset\audios\4c28g_EN-OL-RC-426_1.wav,4,"Bears are found in Europe, Asia, Africa and America. They have big bodies, with short tails and thick legs. Polar bears, which live in the coldest part of the world, usually eat fish and seals. When kept in cages or in zoos, bears like to eat meat, vegetables, milk and rice. Bears are not quite as dangerous as we think they are. Like most animals, they will do their best to keep away from us.",51.77,0.9067,0.08,0.0133,0.0267,0.0933,78.81,0,0,0,51.77
4c2b,D:\Main_Project\Multimodal_NDD_Prediction\dyslexia_screening\data/mps/mps_dataset\audios\4c2b_EN-OL-RC-426_1.wav,4,"Bears are found in Europe, Asia, Africa and America. They have big bodies, with short tails and thick legs. Polar bears, which live in the coldest part of the world, usually eat fish and seals. When kept in cages or in zoos, bears like to eat meat, vegetables, milk and rice. Bears are not quite as dangerous as we think they are. Like most animals, they will do their best to keep away from us.",56.69,0.84,0.16,0.0,0.0,0.16,66.68,10,1,10,56.69
4c30g,D:\Main_Project\Multimodal_NDD_Prediction\dyslexia_screening\data/mps/mps_dataset\audios\4c30g_EN-OL-RC-426_1.wav,4,"Bears are found in Europe, Asia, Africa and America. They have big bodies, with short tails and thick legs. Polar bears, which live in the coldest part of the world, usually eat fish and seals. When kept in cages or in zoos, bears like to eat meat, vegetables, milk and rice. Bears are not quite as dangerous as we think they are. Like most animals, they will do their best to keep away from us.",58.31,0.8933,0.1067,0.0,0.0533,0.1067,68.94,8,0,8,58.31
4c31a,D:\Main_Project\Multimodal_NDD_Prediction\dyslexia_screening\data/mps/mps_dataset\audios\4c31a_EN-OL-RC-426_1.wav,4,"Bears are found in Europe, Asia, Africa and America. They have big bodies, with short tails and thick legs. Polar bears, which live in the coldest part of the world, usually eat fish and seals. When kept in cages or in zoos, bears like to eat meat, vegetables, milk and rice. Bears are not quite as dangerous as we think they are. Like most animals, they will do their best to keep away from us.",41.24,0.96,0.04,0.0,0.0667,0.04,104.75,0,0,0,41.24
4c32g,D:\Main_Project\Multimodal_NDD_Prediction\dyslexia_screening\data/mps/mps_dataset\audios\4c32g_EN-OL-RC-426_2.wav,4,"In the colder parts of the world, bears hibernate from October to April. Before hibernating, they eat a lot of food and become fat. Although bears have very poor eyesight and hearing, they can smell very well and are very clever. At the zoo, you may have noticed how cleverly they beg for biscuits and nuts, by sitting up and holding out their paws.",60.23,0.875,0.1094,0.0156,0.0781,0.125,55.79,5,1,5,60.23
4c33b,D:\Main_Project\Multimodal_NDD_Prediction\dyslexia_screening\data/mps/mps_dataset\audios\4c33b_EN-OL-RC-426_1.wav,4,"Bears are found in Europe, Asia, Africa and America. They have big bodies, with short tails and thick legs. Polar bears, which live in the coldest part of the world, usually eat fish and seals. When kept in cages or in zoos, bears like to eat meat, vegetables, milk and rice. Bears are not quite as dangerous as we think they are. Like most animals, they will do their best to keep away from us.",41.96,0.8933,0.1067,0.0,0.0133,0.1067,95.81,6,0,6,41.96
4c33b,D:\Main_Project\Multimodal_NDD_Prediction\dyslexia_screening\data/mps/mps_dataset\audios\4c33b_EN-OL-RC-426_2.wav,4,"In the colder parts of the world, bears hibernate from October to April. Before hibernating, they eat a lot of food and become fat. Although bears have very poor eyesight and hearing, they can smell very well and are very clever. At the zoo, you may have noticed how cleverly they beg for biscuits and nuts, by sitting up and holding out their paws.",40.17,0.875,0.125,0.0,0.0312,0.125,83.64,8,0,8,40.17
4c33g,D:\Main_Project\Multimodal_NDD_Prediction\dyslexia_screening\data/mps/mps_dataset\audios\4c33g_EN-OL-RC-426_1.wav,4,"Bears are found in Europe, Asia, Africa and America. They have big bodies, with short tails and thick legs. Polar bears, which live in the coldest part of the world, usually eat fish and seals. When kept in cages or in zoos, bears like to eat meat, vegetables, milk and rice. Bears are not quite as dangerous as we think they are. Like most animals, they will do their best to keep away from us.",52.67,0.76,0.2133,0.0267,0.0267,0.24,64.93,4,0,4,52.67
4c33g,D:\Main_Project\Multimodal_NDD_Prediction\dyslexia_screening\data/mps/mps_dataset\audios\4c33g_EN-OL-RC-426_2.wav,4,"In the colder parts of the world, bears hibernate from October to April. Before hibernating, they eat a lot of food and become fat. Although bears have very poor eyesight and hearing, they can smell very well and are very clever. At the zoo, you may have noticed how cleverly they beg for biscuits and nuts, by sitting up and holding out their paws.",57.82,0.8438,0.125,0.0312,0.0781,0.1562,56.04,10,0,10,57.82
4c34b,D:\Main_Project\Multimodal_NDD_Prediction\dyslexia_screening\data/mps/mps_dataset\audios\4c34b_EN-OL-RC-426_1.wav,4,"Bears are found in Europe, Asia, Africa and America. They have big bodies, with short tails and thick legs. Polar bears, which live in the coldest part of the world, usually eat fish and seals. When kept in cages or in zoos, bears like to eat meat, vegetables, milk and rice. Bears are not quite as dangerous as we think they are. Like most animals, they will do their best to keep away from us.",48.11,0.8133,0.1467,0.04,0.08,0.1867,76.08,3,0,3,48.11
4c34g,D:\Main_Project\Multimodal_NDD_Prediction\dyslexia_screening\data/mps/mps_dataset\audios\4c34g_EN-OL-RC-426_1.wav,4,"Bears are found in Europe, Asia, Africa and America. They have big bodies, with short tails and thick legs. Polar bears, which live in the coldest part of the world, usually eat fish and seals. When kept in cages or in zoos, bears like to eat meat, vegetables, milk and rice. Bears are not quite as dangerous as we think they are. Like most animals, they will do their best to keep away from us.",47.87,0.8533,0.1467,0.0,0.0533,0.1467,80.22,0,0,0,47.87
4c35g,D:\Main_Project\Multimodal_NDD_Prediction\dyslexia_screening\data/mps/mps_dataset\audios\4c35g_EN-OL-RC-426_2.wav,4,"In the colder parts of the world, bears hibernate from October to April. Before hibernating, they eat a lot of food and become fat. Although bears have very poor eyesight and hearing, they can smell very well and are very clever. At the zoo, you may have noticed how cleverly they beg for biscuits and nuts, by sitting up and holding out their paws.",57.26,0.7344,0.2031,0.0625,0.0625,0.2656,49.25,20,4,20,57.26
4c36b,D:\Main_Project\Multimodal_NDD_Prediction\dyslexia_screening\data/mps/mps_dataset\audios\4c36b_EN-OL-RC-426_1.wav,4,"Bears are found in Europe, Asia, Africa and America. They have big bodies, with short tails and thick legs. Polar bears, which live in the coldest part of the world, usually eat fish and seals. When kept in cages or in zoos, bears like to eat meat, vegetables, milk and rice. Bears are not quite as dangerous as we think they are. Like most animals, they will do their best to keep away from us.",41.21,0.92,0.08,0.0,0.0267,0.08,100.46,0,0,0,41.21
4c36b,D:\Main_Project\Multimodal_NDD_Prediction\dyslexia_screening\data/mps/mps_dataset\audios\4c36b_EN-OL-RC-426_2.wav,4,"In the colder parts of the world, bears hibernate from October to April. Before hibernating, they eat a lot of food and become fat. Although bears have very poor eyesight and hearing, they can smell very well and are very clever. At the zoo, you may have noticed how cleverly they beg for biscuits and nuts, by sitting up and holding out their paws.",39.13,0.8906,0.1094,0.0,0.0156,0.1094,87.4,1,0,1,39.13
4c38a,D:\Main_Project\Multimodal_NDD_Prediction\dyslexia_screening\data/mps/mps_dataset\audios\4c38a_EN-OL-RC-426_1.wav,4,"Bears are found in Europe, Asia, Africa and America. They have big bodies, with short tails and thick legs. Polar bears, which live in the coldest part of the world, usually eat fish and seals. When kept in cages or in zoos, bears like to eat meat, vegetables, milk and rice. Bears are not quite as dangerous as we think they are. Like most animals, they will do their best to keep away from us.",50.33,0.8933,0.1067,0.0,0.04,0.1067,79.87,0,0,0,50.33
4c38a,D:\Main_Project\Multimodal_NDD_Prediction\dyslexia_screening\data/mps/mps_dataset\audios\4c38a_EN-OL-RC-426_2.wav,4,"In the colder parts of the world, bears hibernate from October to April. Before hibernating, they eat a lot of food and become fat. Although bears have very poor eyesight and hearing, they can smell very well and are very clever. At the zoo, you may have noticed how cleverly they beg for biscuits and nuts, by sitting up and holding out their paws.",57.47,0.9375,0.0625,0.0,0.0938,0.0625,62.64,4,0,4,57.47
4c39g,D:\Main_Project\Multimodal_NDD_Prediction\dyslexia_screening\data/mps/mps_dataset\audios\4c39g_EN-OL-RC-426_1.wav,4,"Bears are found in Europe, Asia, Africa and America. They have big bodies, with short tails and thick legs. Polar bears, which live in the coldest part of the world, usually eat fish and seals. When kept in cages or in zoos, bears like to eat meat, vegetables, milk and rice. Bears are not quite as dangerous as we think they are. Like most animals, they will do their best to keep away from us.",38.17,0.9733,0.0133,0.0133,0.0133,0.0267,114.75,0,0,0,38.17
4c39g,D:\Main_Project\Multimodal_NDD_Prediction\dyslexia_screening\data/mps/mps_dataset\audios\4c39g_EN-OL-RC-426_2.wav,4,"In the colder parts of the world, bears hibernate from October to April. Before hibernating, they eat a lot of food and become fat. Although bears have very poor eyesight and hearing, they can smell very well and are very clever. At the zoo, you may have noticed how cleverly they beg for biscuits and nuts, by sitting up and holding out their paws.",34.43,0.9219,0.0781,0.0,0.0156,0.0781,102.82,0,0,0,34.43
4c3b,D:\Main_Project\Multimodal_NDD_Prediction\dyslexia_screening\data/mps/mps_dataset\audios\4c3b_EN-OL-RC-426_1.wav,4,"Bears are found in Europe, Asia, Africa and America. They have big bodies, with short tails and thick legs. Polar bears, which live in the coldest part of the world, usually eat fish and seals. When kept in cages or in zoos, bears like to eat meat, vegetables, milk and rice. Bears are not quite as dangerous as we think they are. Like most animals, they will do their best to keep away from us.",54.37,0.7867,0.2133,0.0,0.0267,0.2133,65.11,18,2,18,54.37
4c3g,D:\Main_Project\Multimodal_NDD_Prediction\dyslexia_screening\data/mps/mps_dataset\audios\4c3g_EN-OL-RC-426_2.wav,4,"In the colder parts of the world, bears hibernate from October to April. Before hibernating, they eat a lot of food and become fat. Although bears have very poor eyesight and hearing, they can smell very well and are very clever. At the zoo, you may have noticed how cleverly they beg for biscuits and nuts, by sitting up and holding out their paws.",41.33,0.8125,0.1562,0.0312,0.0156,0.1875,75.49,1,0,1,41.33
4c41b,D:\Main_Project\Multimodal_NDD_Prediction\dyslexia_screening\data/mps/mps_dataset\audios\4c41b_EN-OL-RC-426_2.wav,4,"In the colder parts of the world, bears hibernate from October to April. Before hibernating, they eat a lot of food and become fat. Although bears have very poor eyesight and hearing, they can smell very well and are very clever. At the zoo, you may have noticed how cleverly they beg for biscuits and nuts, by sitting up and holding out their paws.",46.2,0.7656,0.2344,0.0,0.0938,0.2344,63.64,1,1,1,46.2
4c41g,D:\Main_Project\Multimodal_NDD_Prediction\dyslexia_screening\data/mps/mps_dataset\audios\4c41g_EN-OL-RC-426_2.wav,4,"In the colder parts of the world, bears hibernate from October to April. Before hibernating, they eat a lot of food and become fat. Although bears have very poor eyesight and hearing, they can smell very well and are very clever. At the zoo, you may have noticed how cleverly they beg for biscuits and nuts, by sitting up and holding out their paws.",41.12,0.8594,0.1406,0.0,0.0156,0.1406,80.25,1,0,1,41.12
4c42b,D:\Main_Project\Multimodal_NDD_Prediction\dyslexia_screening\data/mps/mps_dataset\audios\4c42b_EN-OL-RC-426_1.wav,4,"Bears are found in Europe, Asia, Africa and America. They have big bodies, with short tails and thick legs. Polar bears, which live in the coldest part of the world, usually eat fish and seals. When kept in cages or in zoos, bears like to eat meat, vegetables, milk and rice. Bears are not quite as dangerous as we think they are. Like most animals, they will do their best to keep away from us.",60.84,0.8267,0.16,0.0133,0.0533,0.1733,61.14,4,0,4,60.84
4c43b,D:\Main_Project\Multimodal_NDD_Prediction\dyslexia_screening\data/mps/mps_dataset\audios\4c43b_EN-OL-RC-426_1.wav,4,"Bears are found in Europe, Asia, Africa and America. They have big bodies, with short tails and thick legs. Polar bears, which live in the coldest part of the world, usually eat fish and seals. When kept in cages or in zoos, bears like to eat meat, vegetables, milk and rice. Bears are not quite as dangerous as we think they are. Like most animals, they will do their best to keep away from us.",42.59,0.9333,0.0667,0.0,0.0,0.0667,98.61,2,0,2,42.59
4c43b,D:\Main_Project\Multimodal_NDD_Prediction\dyslexia_screening\data/mps/mps_dataset\audios\4c43b_EN-OL-RC-426_2.wav,4,"In the colder parts of the world, bears hibernate from October to April. Before hibernating, they eat a lot of food and become fat. Although bears have very poor eyesight and hearing, they can smell very well and are very clever. At the zoo, you may have noticed how cleverly they beg for biscuits and nuts, by sitting up and holding out their paws.",46.82,0.9219,0.0781,0.0,0.0156,0.0781,75.61,4,0,4,46.82
4c44g,D:\Main_Project\Multimodal_NDD_Prediction\dyslexia_screening\data/mps/mps_dataset\audios\4c44g_EN-OL-RC-426_1.wav,4,"Bears are found in Europe, Asia, Africa and America. They have big bodies, with short tails and thick legs. Polar bears, which live in the coldest part of the world, usually eat fish and seals. When kept in cages or in zoos, bears like to eat meat, vegetables, milk and rice. Bears are not quite as dangerous as we think they are. Like most animals, they will do their best to keep away from us.",54.26,0.88,0.12,0.0,0.0667,0.12,72.98,0,0,0,54.26
4c44g,D:\Main_Project\Multimodal_NDD_Prediction\dyslexia_screening\data/mps/mps_dataset\audios\4c44g_EN-OL-RC-426_2.wav,4,"In the colder parts of the world, bears hibernate from October to April. Before hibernating, they eat a lot of food and become fat. Although bears have very poor eyesight and hearing, they can smell very well and are very clever. At the zoo, you may have noticed how cleverly they beg for biscuits and nuts, by sitting up and holding out their paws.",52.73,0.8906,0.1094,0.0,0.0312,0.1094,64.86,1,0,1,52.73
4c45g,D:\Main_Project\Multimodal_NDD_Prediction\dyslexia_screening\data/mps/mps_dataset\audios\4c45g_EN-OL-RC-426_2.wav,4,"In the colder parts of the world, bears hibernate from October to April. Before hibernating, they eat a lot of food and become fat. Although bears have very poor eyesight and hearing, they can smell very well and are very clever. At the zoo, you may have noticed how cleverly they beg for biscuits and nuts, by sitting up and holding out their paws.",50.42,0.8906,0.1094,0.0,0.0781,0.1094,67.83,2,0,2,50.42
4c46b,D:\Main_Project\Multimodal_NDD_Prediction\dyslexia_screening\data/mps/mps_dataset\audios\4c46b_EN-OL-RC-426_1.wav,4,"Bears are found in Europe, Asia, Africa and America. They have big bodies, with short tails and thick legs. Polar bears, which live in the coldest part of the world, usually eat fish and seals. When kept in cages or in zoos, bears like to eat meat, vegetables, milk and rice. Bears are not quite as dangerous as we think they are. Like most animals, they will do their best to keep away from us.",56.24,0.88,0.12,0.0,0.0267,0.12,70.41,15,0,15,56.24
4c46b,D:\Main_Project\Multimodal_NDD_Prediction\dyslexia_screening\data/mps/mps_dataset\audios\4c46b_EN-OL-RC-426_2.wav,4,"In the colder parts of the world, bears hibernate from October to April. Before hibernating, they eat a lot of food and become fat. Although bears have very poor eyesight and hearing, they can smell very well and are very clever. At the zoo, you may have noticed how cleverly they beg for biscuits and nuts, by sitting up and holding out their paws.",58.85,0.875,0.125,0.0,0.0625,0.125,57.09,16,4,16,58.85
4c48g,D:\Main_Project\Multimodal_NDD_Prediction\dyslexia_screening\data/mps/mps_dataset\audios\4c48g_EN-OL-RC-426_2.wav,4,"In the colder parts of the world, bears hibernate from October to April. Before hibernating, they eat a lot of food and become fat. Although bears have very poor eyesight and hearing, they can smell very well and are very clever. At the zoo, you may have noticed how cleverly they beg for biscuits and nuts, by sitting up and holding out their paws.",40.67,0.7812,0.1562,0.0625,0.0,0.2188,73.76,1,0,1,40.67
4c4g,D:\Main_Project\Multimodal_NDD_Prediction\dyslexia_screening\data/mps/mps_dataset\audios\4c4g_EN-OL-RC-426_1.wav,4,"Bears are found in Europe, Asia, Africa and America. They have big bodies, with short tails and thick legs. Polar bears, which live in the coldest part of the world, usually eat fish and seals. When kept in cages or in zoos, bears like to eat meat, vegetables, milk and rice. Bears are not quite as dangerous as we think they are. Like most animals, they will do their best to keep away from us.",41.66,0.8933,0.1067,0.0,0.0267,0.1067,96.5,1,0,1,41.66
4c4g,D:\Main_Project\Multimodal_NDD_Prediction\dyslexia_screening\data/mps/mps_dataset\audios\4c4g_EN-OL-RC-426_2.wav,4,"In the colder parts of the world, bears hibernate from October to April. Before hibernating, they eat a lot of food and become fat. Although bears have very poor eyesight and hearing, they can smell very well and are very clever. At the zoo, you may have noticed how cleverly they beg for biscuits and nuts, by sitting up and holding out their paws.",41.33,0.8906,0.1094,0.0,0.0469,0.1094,82.75,0,0,0,41.33
4c50g,D:\Main_Project\Multimodal_NDD_Prediction\dyslexia_screening\data/mps/mps_dataset\audios\4c50g_EN-OL-RC-426_1.wav,4,"Bears are found in Europe, Asia, Africa and America. They have big bodies, with short tails and thick legs. Polar bears, which live in the coldest part of the world, usually eat fish and seals. When kept in cages or in zoos, bears like to eat meat, vegetables, milk and rice. Bears are not quite as dangerous as we think they are. Like most animals, they will do their best to keep away from us.",52.61,0.76,0.24,0.0,0.08,0.24,65.01,0,0,0,52.61
4c50g,D:\Main_Project\Multimodal_NDD_Prediction\dyslexia_screening\data/mps/mps_dataset\audios\4c50g_EN-OL-RC-426_2.wav,4,"In the colder parts of the world, bears hibernate from October to April. Before hibernating, they eat a lot of food and become fat. Although bears have very poor eyesight and hearing, they can smell very well and are very clever. At the zoo, you may have noticed how cleverly they beg for biscuits and nuts, by sitting up and holding out their paws.",47.5,0.7812,0.2031,0.0156,0.1875,0.2188,63.16,0,0,0,47.5
4c6b,D:\Main_Project\Multimodal_NDD_Prediction\dyslexia_screening\data/mps/mps_dataset\audios\4c6b_EN-OL-RC-426_1.wav,4,"Bears are found in Europe, Asia, Africa and America. They have big bodies, with short tails and thick legs. Polar bears, which live in the coldest part of the world, usually eat fish and seals. When kept in cages or in zoos, bears like to eat meat, vegetables, milk and rice. Bears are not quite as dangerous as we think they are. Like most animals, they will do their best to keep away from us.",58.58,0.9067,0.0933,0.0,0.0267,0.0933,69.65,16,2,16,58.58
4c6g,D:\Main_Project\Multimodal_NDD_Prediction\dyslexia_screening\data/mps/mps_dataset\audios\4c6g_EN-OL-RC-426_1.wav,4,"Bears are found in Europe, Asia, Africa and America. They have big bodies, with short tails and thick legs. Polar bears, which live in the coldest part of the world, usually eat fish and seals. When kept in cages or in zoos, bears like to eat meat, vegetables, milk and rice. Bears are not quite as dangerous as we think they are. Like most animals, they will do their best to keep away from us.",45.5,0.8933,0.1067,0.0,0.0533,0.1067,88.35,4,0,4,45.5
4c8a,D:\Main_Project\Multimodal_NDD_Prediction\dyslexia_screening\data/mps/mps_dataset\audios\4c8a_EN-OL-RC-426_1.wav,4,"Bears are found in Europe, Asia, Africa and America. They have big bodies, with short tails and thick legs. Polar bears, which live in the coldest part of the world, usually eat fish and seals. When kept in cages or in zoos, bears like to eat meat, vegetables, milk and rice. Bears are not quite as dangerous as we think they are. Like most animals, they will do their best to keep away from us.",60.89,0.7733,0.16,0.0667,0.0267,0.2267,57.15,2,1,2,60.89
4c8a,D:\Main_Project\Multimodal_NDD_Prediction\dyslexia_screening\data/mps/mps_dataset\audios\4c8a_EN-OL-RC-426_2.wav,4,"In the colder parts of the world, bears hibernate from October to April. Before hibernating, they eat a lot of food and become fat. Although bears have very poor eyesight and hearing, they can smell very well and are very clever. At the zoo, you may have noticed how cleverly they beg for biscuits and nuts, by sitting up and holding out their paws.",46.34,0.8125,0.1875,0.0,0.0625,0.1875,67.33,0,0,0,46.34
4c9a,D:\Main_Project\Multimodal_NDD_Prediction\dyslexia_screening\data/mps/mps_dataset\audios\4c9a_EN-OL-RC-426_1.wav,4,"Bears are found in Europe, Asia, Africa and America. They have big bodies, with short tails and thick legs. Polar bears, which live in the coldest part of the world, usually eat fish and seals. When kept in cages or in zoos, bears like to eat meat, vegetables, milk and rice. Bears are not quite as dangerous as we think they are. Like most animals, they will do their best to keep away from us.",52.67,0.7467,0.24,0.0133,0.0,0.2533,63.79,12,1,12,52.67
4c9a,D:\Main_Project\Multimodal_NDD_Prediction\dyslexia_screening\data/mps/mps_dataset\audios\4c9a_EN-OL-RC-426_2.wav,4,"In the colder parts of the world, bears hibernate from October to April. Before hibernating, they eat a lot of food and become fat. Although bears have very poor eyesight and hearing, they can smell very well and are very clever. At the zoo, you may have noticed how cleverly they beg for biscuits and nuts, by sitting up and holding out their paws.",46.19,0.7969,0.2031,0.0,0.0156,0.2031,66.25,5,1,5,46.19
4c9b,D:\Main_Project\Multimodal_NDD_Prediction\dyslexia_screening\data/mps/mps_dataset\audios\4c9b_EN-OL-RC-426_1.wav,4,"Bears are found in Europe, Asia, Africa and America. They have big bodies, with short tails and thick legs. Polar bears, which live in the coldest part of the world, usually eat fish and seals. When kept in cages or in zoos, bears like to eat meat, vegetables, milk and rice. Bears are not quite as dangerous as we think they are. Like most animals, they will do their best to keep away from us.",53.63,0.8533,0.1333,0.0133,0.0,0.1467,71.6,11,1,11,53.63
4c9b,D:\Main_Project\Multimodal_NDD_Prediction\dyslexia_screening\data/mps/mps_dataset\audios\4c9b_EN-OL-RC-426_2.wav,4,"In the colder parts of the world, bears hibernate from October to April. Before hibernating, they eat a lot of food and become fat. Although bears have very poor eyesight and hearing, they can smell very well and are very clever. At the zoo, you may have noticed how cleverly they beg for biscuits and nuts, by sitting up and holding out their paws.",54.2,0.8594,0.1406,0.0,0.0469,0.1406,60.89,7,3,7,54.2
4d13g,D:\Main_Project\Multimodal_NDD_Prediction\dyslexia_screening\data/mps/mps_dataset\audios\4d13g_EN-OL-RC-426_1.wav,4,"Bears are found in Europe, Asia, Africa and America. They have big bodies, with short tails and thick legs. Polar bears, which live in the coldest part of the world, usually eat fish and seals. When kept in cages or in zoos, bears like to eat meat, vegetables, milk and rice. Bears are not quite as dangerous as we think they are. Like most animals, they will do their best to keep away from us.",28.22,0.9867,0.0133,0.0,0.0133,0.0133,157.34,0,0,0,28.22
4d15g,D:\Main_Project\Multimodal_NDD_Prediction\dyslexia_screening\data/mps/mps_dataset\audios\4d15g_EN-OL-RC-426_1.wav,4,"Bears are found in Europe, Asia, Africa and America. They have big bodies, with short tails and thick legs. Polar bears, which live in the coldest part of the world, usually eat fish and seals. When kept in cages or in zoos, bears like to eat meat, vegetables, milk and rice. Bears are not quite as dangerous as we think they are. Like most animals, they will do their best to keep away from us.",50.81,0.9067,0.08,0.0133,0.0533,0.0933,80.3,0,0,0,50.81
4d15g,D:\Main_Project\Multimodal_NDD_Prediction\dyslexia_screening\data/mps/mps_dataset\audios\4d15g_EN-OL-RC-426_2.wav,4,"In the colder parts of the world, bears hibernate from October to April. Before hibernating, they eat a lot of food and become fat. Although bears have very poor eyesight and hearing, they can smell very well and are very clever. At the zoo, you may have noticed how cleverly they beg for biscuits and nuts, by sitting up and holding out their paws.",44.39,0.875,0.1094,0.0156,0.0156,0.125,75.69,0,0,0,44.39
4d16c,D:\Main_Project\Multimodal_NDD_Prediction\dyslexia_screening\data/mps/mps_dataset\audios\4d16c_EN-OL-RC-426_1.wav,4,"Bears are found in Europe, Asia, Africa and America. They have big bodies, with short tails and thick legs. Polar bears, which live in the coldest part of the world, usually eat fish and seals. When kept in cages or in zoos, bears like to eat meat, vegetables, milk and rice. Bears are not quite as dangerous as we think they are. Like most animals, they will do their best to keep away from us.",34.93,0.9067,0.0933,0.0,0.0,0.0933,116.81,0,0,0,34.93
4d16c,D:\Main_Project\Multimodal_NDD_Prediction\dyslexia_screening\data/mps/mps_dataset\audios\4d16c_EN-OL-RC-426_2.wav,4,"In the colder parts of the world, bears hibernate from October to April. Before hibernating, they eat a lot of food and become fat. Although bears have very poor eyesight and hearing, they can smell very well and are very clever. At the zoo, you may have noticed how cleverly they beg for biscuits and nuts, by sitting up and holding out their paws.",36.82,0.8594,0.1406,0.0,0.0312,0.1406,89.63,0,0,0,36.82
4d16g,D:\Main_Project\Multimodal_NDD_Prediction\dyslexia_screening\data/mps/mps_dataset\audios\4d16g_EN-OL-RC-426_1.wav,4,"Bears are found in Europe, Asia, Africa and America. They have big bodies, with short tails and thick legs. Polar bears, which live in the coldest part of the world, usually eat fish and seals. When kept in cages or in zoos, bears like to eat meat, vegetables, milk and rice. Bears are not quite as dangerous as we think they are. Like most animals, they will do their best to keep away from us.",58.85,0.9333,0.0667,0.0,0.0,0.0667,71.37,0,0,0,58.85
4d16g,D:\Main_Project\Multimodal_NDD_Prediction\dyslexia_screening\data/mps/mps_dataset\audios\4d16g_EN-OL-RC-426_2.wav,4,"In the colder parts of the world, bears hibernate from October to April. Before hibernating, they eat a lot of food and become fat. Although bears have very poor eyesight and hearing, they can smell very well and are very clever. At the zoo, you may have noticed how cleverly they beg for biscuits and nuts, by sitting up and holding out their paws.",53.42,0.9062,0.0938,0.0,0.0469,0.0938,65.14,0,0,0,53.42
4d21c,D:\Main_Project\Multimodal_NDD_Prediction\dyslexia_screening\data/mps/mps_dataset\audios\4d21c_EN-OL-RC-426_2.wav,4,"In the colder parts of the world, bears hibernate from October to April. Before hibernating, they eat a lot of food and become fat. Although bears have very poor eyesight and hearing, they can smell very well and are very clever. At the zoo, you may have noticed how cleverly they beg for biscuits and nuts, by sitting up and holding out their paws.",37.22,0.9062,0.0938,0.0,0.0312,0.0938,93.5,0,0,0,37.22
4d23c,D:\Main_Project\Multimodal_NDD_Prediction\dyslexia_screening\data/mps/mps_dataset\audios\4d23c_EN-OL-RC-426_2.wav,4,"In the colder parts of the world, bears hibernate from October to April. Before hibernating, they eat a lot of food and become fat. Although bears have very poor eyesight and hearing, they can smell very well and are very clever. At the zoo, you may have noticed how cleverly they beg for biscuits and nuts, by sitting up and holding out their paws.",51.2,0.875,0.125,0.0,0.0312,0.125,65.62,0,0,0,51.2
4d25c,D:\Main_Project\Multimodal_NDD_Prediction\dyslexia_screening\data/mps/mps_dataset\audios\4d25c_EN-OL-RC-426_1.wav,4,"Bears are found in Europe, Asia, Africa and America. They have big bodies, with short tails and thick legs. Polar bears, which live in the coldest part of the world, usually eat fish and seals. When kept in cages or in zoos, bears like to eat meat, vegetables, milk and rice. Bears are not quite as dangerous as we think they are. Like most animals, they will do their best to keep away from us.",59.98,0.9067,0.0933,0.0,0.0533,0.0933,68.02,0,0,0,59.98
4d25g,D:\Main_Project\Multimodal_NDD_Prediction\dyslexia_screening\data/mps/mps_dataset\audios\4d25g_EN-OL-RC-426_1.wav,4,"Bears are found in Europe, Asia, Africa and America. They have big bodies, with short tails and thick legs. Polar bears, which live in the coldest part of the world, usually eat fish and seals. When kept in cages or in zoos, bears like to eat meat, vegetables, milk and rice. Bears are not quite as dangerous as we think they are. Like most animals, they will do their best to keep away from us.",61.22,0.8933,0.0667,0.04,0.04,0.1067,65.66,0,0,0,61.22
4d25g,D:\Main_Project\Multimodal_NDD_Prediction\dyslexia_screening\data/mps/mps_dataset\audios\4d25g_EN-OL-RC-426_2.wav,4,"In the colder parts of the world, bears hibernate from October to April. Before hibernating, they eat a lot of food and become fat. Although bears have very poor eyesight and hearing, they can smell very well and are very clever. At the zoo, you may have noticed how cleverly they beg for biscuits and nuts, by sitting up and holding out their paws.",54.07,0.8906,0.1094,0.0,0.0781,0.1094,63.25,0,0,0,54.07
4d29c,D:\Main_Project\Multimodal_NDD_Prediction\dyslexia_screening\data/mps/mps_dataset\audios\4d29c_EN-OL-RC-426_1.wav,4,"Bears are found in Europe, Asia, Africa and America. They have big bodies, with short tails and thick legs. Polar bears, which live in the coldest part of the world, usually eat fish and seals. When kept in cages or in zoos, bears like to eat meat, vegetables, milk and rice. Bears are not quite as dangerous as we think they are. Like most animals, they will do their best to keep away from us.",43.91,0.9733,0.0133,0.0133,0.0,0.0267,99.75,0,0,0,43.91
4d29c,D:\Main_Project\Multimodal_NDD_Prediction\dyslexia_screening\data/mps/mps_dataset\audios\4d29c_EN-OL-RC-426_2.wav,4,"In the colder parts of the world, bears hibernate from October to April. Before hibernating, they eat a lot of food and become fat. Although bears have very poor eyesight and hearing, they can smell very well and are very clever. At the zoo, you may have noticed how cleverly they beg for biscuits and nuts, by sitting up and holding out their paws.",34.46,0.9375,0.0469,0.0156,0.0,0.0625,104.47,0,0,0,34.46
4d2c,D:\Main_Project\Multimodal_NDD_Prediction\dyslexia_screening\data/mps/mps_dataset\audios\4d2c_EN-OL-RC-426_2.wav,4,"In the colder parts of the world, bears hibernate from October to April. Before hibernating, they eat a lot of food and become fat. Although bears have very poor eyesight and hearing, they can smell very well and are very clever. At the zoo, you may have noticed how cleverly they beg for biscuits and nuts, by sitting up and holding out their paws.",48.92,0.8906,0.1094,0.0,0.0625,0.1094,69.91,0,0,0,48.92
4d30c,D:\Main_Project\Multimodal_NDD_Prediction\dyslexia_screening\data/mps/mps_dataset\audios\4d30c_EN-OL-RC-426_1.wav,4,"Bears are found in Europe, Asia, Africa and America. They have big bodies, with short tails and thick legs. Polar bears, which live in the coldest part of the world, usually eat fish and seals. When kept in cages or in zoos, bears like to eat meat, vegetables, milk and rice. Bears are not quite as dangerous as we think they are. Like most animals, they will do their best to keep away from us.",48.41,0.8533,0.1467,0.0,0.0,0.1467,79.32,0,0,0,48.41
4d30c,D:\Main_Project\Multimodal_NDD_Prediction\dyslexia_screening\data/mps/mps_dataset\audios\4d30c_EN-OL-RC-426_2.wav,4,"In the colder parts of the world, bears hibernate from October to April. Before hibernating, they eat a lot of food and become fat. Although bears have very poor eyesight and hearing, they can smell very well and are very clever. At the zoo, you may have noticed how cleverly they beg for biscuits and nuts, by sitting up and holding out their paws.",44.48,0.8438,0.1562,0.0,0.0156,0.1562,72.84,0,0,0,44.48
4d32c,D:\Main_Project\Multimodal_NDD_Prediction\dyslexia_screening\data/mps/mps_dataset\audios\4d32c_EN-OL-RC-426_1.wav,4,"Bears are found in Europe, Asia, Africa and America. They have big bodies, with short tails and thick legs. Polar bears, which live in the coldest part of the world, usually eat fish and seals. When kept in cages or in zoos, bears like to eat meat, vegetables, milk and rice. Bears are not quite as dangerous as we think they are. Like most animals, they will do their best to keep away from us.",37.7,1.0,0.0,0.0,0.0267,0.0,119.36,0,0,0,37.7
4d34c,D:\Main_Project\Multimodal_NDD_Prediction\dyslexia_screening\data/mps/mps_dataset\audios\4d34c_EN-OL-RC-426_1.wav,4,"Bears are found in Europe, Asia, Africa and America. They have big bodies, with short tails and thick legs. Polar bears, which live in the coldest part of the world, usually eat fish and seals. When kept in cages or in zoos, bears like to eat meat, vegetables, milk and rice. Bears are not quite as dangerous as we think they are. Like most animals, they will do their best to keep away from us.",43.57,0.9067,0.0667,0.0267,0.0533,0.0933,93.64,0,0,0,43.57
4d34g,D:\Main_Project\Multimodal_NDD_Prediction\dyslexia_screening\data/mps/mps_dataset\audios\4d34g_EN-OL-RC-426_2.wav,4,"In the colder parts of the world, bears hibernate from October to April. Before hibernating, they eat a lot of food and become fat. Although bears have very poor eyesight and hearing, they can smell very well and are very clever. At the zoo, you may have noticed how cleverly they beg for biscuits and nuts, by sitting up and holding out their paws.",54.5,0.7344,0.1562,0.1094,0.0,0.2656,51.74,0,0,0,54.5
4d35g,D:\Main_Project\Multimodal_NDD_Prediction\dyslexia_screening\data/mps/mps_dataset\audios\4d35g_EN-OL-RC-426_1.wav,4,"Bears are found in Europe, Asia, Africa and America. They have big bodies, with short tails and thick legs. Polar bears, which live in the coldest part of the world, usually eat fish and seals. When kept in cages or in zoos, bears like to eat meat, vegetables, milk and rice. Bears are not quite as dangerous as we think they are. Like most animals, they will do their best to keep away from us.",45.52,0.9067,0.08,0.0133,0.0133,0.0933,89.63,0,0,0,45.52
4d35g,D:\Main_Project\Multimodal_NDD_Prediction\dyslexia_screening\data/mps/mps_dataset\audios\4d35g_EN-OL-RC-426_2.wav,4,"In the colder parts of the world, bears hibernate from October to April. Before hibernating, they eat a lot of food and become fat. Although bears have very poor eyesight and hearing, they can smell very well and are very clever. At the zoo, you may have noticed how cleverly they beg for biscuits and nuts, by sitting up and holding out their paws.",47.39,0.8281,0.125,0.0469,0.0781,0.1719,67.1,0,0,0,47.39
4d36c,D:\Main_Project\Multimodal_NDD_Prediction\dyslexia_screening\data/mps/mps_dataset\audios\4d36c_EN-OL-RC-426_1.wav,4,"Bears are found in Europe, Asia, Africa and America. They have big bodies, with short tails and thick legs. Polar bears, which live in the coldest part of the world, usually eat fish and seals. When kept in cages or in zoos, bears like to eat meat, vegetables, milk and rice. Bears are not quite as dangerous as we think they are. Like most animals, they will do their best to keep away from us.",57.56,0.9733,0.0267,0.0,0.04,0.0267,76.09,0,0,0,57.56
4d36g,D:\Main_Project\Multimodal_NDD_Prediction\dyslexia_screening\data/mps/mps_dataset\audios\4d36g_EN-OL-RC-426_1.wav,4,"Bears are found in Europe, Asia, Africa and America. They have big bodies, with short tails and thick legs. Polar bears, which live in the coldest part of the world, usually eat fish and seals. When kept in cages or in zoos, bears like to eat meat, vegetables, milk and rice. Bears are not quite as dangerous as we think they are. Like most animals, they will do their best to keep away from us.",59.34,0.8267,0.16,0.0133,0.0267,0.1733,62.69,0,0,0,59.34
4d37g,D:\Main_Project\Multimodal_NDD_Prediction\dyslexia_screening\data/mps/mps_dataset\audios\4d37g_EN-OL-RC-426_1.wav,4,"Bears are found in Europe, Asia, Africa and America. They have big bodies, with short tails and thick legs. Polar bears, which live in the coldest part of the world, usually eat fish and seals. When kept in cages or in zoos, bears like to eat meat, vegetables, milk and rice. Bears are not quite as dangerous as we think they are. Like most animals, they will do their best to keep away from us.",40.13,0.9467,0.0533,0.0,0.0133,0.0533,106.15,0,0,0,40.13
4d37g,D:\Main_Project\Multimodal_NDD_Prediction\dyslexia_screening\data/mps/mps_dataset\audios\4d37g_EN-OL-RC-426_2.wav,4,"In the colder parts of the world, bears hibernate from October to April. Before hibernating, they eat a lot of food and become fat. Although bears have very poor eyesight and hearing, they can smell very well and are very clever. At the zoo, you may have noticed how cleverly they beg for biscuits and nuts, by sitting up and holding out their paws.",35.12,0.8906,0.1094,0.0,0.0625,0.1094,97.38,0,0,0,35.12
4d38g,D:\Main_Project\Multimodal_NDD_Prediction\dyslexia_screening\data/mps/mps_dataset\audios\4d38g_EN-OL-RC-426_1.wav,4,"Bears are found in Europe, Asia, Africa and America. They have big bodies, with short tails and thick legs. Polar bears, which live in the coldest part of the world, usually eat fish and seals. When kept in cages or in zoos, bears like to eat meat, vegetables, milk and rice. Bears are not quite as dangerous as we think they are. Like most animals, they will do their best to keep away from us.",54.26,0.8,0.2,0.0,0.04,0.2,66.35,0,0,0,54.26
4d3c,D:\Main_Project\Multimodal_NDD_Prediction\dyslexia_screening\data/mps/mps_dataset\audios\4d3c_EN-OL-RC-426_1.wav,4,"Bears are found in Europe, Asia, Africa and America. They have big bodies, with short tails and thick legs. Polar bears, which live in the coldest part of the world, usually eat fish and seals. When kept in cages or in zoos, bears like to eat meat, vegetables, milk and rice. Bears are not quite as dangerous as we think they are. Like most animals, they will do their best to keep away from us.",41.12,0.96,0.0267,0.0133,0.0133,0.04,105.06,0,0,0,41.12
4d3c,D:\Main_Project\Multimodal_NDD_Prediction\dyslexia_screening\data/mps/mps_dataset\audios\4d3c_EN-OL-RC-426_2.wav,4,"In the colder parts of the world, bears hibernate from October to April. Before hibernating, they eat a lot of food and become fat. Although bears have very poor eyesight and hearing, they can smell very well and are very clever. At the zoo, you may have noticed how cleverly they beg for biscuits and nuts, by sitting up and holding out their paws.",34.24,0.9062,0.0938,0.0,0.0,0.0938,101.64,0,0,0,34.24
4d40c,D:\Main_Project\Multimodal_NDD_Prediction\dyslexia_screening\data/mps/mps_dataset\audios\4d40c_EN-OL-RC-426_1.wav,4,"Bears are found in Europe, Asia, Africa and America. They have big bodies, with short tails and thick legs. Polar bears, which live in the coldest part of the world, usually eat fish and seals. When kept in cages or in zoos, bears like to eat meat, vegetables, milk and rice. Bears are not quite as dangerous as we think they are. Like most animals, they will do their best to keep away from us.",41.44,1.0,0.0,0.0,0.0,0.0,108.59,0,0,0,41.44
4d42c,D:\Main_Project\Multimodal_NDD_Prediction\dyslexia_screening\data/mps/mps_dataset\audios\4d42c_EN-OL-RC-426_1.wav,4,"Bears are found in Europe, Asia, Africa and America. They have big bodies, with short tails and thick legs. Polar bears, which live in the coldest part of the world, usually eat fish and seals. When kept in cages or in zoos, bears like to eat meat, vegetables, milk and rice. Bears are not quite as dangerous as we think they are. Like most animals, they will do their best to keep away from us.",34.8,0.8,0.2,0.0,0.0,0.2,103.45,0,0,0,34.8
4d42c,D:\Main_Project\Multimodal_NDD_Prediction\dyslexia_screening\data/mps/mps_dataset\audios\4d42c_EN-OL-RC-426_2.wav,4,"In the colder parts of the world, bears hibernate from October to April. Before hibernating, they eat a lot of food and become fat. Although bears have very poor eyesight and hearing, they can smell very well and are very clever. At the zoo, you may have noticed how cleverly they beg for biscuits and nuts, by sitting up and holding out their paws.",34.64,0.7812,0.2188,0.0,0.0156,0.2188,86.61,0,0,0,34.64
4d42g,D:\Main_Project\Multimodal_NDD_Prediction\dyslexia_screening\data/mps/mps_dataset\audios\4d42g_EN-OL-RC-426_1.wav,4,"Bears are found in Europe, Asia, Africa and America. They have big bodies, with short tails and thick legs. Polar bears, which live in the coldest part of the world, usually eat fish and seals. When kept in cages or in zoos, bears like to eat meat, vegetables, milk and rice. Bears are not quite as dangerous as we think they are. Like most animals, they will do their best to keep away from us.",49.22,0.96,0.04,0.0,0.0133,0.04,87.77,0,0,0,49.22
4d42g,D:\Main_Project\Multimodal_NDD_Prediction\dyslexia_screening\data/mps/mps_dataset\audios\4d42g_EN-OL-RC-426_2.wav,4,"In the colder parts of the world, bears hibernate from October to April. Before hibernating, they eat a lot of food and become fat. Although bears have very poor eyesight and hearing, they can smell very well and are very clever. At the zoo, you may have noticed how cleverly they beg for biscuits and nuts, by sitting up and holding out their paws.",46.0,0.9219,0.0625,0.0156,0.0,0.0781,76.96,0,0,0,46.0
4d43g,D:\Main_Project\Multimodal_NDD_Prediction\dyslexia_screening\data/mps/mps_dataset\audios\4d43g_EN-OL-RC-426_2.wav,4,"In the colder parts of the world, bears hibernate from October to April. Before hibernating, they eat a lot of food and become fat. Although bears have very poor eyesight and hearing, they can smell very well and are very clever. At the zoo, you may have noticed how cleverly they beg for biscuits and nuts, by sitting up and holding out their paws.",60.79,0.8438,0.1562,0.0,0.0938,0.1562,53.3,0,0,0,60.79
4d44g,D:\Main_Project\Multimodal_NDD_Prediction\dyslexia_screening\data/mps/mps_dataset\audios\4d44g_EN-OL-RC-426_1.wav,4,"Bears are found in Europe, Asia, Africa and America. They have big bodies, with short tails and thick legs. Polar bears, which live in the coldest part of the world, usually eat fish and seals. When kept in cages or in zoos, bears like to eat meat, vegetables, milk and rice. Bears are not quite as dangerous as we think they are. Like most animals, they will do their best to keep away from us.",36.2,0.9733,0.0267,0.0,0.0,0.0267,120.99,0,0,0,36.2
4d44g,D:\Main_Project\Multimodal_NDD_Prediction\dyslexia_screening\data/mps/mps_dataset\audios\4d44g_EN-OL-RC-426_2.wav,4,"In the colder parts of the world, bears hibernate from October to April. Before hibernating, they eat a lot of food and become fat. Although bears have very poor eyesight and hearing, they can smell very well and are very clever. At the zoo, you may have noticed how cleverly they beg for biscuits and nuts, by sitting up and holding out their paws.",34.55,0.8594,0.1094,0.0312,0.0156,0.1406,95.51,0,0,0,34.55
4d46g,D:\Main_Project\Multimodal_NDD_Prediction\dyslexia_screening\data/mps/mps_dataset\audios\4d46g_EN-OL-RC-426_1.wav,4,"Bears are found in Europe, Asia, Africa and America. They have big bodies, with short tails and thick legs. Polar bears, which live in the coldest part of the world, usually eat fish and seals. When kept in cages or in zoos, bears like to eat meat, vegetables, milk and rice. Bears are not quite as dangerous as we think they are. Like most animals, they will do their best to keep away from us.",39.53,0.9467,0.04,0.0133,0.0133,0.0533,107.77,0,0,0,39.53
4d46g,D:\Main_Project\Multimodal_NDD_Prediction\dyslexia_screening\data/mps/mps_dataset\audios\4d46g_EN-OL-RC-426_2.wav,4,"In the colder parts of the world, bears hibernate from October to April. Before hibernating, they eat a lot of food and become fat. Although bears have very poor eyesight and hearing, they can smell very well and are very clever. At the zoo, you may have noticed how cleverly they beg for biscuits and nuts, by sitting up and holding out their paws.",31.4,0.9531,0.0312,0.0156,0.0156,0.0469,116.56,0,0,0,31.4
4d48g,D:\Main_Project\Multimodal_NDD_Prediction\dyslexia_screening\data/mps/mps_dataset\audios\4d48g_EN-OL-RC-426_1.wav,4,"Bears are found in Europe, Asia, Africa and America. They have big bodies, with short tails and thick legs. Polar bears, which live in the coldest part of the world, usually eat fish and seals. When kept in cages or in zoos, bears like to eat meat, vegetables, milk and rice. Bears are not quite as dangerous as we think they are. Like most animals, they will do their best to keep away from us.",60.96,0.8933,0.08,0.0267,0.0133,0.1067,65.94,0,0,0,60.96
4d48g,D:\Main_Project\Multimodal_NDD_Prediction\dyslexia_screening\data/mps/mps_dataset\audios\4d48g_EN-OL-RC-426_2.wav,4,"In the colder parts of the world, bears hibernate from October to April. Before hibernating, they eat a lot of food and become fat. Although bears have very poor eyesight and hearing, they can smell very well and are very clever. At the zoo, you may have noticed how cleverly they beg for biscuits and nuts, by sitting up and holding out their paws.",59.78,0.9219,0.0781,0.0,0.0312,0.0781,59.22,0,0,0,59.78
4d49g,D:\Main_Project\Multimodal_NDD_Prediction\dyslexia_screening\data/mps/mps_dataset\audios\4d49g_EN-OL-RC-426_2.wav,4,"In the colder parts of the world, bears hibernate from October to April. Before hibernating, they eat a lot of food and become fat. Although bears have very poor eyesight and hearing, they can smell very well and are very clever. At the zoo, you may have noticed how cleverly they beg for biscuits and nuts, by sitting up and holding out their paws.",56.75,0.7656,0.1562,0.0781,0.0781,0.2344,51.81,0,0,0,56.75
4d4c,D:\Main_Project\Multimodal_NDD_Prediction\dyslexia_screening\data/mps/mps_dataset\audios\4d4c_EN-OL-RC-426_1.wav,4,"Bears are found in Europe, Asia, Africa and America. They have big bodies, with short tails and thick legs. Polar bears, which live in the coldest part of the world, usually eat fish and seals. When kept in cages or in zoos, bears like to eat meat, vegetables, milk and rice. Bears are not quite as dangerous as we think they are. Like most animals, they will do their best to keep away from us.",36.49,0.9333,0.0533,0.0133,0.0,0.0667,115.1,0,0,0,36.49
4d4c,D:\Main_Project\Multimodal_NDD_Prediction\dyslexia_screening\data/mps/mps_dataset\audios\4d4c_EN-OL-RC-426_2.wav,4,"In the colder parts of the world, bears hibernate from October to April. Before hibernating, they eat a lot of food and become fat. Although bears have very poor eyesight and hearing, they can smell very well and are very clever. At the zoo, you may have noticed how cleverly they beg for biscuits and nuts, by sitting up and holding out their paws.",35.82,0.9062,0.0781,0.0156,0.0156,0.0938,97.15,0,0,0,35.82
4d50g,D:\Main_Project\Multimodal_NDD_Prediction\dyslexia_screening\data/mps/mps_dataset\audios\4d50g_EN-OL-RC-426_2.wav,4,"In the colder parts of the world, bears hibernate from October to April. Before hibernating, they eat a lot of food and become fat. Although bears have very poor eyesight and hearing, they can smell very well and are very clever. At the zoo, you may have noticed how cleverly they beg for biscuits and nuts, by sitting up and holding out their paws.",50.15,0.8906,0.0625,0.0469,0.0,0.1094,68.2,0,0,0,50.15
4d5c,D:\Main_Project\Multimodal_NDD_Prediction\dyslexia_screening\data/mps/mps_dataset\audios\4d5c_EN-OL-RC-426_1.wav,4,"Bears are found in Europe, Asia, Africa and America. They have big bodies, with short tails and thick legs. Polar bears, which live in the coldest part of the world, usually eat fish and seals. When kept in cages or in zoos, bears like to eat meat, vegetables, milk and rice. Bears are not quite as dangerous as we think they are. Like most animals, they will do their best to keep away from us.",27.68,1.0,0.0,0.0,0.0,0.0,162.57,0,0,0,27.68
4d5g,D:\Main_Project\Multimodal_NDD_Prediction\dyslexia_screening\data/mps/mps_dataset\audios\4d5g_EN-OL-RC-426_1.wav,4,"Bears are found in Europe, Asia, Africa and America. They have big bodies, with short tails and thick legs. Polar bears, which live in the coldest part of the world, usually eat fish and seals. When kept in cages or in zoos, bears like to eat meat, vegetables, milk and rice. Bears are not quite as dangerous as we think they are. Like most animals, they will do their best to keep away from us.",50.06,0.88,0.1067,0.0133,0.04,0.12,79.11,0,0,0,50.06
4d5g,D:\Main_Project\Multimodal_NDD_Prediction\dyslexia_screening\data/mps/mps_dataset\audios\4d5g_EN-OL-RC-426_2.wav,4,"In the colder parts of the world, bears hibernate from October to April. Before hibernating, they eat a lot of food and become fat. Although bears have very poor eyesight and hearing, they can smell very well and are very clever. At the zoo, you may have noticed how cleverly they beg for biscuits and nuts, by sitting up and holding out their paws.",42.74,0.8281,0.125,0.0469,0.0469,0.1719,74.4,0,0,0,42.74
4d7c,D:\Main_Project\Multimodal_NDD_Prediction\dyslexia_screening\data/mps/mps_dataset\audios\4d7c_EN-OL-RC-426_1.wav,4,"Bears are found in Europe, Asia, Africa and America. They have big bodies, with short tails and thick legs. Polar bears, which live in the coldest part of the world, usually eat fish and seals. When kept in cages or in zoos, bears like to eat meat, vegetables, milk and rice. Bears are not quite as dangerous as we think they are. Like most animals, they will do their best to keep away from us.",39.74,0.96,0.04,0.0,0.0267,0.04,108.71,0,0,0,39.74
4d7c,D:\Main_Project\Multimodal_NDD_Prediction\dyslexia_screening\data/mps/mps_dataset\audios\4d7c_EN-OL-RC-426_2.wav,4,"In the colder parts of the world, bears hibernate from October to April. Before hibernating, they eat a lot of food and become fat. Although bears have very poor eyesight and hearing, they can smell very well and are very clever. At the zoo, you may have noticed how cleverly they beg for biscuits and nuts, by sitting up and holding out their paws.",34.61,0.9375,0.0625,0.0,0.0312,0.0625,104.02,0,0,0,34.61
4d9c,D:\Main_Project\Multimodal_NDD_Prediction\dyslexia_screening\data/mps/mps_dataset\audios\4d9c_EN-OL-RC-426_1.wav,4,"Bears are found in Europe, Asia, Africa and America. They have big bodies, with short tails and thick legs. Polar bears, which live in the coldest part of the world, usually eat fish and seals. When kept in cages or in zoos, bears like to eat meat, vegetables, milk and rice. Bears are not quite as dangerous as we think they are. Like most animals, they will do their best to keep away from us.",35.57,0.9733,0.0133,0.0133,0.0133,0.0267,123.14,0,0,0,35.57
4d9c,D:\Main_Project\Multimodal_NDD_Prediction\dyslexia_screening\data/mps/mps_dataset\audios\4d9c_EN-OL-RC-426_2.wav,4,"In the colder parts of the world, bears hibernate from October to April. Before hibernating, they eat a lot of food and become fat. Although bears have very poor eyesight and hearing, they can smell very well and are very clever. At the zoo, you may have noticed how cleverly they beg for biscuits and nuts, by sitting up and holding out their paws.",35.54,0.9375,0.0625,0.0,0.0312,0.0625,101.29,0,0,0,35.54
5a10c,D:\Main_Project\Multimodal_NDD_Prediction\dyslexia_screening\data/mps/mps_dataset\audios\5a10c_EN-OL-RC-538_1.wav,5,"Butterflies are surely some of the most beautiful creatures in the world. They are beautiful because of the brilliant colours of their wings. If you look at a butterfly's wings through a magnifying glass, you will see that they are covered with very small scales. It is these scales which have colour. Without these scales, the wings would be transparent. The colours on the wings make very fine patterns.",47.69,0.7826,0.2174,0.0,0.058,0.2174,67.94,13,2,13,47.69
5a10f,D:\Main_Project\Multimodal_NDD_Prediction\dyslexia_screening\data/mps/mps_dataset\audios\5a10f_EN-OL-RC-538_1.wav,5,"Butterflies are surely some of the most beautiful creatures in the world. They are beautiful because of the brilliant colours of their wings. If you look at a butterfly's wings through a magnifying glass, you will see that they are covered with very small scales. It is these scales which have colour. Without these scales, the wings would be transparent. The colours on the wings make very fine patterns.",36.47,0.8986,0.1014,0.0,0.0,0.1014,102.0,0,0,0,36.47
5a11d,D:\Main_Project\Multimodal_NDD_Prediction\dyslexia_screening\data/mps/mps_dataset\audios\5a11d_EN-OL-RC-538_1.wav,5,"Butterflies are surely some of the most beautiful creatures in the world. They are beautiful because of the brilliant colours of their wings. If you look at a butterfly's wings through a magnifying glass, you will see that they are covered with very small scales. It is these scales which have colour. Without these scales, the wings would be transparent. The colours on the wings make very fine patterns.",50.18,0.8841,0.1159,0.0,0.0435,0.1159,72.94,16,1,16,50.18
5a11d,D:\Main_Project\Multimodal_NDD_Prediction\dyslexia_screening\data/mps/mps_dataset\audios\5a11d_EN-OL-RC-538_2.wav,5,"If you look at pictures of butterflies, you will find that many of them have large, black circles on their wings. These look like eyes. These eyes are very useful to the butterfly. They help it to escape from its enemies. A bird or a lizard which is trying to catch a butterfly mistakes these black circles for the creature's eyes. It aims or tries to hit the eye. But all that it gets is a bit of the wing.",45.41,0.95,0.05,0.0,0.025,0.05,100.42,15,0,15,45.41
5a11f,D:\Main_Project\Multimodal_NDD_Prediction\dyslexia_screening\data/mps/mps_dataset\audios\5a11f_EN-OL-RC-538_1.wav,5,"Butterflies are surely some of the most beautiful creatures in the world. They are beautiful because of the brilliant colours of their wings. If you look at a butterfly's wings through a magnifying glass, you will see that they are covered with very small scales. It is these scales which have colour. Without these scales, the wings would be transparent. The colours on the wings make very fine patterns.",36.89,0.8696,0.1304,0.0,0.0,0.1304,97.59,2,0,2,36.89
5a11f,D:\Main_Project\Multimodal_NDD_Prediction\dyslexia_screening\data/mps/mps_dataset\audios\5a11f_EN-OL-RC-538_2.wav,5,"If you look at pictures of butterflies, you will find that many of them have large, black circles on their wings. These look like eyes. These eyes are very useful to the butterfly. They help it to escape from its enemies. A bird or a lizard which is trying to catch a butterfly mistakes these black circles for the creature's eyes. It aims or tries to hit the eye. But all that it gets is a bit of the wing.",41.09,0.9625,0.0375,0.0,0.0125,0.0375,112.44,1,0,1,41.09
5a11j,D:\Main_Project\Multimodal_NDD_Prediction\dyslexia_screening\data/mps/mps_dataset\audios\5a11j_EN-OL-RC-538_1.wav,5,"Butterflies are surely some of the most beautiful creatures in the world. They are beautiful because of the brilliant colours of their wings. If you look at a butterfly's wings through a magnifying glass, you will see that they are covered with very small scales. It is these scales which have colour. Without these scales, the wings would be transparent. The colours on the wings make very fine patterns.",53.03,0.8116,0.1884,0.0,0.058,0.1884,63.36,25,0,25,53.03
5a11j,D:\Main_Project\Multimodal_NDD_Prediction\dyslexia_screening\data/mps/mps_dataset\audios\5a11j_EN-OL-RC-538_2.wav,5,"If you look at pictures of butterflies, you will find that many of them have large, black circles on their wings. These look like eyes. These eyes are very useful to the butterfly. They help it to escape from its enemies. A bird or a lizard which is trying to catch a butterfly mistakes these black circles for the creature's eyes. It aims or tries to hit the eye. But all that it gets is a bit of the wing.",41.99,0.9,0.1,0.0,0.0375,0.1,102.88,0,0,0,41.99
5a11k,D:\Main_Project\Multimodal_NDD_Prediction\dyslexia_screening\data/mps/mps_dataset\audios\5a11k_EN-OL-RC-538_1.wav,5,"Butterflies are surely some of the most beautiful creatures in the world. They are beautiful because of the brilliant colours of their wings. If you look at a butterfly's wings through a magnifying glass, you will see that they are covered with very small scales. It is these scales which have colour. Without these scales, the wings would be transparent. The colours on the wings make very fine patterns.",35.6,0.971,0.029,0.0,0.029,0.029,112.92,1,0,1,35.6
5a11k,D:\Main_Project\Multimodal_NDD_Prediction\dyslexia_screening\data/mps/mps_dataset\audios\5a11k_EN-OL-RC-538_2.wav,5,"If you look at pictures of butterflies, you will find that many of them have large, black circles on their wings. These look like eyes. These eyes are very useful to the butterfly. They help it to escape from its enemies. A bird or a lizard which is trying to catch a butterfly mistakes these black circles for the creature's eyes. It aims or tries to hit the eye. But all that it gets is a bit of the wing.",41.51,0.9125,0.0875,0.0,0.0375,0.0875,105.52,0,0,0,41.51
5a12d,D:\Main_Project\Multimodal_NDD_Prediction\dyslexia_screening\data/mps/mps_dataset\audios\5a12d_EN-OL-RC-538_2.wav,5,"If you look at pictures of butterflies, you will find that many of them have large, black circles on their wings. These look like eyes. These eyes are very useful to the butterfly. They help it to escape from its enemies. A bird or a lizard which is trying to catch a butterfly mistakes these black circles for the creature's eyes. It aims or tries to hit the eye. But all that it gets is a bit of the wing.",39.74,0.9375,0.05,0.0125,0.025,0.0625,113.24,19,0,19,39.74
5a12g,D:\Main_Project\Multimodal_NDD_Prediction\dyslexia_screening\data/mps/mps_dataset\audios\5a12g_EN-OL-RC-538_1.wav,5,"Butterflies are surely some of the most beautiful creatures in the world. They are beautiful because of the brilliant colours of their wings. If you look at a butterfly's wings through a magnifying glass, you will see that they are covered with very small scales. It is these scales which have colour. Without these scales, the wings would be transparent. The colours on the wings make very fine patterns.",29.57,0.9855,0.0145,0.0,0.0145,0.0145,137.98,1,0,1,29.57
5a13a,D:\Main_Project\Multimodal_NDD_Prediction\dyslexia_screening\data/mps/mps_dataset\audios\5a13a_EN-OL-RC-538_1.wav,5,"Butterflies are surely some of the most beautiful creatures in the world. They are beautiful because of the brilliant colours of their wings. If you look at a butterfly's wings through a magnifying glass, you will see that they are covered with very small scales. It is these scales which have colour. Without these scales, the wings would be transparent. The colours on the wings make very fine patterns.",41.47,0.971,0.029,0.0,0.0145,0.029,96.94,13,1,13,41.47
5a13a,D:\Main_Project\Multimodal_NDD_Prediction\dyslexia_screening\data/mps/mps_dataset\audios\5a13a_EN-OL-RC-538_2.wav,5,"If you look at pictures of butterflies, you will find that many of them have large, black circles on their wings. These look like eyes. These eyes are very useful to the butterfly. They help it to escape from its enemies. A bird or a lizard which is trying to catch a butterfly mistakes these black circles for the creature's eyes. It aims or tries to hit the eye. But all that it gets is a bit of the wing.",46.93,0.975,0.025,0.0,0.0,0.025,99.72,8,2,8,46.93
5a13f,D:\Main_Project\Multimodal_NDD_Prediction\dyslexia_screening\data/mps/mps_dataset\audios\5a13f_EN-OL-RC-538_1.wav,5,"Butterflies are surely some of the most beautiful creatures in the world. They are beautiful because of the brilliant colours of their wings. If you look at a butterfly's wings through a magnifying glass, you will see that they are covered with very small scales. It is these scales which have colour. Without these scales, the wings would be transparent. The colours on the wings make very fine patterns.",37.94,0.8406,0.1594,0.0,0.029,0.1594,91.72,0,0,0,37.94
5a13f,D:\Main_Project\Multimodal_NDD_Prediction\dyslexia_screening\data/mps/mps_dataset\audios\5a13f_EN-OL-RC-538_2.wav,5,"If you look at pictures of butterflies, you will find that many of them have large, black circles on their wings. These look like eyes. These eyes are very useful to the butterfly. They help it to escape from its enemies. A bird or a lizard which is trying to catch a butterfly mistakes these black circles for the creature's eyes. It aims or tries to hit the eye. But all that it gets is a bit of the wing.",39.26,0.8,0.1875,0.0125,0.0,0.2,97.81,0,0,0,39.26
5a13j,D:\Main_Project\Multimodal_NDD_Prediction\dyslexia_screening\data/mps/mps_dataset\audios\5a13j_EN-OL-RC-538_1.wav,5,"Butterflies are surely some of the most beautiful creatures in the world. They are beautiful because of the brilliant colours of their wings. If you look at a butterfly's wings through a magnifying glass, you will see that they are covered with very small scales. It is these scales which have colour. Without these scales, the wings would be transparent. The colours on the wings make very fine patterns.",41.51,0.913,0.087,0.0,0.0725,0.087,91.06,0,0,0,41.51
5a13j,D:\Main_Project\Multimodal_NDD_Prediction\dyslexia_screening\data/mps/mps_dataset\audios\5a13j_EN-OL-RC-538_2.wav,5,"If you look at pictures of butterflies, you will find that many of them have large, black circles on their wings. These look like eyes. These eyes are very useful to the butterfly. They help it to escape from its enemies. A bird or a lizard which is trying to catch a butterfly mistakes these black circles for the creature's eyes. It aims or tries to hit the eye. But all that it gets is a bit of the wing.",43.13,0.925,0.075,0.0,0.05,0.075,102.94,0,0,0,43.13
5a13k,D:\Main_Project\Multimodal_NDD_Prediction\dyslexia_screening\data/mps/mps_dataset\audios\5a13k_EN-OL-RC-538_1.wav,5,"Butterflies are surely some of the most beautiful creatures in the world. They are beautiful because of the brilliant colours of their wings. If you look at a butterfly's wings through a magnifying glass, you will see that they are covered with very small scales. It is these scales which have colour. Without these scales, the wings would be transparent. The colours on the wings make very fine patterns.",34.58,0.9565,0.0435,0.0,0.0,0.0435,114.52,2,0,2,34.58
5a13k,D:\Main_Project\Multimodal_NDD_Prediction\dyslexia_screening\data/mps/mps_dataset\audios\5a13k_EN-OL-RC-538_2.wav,5,"If you look at pictures of butterflies, you will find that many of them have large, black circles on their wings. These look like eyes. These eyes are very useful to the butterfly. They help it to escape from its enemies. A bird or a lizard which is trying to catch a butterfly mistakes these black circles for the creature's eyes. It aims or tries to hit the eye. But all that it gets is a bit of the wing.",37.85,0.9375,0.0625,0.0,0.025,0.0625,118.89,2,0,2,37.85
5a14a,D:\Main_Project\Multimodal_NDD_Prediction\dyslexia_screening\data/mps/mps_dataset\audios\5a14a_EN-OL-RC-538_1.wav,5,"Butterflies are surely some of the most beautiful creatures in the world. They are beautiful because of the brilliant colours of their wings. If you look at a butterfly's wings through a magnifying glass, you will see that they are covered with very small scales. It is these scales which have colour. Without these scales, the wings would be transparent. The colours on the wings make very fine patterns.",47.29,0.9275,0.0725,0.0,0.0725,0.0725,81.2,11,0,11,47.29
5a14a,D:\Main_Project\Multimodal_NDD_Prediction\dyslexia_screening\data/mps/mps_dataset\audios\5a14a_EN-OL-RC-538_2.wav,5,"If you look at pictures of butterflies, you will find that many of them have large, black circles on their wings. These look like eyes. These eyes are very useful to the butterfly. They help it to escape from its enemies. A bird or a lizard which is trying to catch a butterfly mistakes these black circles for the creature's eyes. It aims or tries to hit the eye. But all that it gets is a bit of the wing.",50.15,0.85,0.15,0.0,0.025,0.15,81.36,5,0,5,50.15
5a14j,D:\Main_Project\Multimodal_NDD_Prediction\dyslexia_screening\data/mps/mps_dataset\audios\5a14j_EN-OL-RC-538_2.wav,5,"If you look at pictures of butterflies, you will find that many of them have large, black circles on their wings. These look like eyes. These eyes are very useful to the butterfly. They help it to escape from its enemies. A bird or a lizard which is trying to catch a butterfly mistakes these black circles for the creature's eyes. It aims or tries to hit the eye. But all that it gets is a bit of the wing.",42.11,0.7375,0.2625,0.0,0.0125,0.2625,84.07,4,0,4,42.11
5a14k,D:\Main_Project\Multimodal_NDD_Prediction\dyslexia_screening\data/mps/mps_dataset\audios\5a14k_EN-OL-RC-538_1.wav,5,"Butterflies are surely some of the most beautiful creatures in the world. They are beautiful because of the brilliant colours of their wings. If you look at a butterfly's wings through a magnifying glass, you will see that they are covered with very small scales. It is these scales which have colour. Without these scales, the wings would be transparent. The colours on the wings make very fine patterns.",56.39,0.8841,0.1159,0.0,0.058,0.1159,64.91,19,5,19,56.39
5a15a,D:\Main_Project\Multimodal_NDD_Prediction\dyslexia_screening\data/mps/mps_dataset\audios\5a15a_EN-OL-RC-538_1.wav,5,"Butterflies are surely some of the most beautiful creatures in the world. They are beautiful because of the brilliant colours of their wings. If you look at a butterfly's wings through a magnifying glass, you will see that they are covered with very small scales. It is these scales which have colour. Without these scales, the wings would be transparent. The colours on the wings make very fine patterns.",43.7,0.913,0.087,0.0,0.0,0.087,86.5,1,0,1,43.7
5a15a,D:\Main_Project\Multimodal_NDD_Prediction\dyslexia_screening\data/mps/mps_dataset\audios\5a15a_EN-OL-RC-538_2.wav,5,"If you look at pictures of butterflies, you will find that many of them have large, black circles on their wings. These look like eyes. These eyes are very useful to the butterfly. They help it to escape from its enemies. A bird or a lizard which is trying to catch a butterfly mistakes these black circles for the creature's eyes. It aims or tries to hit the eye. But all that it gets is a bit of the wing.",57.71,0.8625,0.1375,0.0,0.05,0.1375,71.74,5,0,5,57.71
5a15b,D:\Main_Project\Multimodal_NDD_Prediction\dyslexia_screening\data/mps/mps_dataset\audios\5a15b_EN-OL-RC-538_1.wav,5,"Butterflies are surely some of the most beautiful creatures in the world. They are beautiful because of the brilliant colours of their wings. If you look at a butterfly's wings through a magnifying glass, you will see that they are covered with very small scales. It is these scales which have colour. Without these scales, the wings would be transparent. The colours on the wings make very fine patterns.",30.77,0.942,0.058,0.0,0.0145,0.058,126.75,0,0,0,30.77
5a15c,D:\Main_Project\Multimodal_NDD_Prediction\dyslexia_screening\data/mps/mps_dataset\audios\5a15c_EN-OL-RC-538_1.wav,5,"Butterflies are surely some of the most beautiful creatures in the world. They are beautiful because of the brilliant colours of their wings. If you look at a butterfly's wings through a magnifying glass, you will see that they are covered with very small scales. It is these scales which have colour. Without these scales, the wings would be transparent. The colours on the wings make very fine patterns.",35.41,0.9565,0.0435,0.0,0.029,0.0435,111.83,0,0,0,35.41
5a15c,D:\Main_Project\Multimodal_NDD_Prediction\dyslexia_screening\data/mps/mps_dataset\audios\5a15c_EN-OL-RC-538_2.wav,5,"If you look at pictures of butterflies, you will find that many of them have large, black circles on their wings. These look like eyes. These eyes are very useful to the butterfly. They help it to escape from its enemies. A bird or a lizard which is trying to catch a butterfly mistakes these black circles for the creature's eyes. It aims or tries to hit the eye. But all that it gets is a bit of the wing.",35.87,0.9625,0.0375,0.0,0.0125,0.0375,128.8,0,0,0,35.87
5a15h,D:\Main_Project\Multimodal_NDD_Prediction\dyslexia_screening\data/mps/mps_dataset\audios\5a15h_EN-OL-RC-538_1.wav,5,"Butterflies are surely some of the most beautiful creatures in the world. They are beautiful because of the brilliant colours of their wings. If you look at a butterfly's wings through a magnifying glass, you will see that they are covered with very small scales. It is these scales which have colour. Without these scales, the wings would be transparent. The colours on the wings make very fine patterns.",39.5,0.8986,0.1014,0.0,0.029,0.1014,94.18,5,0,5,39.5
5a15j,D:\Main_Project\Multimodal_NDD_Prediction\dyslexia_screening\data/mps/mps_dataset\audios\5a15j_EN-OL-RC-538_1.wav,5,"Butterflies are surely some of the most beautiful creatures in the world. They are beautiful because of the brilliant colours of their wings. If you look at a butterfly's wings through a magnifying glass, you will see that they are covered with very small scales. It is these scales which have colour. Without these scales, the wings would be transparent. The colours on the wings make very fine patterns.",46.7,0.913,0.087,0.0,0.0145,0.087,80.94,4,0,4,46.7
5a15j,D:\Main_Project\Multimodal_NDD_Prediction\dyslexia_screening\data/mps/mps_dataset\audios\5a15j_EN-OL-RC-538_2.wav,5,"If you look at pictures of butterflies, you will find that many of them have large, black circles on their wings. These look like eyes. These eyes are very useful to the butterfly. They help it to escape from its enemies. A bird or a lizard which is trying to catch a butterfly mistakes these black circles for the creature's eyes. It aims or tries to hit the eye. But all that it gets is a bit of the wing.",46.88,0.9375,0.0625,0.0,0.0625,0.0625,95.99,2,1,2,46.88
5a15k,D:\Main_Project\Multimodal_NDD_Prediction\dyslexia_screening\data/mps/mps_dataset\audios\5a15k_EN-OL-RC-538_1.wav,5,"Butterflies are surely some of the most beautiful creatures in the world. They are beautiful because of the brilliant colours of their wings. If you look at a butterfly's wings through a magnifying glass, you will see that they are covered with very small scales. It is these scales which have colour. Without these scales, the wings would be transparent. The colours on the wings make very fine patterns.",51.5,0.9565,0.0435,0.0,0.0145,0.0435,76.89,10,0,10,51.5
5a16a,D:\Main_Project\Multimodal_NDD_Prediction\dyslexia_screening\data/mps/mps_dataset\audios\5a16a_EN-OL-RC-538_2.wav,5,"If you look at pictures of butterflies, you will find that many of them have large, black circles on their wings. These look like eyes. These eyes are very useful to the butterfly. They help it to escape from its enemies. A bird or a lizard which is trying to catch a butterfly mistakes these black circles for the creature's eyes. It aims or tries to hit the eye. But all that it gets is a bit of the wing.",45.14,0.9375,0.0625,0.0,0.0375,0.0625,99.69,11,1,11,45.14
5a16k,D:\Main_Project\Multimodal_NDD_Prediction\dyslexia_screening\data/mps/mps_dataset\audios\5a16k_EN-OL-RC-538_1.wav,5,"Butterflies are surely some of the most beautiful creatures in the world. They are beautiful because of the brilliant colours of their wings. If you look at a butterfly's wings through a magnifying glass, you will see that they are covered with very small scales. It is these scales which have colour. Without these scales, the wings would be transparent. The colours on the wings make very fine patterns.",28.58,0.971,0.029,0.0,0.0145,0.029,140.66,0,0,0,28.58
5a16k,D:\Main_Project\Multimodal_NDD_Prediction\dyslexia_screening\data/mps/mps_dataset\audios\5a16k_EN-OL-RC-538_2.wav,5,"If you look at pictures of butterflies, you will find that many of them have large, black circles on their wings. These look like eyes. These eyes are very useful to the butterfly. They help it to escape from its enemies. A bird or a lizard which is trying to catch a butterfly mistakes these black circles for the creature's eyes. It aims or tries to hit the eye. But all that it gets is a bit of the wing.",33.01,0.925,0.0625,0.0125,0.0,0.075,134.5,1,0,1,33.01
5a17a,D:\Main_Project\Multimodal_NDD_Prediction\dyslexia_screening\data/mps/mps_dataset\audios\5a17a_EN-OL-RC-538_1.wav,5,"Butterflies are surely some of the most beautiful creatures in the world. They are beautiful because of the brilliant colours of their wings. If you look at a butterfly's wings through a magnifying glass, you will see that they are covered with very small scales. It is these scales which have colour. Without these scales, the wings would be transparent. The colours on the wings make very fine patterns.",40.57,0.8986,0.1014,0.0,0.0435,0.1014,91.69,3,0,3,40.57
5a17a,D:\Main_Project\Multimodal_NDD_Prediction\dyslexia_screening\data/mps/mps_dataset\audios\5a17a_EN-OL-RC-538_2.wav,5,"If you look at pictures of butterflies, you will find that many of them have large, black circles on their wings. These look like eyes. These eyes are very useful to the butterfly. They help it to escape from its enemies. A bird or a lizard which is trying to catch a butterfly mistakes these black circles for the creature's eyes. It aims or tries to hit the eye. But all that it gets is a bit of the wing.",37.43,0.875,0.1,0.025,0.0375,0.125,112.21,1,0,1,37.43
5a17f,D:\Main_Project\Multimodal_NDD_Prediction\dyslexia_screening\data/mps/mps_dataset\audios\5a17f_EN-OL-RC-538_2.wav,5,"If you look at pictures of butterflies, you will find that many of them have large, black circles on their wings. These look like eyes. These eyes are very useful to the butterfly. They help it to escape from its enemies. A bird or a lizard which is trying to catch a butterfly mistakes these black circles for the creature's eyes. It aims or tries to hit the eye. But all that it gets is a bit of the wing.",49.33,0.975,0.0125,0.0125,0.0125,0.025,94.87,1,0,1,49.33
5a17g,D:\Main_Project\Multimodal_NDD_Prediction\dyslexia_screening\data/mps/mps_dataset\audios\5a17g_EN-OL-RC-538_1.wav,5,"Butterflies are surely some of the most beautiful creatures in the world. They are beautiful because of the brilliant colours of their wings. If you look at a butterfly's wings through a magnifying glass, you will see that they are covered with very small scales. It is these scales which have colour. Without these scales, the wings would be transparent. The colours on the wings make very fine patterns.",43.85,0.8406,0.1449,0.0145,0.0145,0.1594,79.36,1,0,1,43.85
5a18c,D:\Main_Project\Multimodal_NDD_Prediction\dyslexia_screening\data/mps/mps_dataset\audios\5a18c_EN-OL-RC-538_1.wav,5,"Butterflies are surely some of the most beautiful creatures in the world. They are beautiful because of the brilliant colours of their wings. If you look at a butterfly's wings through a magnifying glass, you will see that they are covered with very small scales. It is these scales which have colour. Without these scales, the wings would be transparent. The colours on the wings make very fine patterns.",34.34,0.9855,0.0145,0.0,0.0,0.0145,118.81,0,0,0,34.34
5a18c,D:\Main_Project\Multimodal_NDD_Prediction\dyslexia_screening\data/mps/mps_dataset\audios\5a18c_EN-OL-RC-538_2.wav,5,"If you look at pictures of butterflies, you will find that many of them have large, black circles on their wings. These look like eyes. These eyes are very useful to the butterfly. They help it to escape from its enemies. A bird or a lizard which is trying to catch a butterfly mistakes these black circles for the creature's eyes. It aims or tries to hit the eye. But all that it gets is a bit of the wing.",40.11,0.9125,0.075,0.0125,0.025,0.0875,109.2,0,0,0,40.11
5a18f,D:\Main_Project\Multimodal_NDD_Prediction\dyslexia_screening\data/mps/mps_dataset\audios\5a18f_EN-OL-RC-538_2.wav,5,"If you look at pictures of butterflies, you will find that many of them have large, black circles on their wings. These look like eyes. These eyes are very useful to the butterfly. They help it to escape from its enemies. A bird or a lizard which is trying to catch a butterfly mistakes these black circles for the creature's eyes. It aims or tries to hit the eye. But all that it gets is a bit of the wing.",55.94,0.975,0.025,0.0,0.0625,0.025,83.66,0,0,0,55.94
5a18h,D:\Main_Project\Multimodal_NDD_Prediction\dyslexia_screening\data/mps/mps_dataset\audios\5a18h_EN-OL-RC-538_1.wav,5,"Butterflies are surely some of the most beautiful creatures in the world. They are beautiful because of the brilliant colours of their wings. If you look at a butterfly's wings through a magnifying glass, you will see that they are covered with very small scales. It is these scales which have colour. Without these scales, the wings would be transparent. The colours on the wings make very fine patterns.",41.87,0.971,0.029,0.0,0.0,0.029,96.01,0,0,0,41.87
5a18h,D:\Main_Project\Multimodal_NDD_Prediction\dyslexia_screening\data/mps/mps_dataset\audios\5a18h_EN-OL-RC-538_2.wav,5,"If you look at pictures of butterflies, you will find that many of them have large, black circles on their wings. These look like eyes. These eyes are very useful to the butterfly. They help it to escape from its enemies. A bird or a lizard which is trying to catch a butterfly mistakes these black circles for the creature's eyes. It aims or tries to hit the eye. But all that it gets is a bit of the wing.",46.13,0.95,0.0375,0.0125,0.025,0.05,98.85,0,0,0,46.13
5a18j,D:\Main_Project\Multimodal_NDD_Prediction\dyslexia_screening\data/mps/mps_dataset\audios\5a18j_EN-OL-RC-538_1.wav,5,"Butterflies are surely some of the most beautiful creatures in the world. They are beautiful because of the brilliant colours of their wings. If you look at a butterfly's wings through a magnifying glass, you will see that they are covered with very small scales. It is these scales which have colour. Without these scales, the wings would be transparent. The colours on the wings make very fine patterns.",43.1,0.8986,0.1014,0.0,0.0725,0.1014,86.31,5,1,5,43.1
5a18j,D:\Main_Project\Multimodal_NDD_Prediction\dyslexia_screening\data/mps/mps_dataset\audios\5a18j_EN-OL-RC-538_2.wav,5,"If you look at pictures of butterflies, you will find that many of them have large, black circles on their wings. These look like eyes. These eyes are very useful to the butterfly. They help it to escape from its enemies. A bird or a lizard which is trying to catch a butterfly mistakes these black circles for the creature's eyes. It aims or tries to hit the eye. But all that it gets is a bit of the wing.",40.31,0.975,0.025,0.0,0.05,0.025,116.1,2,0,2,40.31
5a18k,D:\Main_Project\Multimodal_NDD_Prediction\dyslexia_screening\data/mps/mps_dataset\audios\5a18k_EN-OL-RC-538_1.wav,5,"Butterflies are surely some of the most beautiful creatures in the world. They are beautiful because of the brilliant colours of their wings. If you look at a butterfly's wings through a magnifying glass, you will see that they are covered with very small scales. It is these scales which have colour. Without these scales, the wings would be transparent. The colours on the wings make very fine patterns.",33.77,0.9565,0.029,0.0145,0.0,0.0435,117.26,0,0,0,33.77
5a18k,D:\Main_Project\Multimodal_NDD_Prediction\dyslexia_screening\data/mps/mps_dataset\audios\5a18k_EN-OL-RC-538_2.wav,5,"If you look at pictures of butterflies, you will find that many of them have large, black circles on their wings. These look like eyes. These eyes are very useful to the butterfly. They help it to escape from its enemies. A bird or a lizard which is trying to catch a butterfly mistakes these black circles for the creature's eyes. It aims or tries to hit the eye. But all that it gets is a bit of the wing.",38.66,0.975,0.0125,0.0125,0.0125,0.025,121.06,0,0,0,38.66
5a19a,D:\Main_Project\Multimodal_NDD_Prediction\dyslexia_screening\data/mps/mps_dataset\audios\5a19a_EN-OL-RC-538_1.wav,5,"Butterflies are surely some of the most beautiful creatures in the world. They are beautiful because of the brilliant colours of their wings. If you look at a butterfly's wings through a magnifying glass, you will see that they are covered with very small scales. It is these scales which have colour. Without these scales, the wings would be transparent. The colours on the wings make very fine patterns.",33.17,0.971,0.029,0.0,0.0,0.029,121.19,2,0,2,33.17
5a19a,D:\Main_Project\Multimodal_NDD_Prediction\dyslexia_screening\data/mps/mps_dataset\audios\5a19a_EN-OL-RC-538_2.wav,5,"If you look at pictures of butterflies, you will find that many of them have large, black circles on their wings. These look like eyes. These eyes are very useful to the butterfly. They help it to escape from its enemies. A bird or a lizard which is trying to catch a butterfly mistakes these black circles for the creature's eyes. It aims or tries to hit the eye. But all that it gets is a bit of the wing.",37.76,0.9625,0.0375,0.0,0.0,0.0375,122.35,4,0,4,37.76
5a19c,D:\Main_Project\Multimodal_NDD_Prediction\dyslexia_screening\data/mps/mps_dataset\audios\5a19c_EN-OL-RC-538_1.wav,5,"Butterflies are surely some of the most beautiful creatures in the world. They are beautiful because of the brilliant colours of their wings. If you look at a butterfly's wings through a magnifying glass, you will see that they are covered with very small scales. It is these scales which have colour. Without these scales, the wings would be transparent. The colours on the wings make very fine patterns.",37.1,0.9275,0.058,0.0145,0.0145,0.0725,103.5,3,0,3,37.1
5a19c,D:\Main_Project\Multimodal_NDD_Prediction\dyslexia_screening\data/mps/mps_dataset\audios\5a19c_EN-OL-RC-538_2.wav,5,"If you look at pictures of butterflies, you will find that many of them have large, black circles on their wings. These look like eyes. These eyes are very useful to the butterfly. They help it to escape from its enemies. A bird or a lizard which is trying to catch a butterfly mistakes these black circles for the creature's eyes. It aims or tries to hit the eye. But all that it gets is a bit of the wing.",41.06,0.9625,0.0375,0.0,0.0125,0.0375,112.52,3,1,3,41.06
5a19h,D:\Main_Project\Multimodal_NDD_Prediction\dyslexia_screening\data/mps/mps_dataset\audios\5a19h_EN-OL-RC-538_1.wav,5,"Butterflies are surely some of the most beautiful creatures in the world. They are beautiful because of the brilliant colours of their wings. If you look at a butterfly's wings through a magnifying glass, you will see that they are covered with very small scales. It is these scales which have colour. Without these scales, the wings would be transparent. The colours on the wings make very fine patterns.",44.0,0.8696,0.1159,0.0145,0.029,0.1304,81.82,0,0,0,44.0
5a19j,D:\Main_Project\Multimodal_NDD_Prediction\dyslexia_screening\data/mps/mps_dataset\audios\5a19j_EN-OL-RC-538_1.wav,5,"Butterflies are surely some of the most beautiful creatures in the world. They are beautiful because of the brilliant colours of their wings. If you look at a butterfly's wings through a magnifying glass, you will see that they are covered with very small scales. It is these scales which have colour. Without these scales, the wings would be transparent. The colours on the wings make very fine patterns.",43.55,0.7681,0.2319,0.0,0.058,0.2319,73.02,1,0,1,43.55
5a1a,D:\Main_Project\Multimodal_NDD_Prediction\dyslexia_screening\data/mps/mps_dataset\audios\5a1a_EN-OL-RC-538_1.wav,5,"Butterflies are surely some of the most beautiful creatures in the world. They are beautiful because of the brilliant colours of their wings. If you look at a butterfly's wings through a magnifying glass, you will see that they are covered with very small scales. It is these scales which have colour. Without these scales, the wings would be transparent. The colours on the wings make very fine patterns.",33.32,0.8986,0.1014,0.0,0.0145,0.1014,111.64,4,0,4,33.32
5a1a,D:\Main_Project\Multimodal_NDD_Prediction\dyslexia_screening\data/mps/mps_dataset\audios\5a1a_EN-OL-RC-538_2.wav,5,"If you look at pictures of butterflies, you will find that many of them have large, black circles on their wings. These look like eyes. These eyes are very useful to the butterfly. They help it to escape from its enemies. A bird or a lizard which is trying to catch a butterfly mistakes these black circles for the creature's eyes. It aims or tries to hit the eye. But all that it gets is a bit of the wing.",38.51,0.925,0.075,0.0,0.025,0.075,115.29,1,0,1,38.51
5a1c,D:\Main_Project\Multimodal_NDD_Prediction\dyslexia_screening\data/mps/mps_dataset\audios\5a1c_EN-OL-RC-538_2.wav,5,"If you look at pictures of butterflies, you will find that many of them have large, black circles on their wings. These look like eyes. These eyes are very useful to the butterfly. They help it to escape from its enemies. A bird or a lizard which is trying to catch a butterfly mistakes these black circles for the creature's eyes. It aims or tries to hit the eye. But all that it gets is a bit of the wing.",49.43,0.875,0.125,0.0,0.025,0.125,84.97,6,0,6,49.43
5a1f,D:\Main_Project\Multimodal_NDD_Prediction\dyslexia_screening\data/mps/mps_dataset\audios\5a1f_EN-OL-RC-538_1.wav,5,"Butterflies are surely some of the most beautiful creatures in the world. They are beautiful because of the brilliant colours of their wings. If you look at a butterfly's wings through a magnifying glass, you will see that they are covered with very small scales. It is these scales which have colour. Without these scales, the wings would be transparent. The colours on the wings make very fine patterns.",40.79,0.971,0.029,0.0,0.0,0.029,98.55,0,0,0,40.79
5a1f,D:\Main_Project\Multimodal_NDD_Prediction\dyslexia_screening\data/mps/mps_dataset\audios\5a1f_EN-OL-RC-538_2.wav,5,"If you look at pictures of butterflies, you will find that many of them have large, black circles on their wings. These look like eyes. These eyes are very useful to the butterfly. They help it to escape from its enemies. A bird or a lizard which is trying to catch a butterfly mistakes these black circles for the creature's eyes. It aims or tries to hit the eye. But all that it gets is a bit of the wing.",45.59,0.875,0.125,0.0,0.0375,0.125,92.13,0,0,0,45.59
5a1g,D:\Main_Project\Multimodal_NDD_Prediction\dyslexia_screening\data/mps/mps_dataset\audios\5a1g_EN-OL-RC-538_1.wav,5,"Butterflies are surely some of the most beautiful creatures in the world. They are beautiful because of the brilliant colours of their wings. If you look at a butterfly's wings through a magnifying glass, you will see that they are covered with very small scales. It is these scales which have colour. Without these scales, the wings would be transparent. The colours on the wings make very fine patterns.",53.54,0.913,0.087,0.0,0.1304,0.087,70.6,6,0,6,53.54
5a1k,D:\Main_Project\Multimodal_NDD_Prediction\dyslexia_screening\data/mps/mps_dataset\audios\5a1k_EN-OL-RC-538_1.wav,5,"Butterflies are surely some of the most beautiful creatures in the world. They are beautiful because of the brilliant colours of their wings. If you look at a butterfly's wings through a magnifying glass, you will see that they are covered with very small scales. It is these scales which have colour. Without these scales, the wings would be transparent. The colours on the wings make very fine patterns.",37.7,0.9565,0.0435,0.0,0.0,0.0435,105.04,4,1,4,37.7
5a20a,D:\Main_Project\Multimodal_NDD_Prediction\dyslexia_screening\data/mps/mps_dataset\audios\5a20a_EN-OL-RC-538_1.wav,5,"Butterflies are surely some of the most beautiful creatures in the world. They are beautiful because of the brilliant colours of their wings. If you look at a butterfly's wings through a magnifying glass, you will see that they are covered with very small scales. It is these scales which have colour. Without these scales, the wings would be transparent. The colours on the wings make very fine patterns.",39.5,0.8261,0.1739,0.0,0.0435,0.1739,86.58,9,1,9,39.5
5a20c,D:\Main_Project\Multimodal_NDD_Prediction\dyslexia_screening\data/mps/mps_dataset\audios\5a20c_EN-OL-RC-538_1.wav,5,"Butterflies are surely some of the most beautiful creatures in the world. They are beautiful because of the brilliant colours of their wings. If you look at a butterfly's wings through a magnifying glass, you will see that they are covered with very small scales. It is these scales which have colour. Without these scales, the wings would be transparent. The colours on the wings make very fine patterns.",34.19,0.971,0.029,0.0,0.0,0.029,117.58,3,0,3,34.19
5a20c,D:\Main_Project\Multimodal_NDD_Prediction\dyslexia_screening\data/mps/mps_dataset\audios\5a20c_EN-OL-RC-538_2.wav,5,"If you look at pictures of butterflies, you will find that many of them have large, black circles on their wings. These look like eyes. These eyes are very useful to the butterfly. They help it to escape from its enemies. A bird or a lizard which is trying to catch a butterfly mistakes these black circles for the creature's eyes. It aims or tries to hit the eye. But all that it gets is a bit of the wing.",40.84,0.9625,0.0375,0.0,0.0,0.0375,113.12,6,0,6,40.84
5a20j,D:\Main_Project\Multimodal_NDD_Prediction\dyslexia_screening\data/mps/mps_dataset\audios\5a20j_EN-OL-RC-538_1.wav,5,"Butterflies are surely some of the most beautiful creatures in the world. They are beautiful because of the brilliant colours of their wings. If you look at a butterfly's wings through a magnifying glass, you will see that they are covered with very small scales. It is these scales which have colour. Without these scales, the wings would be transparent. The colours on the wings make very fine patterns.",45.65,0.8696,0.1304,0.0,0.058,0.1304,78.86,0,0,0,45.65
5a20k,D:\Main_Project\Multimodal_NDD_Prediction\dyslexia_screening\data/mps/mps_dataset\audios\5a20k_EN-OL-RC-538_2.wav,5,"If you look at pictures of butterflies, you will find that many of them have large, black circles on their wings. These look like eyes. These eyes are very useful to the butterfly. They help it to escape from its enemies. A bird or a lizard which is trying to catch a butterfly mistakes these black circles for the creature's eyes. It aims or tries to hit the eye. But all that it gets is a bit of the wing.",43.28,0.975,0.025,0.0,0.0125,0.025,108.13,1,0,1,43.28
5a21b,D:\Main_Project\Multimodal_NDD_Prediction\dyslexia_screening\data/mps/mps_dataset\audios\5a21b_EN-OL-RC-538_1.wav,5,"Butterflies are surely some of the most beautiful creatures in the world. They are beautiful because of the brilliant colours of their wings. If you look at a butterfly's wings through a magnifying glass, you will see that they are covered with very small scales. It is these scales which have colour. Without these scales, the wings would be transparent. The colours on the wings make very fine patterns.",53.15,0.913,0.087,0.0,0.058,0.087,71.12,0,0,0,53.15
5a21d,D:\Main_Project\Multimodal_NDD_Prediction\dyslexia_screening\data/mps/mps_dataset\audios\5a21d_EN-OL-RC-538_2.wav,5,"If you look at pictures of butterflies, you will find that many of them have large, black circles on their wings. These look like eyes. These eyes are very useful to the butterfly. They help it to escape from its enemies. A bird or a lizard which is trying to catch a butterfly mistakes these black circles for the creature's eyes. It aims or tries to hit the eye. But all that it gets is a bit of the wing.",30.3,0.9875,0.0,0.0125,0.0125,0.0125,156.44,10,0,10,30.3
5a21g,D:\Main_Project\Multimodal_NDD_Prediction\dyslexia_screening\data/mps/mps_dataset\audios\5a21g_EN-OL-RC-538_1.wav,5,"Butterflies are surely some of the most beautiful creatures in the world. They are beautiful because of the brilliant colours of their wings. If you look at a butterfly's wings through a magnifying glass, you will see that they are covered with very small scales. It is these scales which have colour. Without these scales, the wings would be transparent. The colours on the wings make very fine patterns.",31.82,0.971,0.029,0.0,0.0,0.029,126.34,8,0,8,31.82
5a21g,D:\Main_Project\Multimodal_NDD_Prediction\dyslexia_screening\data/mps/mps_dataset\audios\5a21g_EN-OL-RC-538_2.wav,5,"If you look at pictures of butterflies, you will find that many of them have large, black circles on their wings. These look like eyes. These eyes are very useful to the butterfly. They help it to escape from its enemies. A bird or a lizard which is trying to catch a butterfly mistakes these black circles for the creature's eyes. It aims or tries to hit the eye. But all that it gets is a bit of the wing.",30.62,0.95,0.0375,0.0125,0.0,0.05,148.92,6,0,6,30.62
5a21k,D:\Main_Project\Multimodal_NDD_Prediction\dyslexia_screening\data/mps/mps_dataset\audios\5a21k_EN-OL-RC-538_1.wav,5,"Butterflies are surely some of the most beautiful creatures in the world. They are beautiful because of the brilliant colours of their wings. If you look at a butterfly's wings through a magnifying glass, you will see that they are covered with very small scales. It is these scales which have colour. Without these scales, the wings would be transparent. The colours on the wings make very fine patterns.",36.12,0.9565,0.0435,0.0,0.0,0.0435,109.63,8,0,8,36.12
5a21k,D:\Main_Project\Multimodal_NDD_Prediction\dyslexia_screening\data/mps/mps_dataset\audios\5a21k_EN-OL-RC-538_2.wav,5,"If you look at pictures of butterflies, you will find that many of them have large, black circles on their wings. These look like eyes. These eyes are very useful to the butterfly. They help it to escape from its enemies. A bird or a lizard which is trying to catch a butterfly mistakes these black circles for the creature's eyes. It aims or tries to hit the eye. But all that it gets is a bit of the wing.",51.8,0.9875,0.0125,0.0,0.0125,0.0125,91.51,22,2,22,51.8
5a22a,D:\Main_Project\Multimodal_NDD_Prediction\dyslexia_screening\data/mps/mps_dataset\audios\5a22a_EN-OL-RC-538_1.wav,5,"Butterflies are surely some of the most beautiful creatures in the world. They are beautiful because of the brilliant colours of their wings. If you look at a butterfly's wings through a magnifying glass, you will see that they are covered with very small scales. It is these scales which have colour. Without these scales, the wings would be transparent. The colours on the wings make very fine patterns.",38.21,0.9565,0.0435,0.0,0.029,0.0435,103.64,6,0,6,38.21
5a22a,D:\Main_Project\Multimodal_NDD_Prediction\dyslexia_screening\data/mps/mps_dataset\audios\5a22a_EN-OL-RC-538_2.wav,5,"If you look at pictures of butterflies, you will find that many of them have large, black circles on their wings. These look like eyes. These eyes are very useful to the butterfly. They help it to escape from its enemies. A bird or a lizard which is trying to catch a butterfly mistakes these black circles for the creature's eyes. It aims or tries to hit the eye. But all that it gets is a bit of the wing.",46.91,0.8875,0.1125,0.0,0.025,0.1125,90.81,10,1,10,46.91
5a22c,D:\Main_Project\Multimodal_NDD_Prediction\dyslexia_screening\data/mps/mps_dataset\audios\5a22c_EN-OL-RC-538_1.wav,5,"Butterflies are surely some of the most beautiful creatures in the world. They are beautiful because of the brilliant colours of their wings. If you look at a butterfly's wings through a magnifying glass, you will see that they are covered with very small scales. It is these scales which have colour. Without these scales, the wings would be transparent. The colours on the wings make very fine patterns.",48.44,0.8841,0.1159,0.0,0.029,0.1159,75.56,18,1,18,48.44
5a22c,D:\Main_Project\Multimodal_NDD_Prediction\dyslexia_screening\data/mps/mps_dataset\audios\5a22c_EN-OL-RC-538_2.wav,5,"If you look at pictures of butterflies, you will find that many of them have large, black circles on their wings. These look like eyes. These eyes are very useful to the butterfly. They help it to escape from its enemies. A bird or a lizard which is trying to catch a butterfly mistakes these black circles for the creature's eyes. It aims or tries to hit the eye. But all that it gets is a bit of the wing.",47.65,0.925,0.075,0.0,0.0,0.075,93.18,9,1,9,47.65
5a22k,D:\Main_Project\Multimodal_NDD_Prediction\dyslexia_screening\data/mps/mps_dataset\audios\5a22k_EN-OL-RC-538_1.wav,5,"Butterflies are surely some of the most beautiful creatures in the world. They are beautiful because of the brilliant colours of their wings. If you look at a butterfly's wings through a magnifying glass, you will see that they are covered with very small scales. It is these scales which have colour. Without these scales, the wings would be transparent. The colours on the wings make very fine patterns.",27.05,0.971,0.029,0.0,0.0,0.029,148.61,0,0,0,27.05
5a22k,D:\Main_Project\Multimodal_NDD_Prediction\dyslexia_screening\data/mps/mps_dataset\audios\5a22k_EN-OL-RC-538_2.wav,5,"If you look at pictures of butterflies, you will find that many of them have large, black circles on their wings. These look like eyes. These eyes are very useful to the butterfly. They help it to escape from its enemies. A bird or a lizard which is trying to catch a butterfly mistakes these black circles for the creature's eyes. It aims or tries to hit the eye. But all that it gets is a bit of the wing.",34.75,0.95,0.05,0.0,0.0,0.05,131.22,6,1,6,34.75
5a23a,D:\Main_Project\Multimodal_NDD_Prediction\dyslexia_screening\data/mps/mps_dataset\audios\5a23a_EN-OL-RC-538_1.wav,5,"Butterflies are surely some of the most beautiful creatures in the world. They are beautiful because of the brilliant colours of their wings. If you look at a butterfly's wings through a magnifying glass, you will see that they are covered with very small scales. It is these scales which have colour. Without these scales, the wings would be transparent. The colours on the wings make very fine patterns.",44.39,0.913,0.087,0.0,0.0145,0.087,85.15,6,0,6,44.39
5a23a,D:\Main_Project\Multimodal_NDD_Prediction\dyslexia_screening\data/mps/mps_dataset\audios\5a23a_EN-OL-RC-538_2.wav,5,"If you look at pictures of butterflies, you will find that many of them have large, black circles on their wings. These look like eyes. These eyes are very useful to the butterfly. They help it to escape from its enemies. A bird or a lizard which is trying to catch a butterfly mistakes these black circles for the creature's eyes. It aims or tries to hit the eye. But all that it gets is a bit of the wing.",56.74,0.8625,0.125,0.0125,0.0375,0.1375,72.96,3,0,3,56.74
5a23b,D:\Main_Project\Multimodal_NDD_Prediction\dyslexia_screening\data/mps/mps_dataset\audios\5a23b_EN-OL-RC-538_2.wav,5,"If you look at pictures of butterflies, you will find that many of them have large, black circles on their wings. These look like eyes. These eyes are very useful to the butterfly. They help it to escape from its enemies. A bird or a lizard which is trying to catch a butterfly mistakes these black circles for the creature's eyes. It aims or tries to hit the eye. But all that it gets is a bit of the wing.",50.51,0.7625,0.2375,0.0,0.025,0.2375,72.46,0,0,0,50.51
5a23c,D:\Main_Project\Multimodal_NDD_Prediction\dyslexia_screening\data/mps/mps_dataset\audios\5a23c_EN-OL-RC-538_1.wav,5,"Butterflies are surely some of the most beautiful creatures in the world. They are beautiful because of the brilliant colours of their wings. If you look at a butterfly's wings through a magnifying glass, you will see that they are covered with very small scales. It is these scales which have colour. Without these scales, the wings would be transparent. The colours on the wings make very fine patterns.",39.02,0.9275,0.0725,0.0,0.0,0.0725,98.41,9,0,9,39.02
5a23c,D:\Main_Project\Multimodal_NDD_Prediction\dyslexia_screening\data/mps/mps_dataset\audios\5a23c_EN-OL-RC-538_2.wav,5,"If you look at pictures of butterflies, you will find that many of them have large, black circles on their wings. These look like eyes. These eyes are very useful to the butterfly. They help it to escape from its enemies. A bird or a lizard which is trying to catch a butterfly mistakes these black circles for the creature's eyes. It aims or tries to hit the eye. But all that it gets is a bit of the wing.",41.36,0.975,0.025,0.0,0.0125,0.025,113.15,13,0,13,41.36
5a23j,D:\Main_Project\Multimodal_NDD_Prediction\dyslexia_screening\data/mps/mps_dataset\audios\5a23j_EN-OL-RC-538_2.wav,5,"If you look at pictures of butterflies, you will find that many of them have large, black circles on their wings. These look like eyes. These eyes are very useful to the butterfly. They help it to escape from its enemies. A bird or a lizard which is trying to catch a butterfly mistakes these black circles for the creature's eyes. It aims or tries to hit the eye. But all that it gets is a bit of the wing.",55.48,0.925,0.075,0.0,0.025,0.075,80.03,0,0,0,55.48
5a23k,D:\Main_Project\Multimodal_NDD_Prediction\dyslexia_screening\data/mps/mps_dataset\audios\5a23k_EN-OL-RC-538_1.wav,5,"Butterflies are surely some of the most beautiful creatures in the world. They are beautiful because of the brilliant colours of their wings. If you look at a butterfly's wings through a magnifying glass, you will see that they are covered with very small scales. It is these scales which have colour. Without these scales, the wings would be transparent. The colours on the wings make very fine patterns.",29.51,0.9565,0.0435,0.0,0.0,0.0435,134.19,0,0,0,29.51
5a23k,D:\Main_Project\Multimodal_NDD_Prediction\dyslexia_screening\data/mps/mps_dataset\audios\5a23k_EN-OL-RC-538_2.wav,5,"If you look at pictures of butterflies, you will find that many of them have large, black circles on their wings. These look like eyes. These eyes are very useful to the butterfly. They help it to escape from its enemies. A bird or a lizard which is trying to catch a butterfly mistakes these black circles for the creature's eyes. It aims or tries to hit the eye. But all that it gets is a bit of the wing.",34.67,0.975,0.025,0.0,0.0125,0.025,134.99,3,0,3,34.67
5a24c,D:\Main_Project\Multimodal_NDD_Prediction\dyslexia_screening\data/mps/mps_dataset\audios\5a24c_EN-OL-RC-538_1.wav,5,"Butterflies are surely some of the most beautiful creatures in the world. They are beautiful because of the brilliant colours of their wings. If you look at a butterfly's wings through a magnifying glass, you will see that they are covered with very small scales. It is these scales which have colour. Without these scales, the wings would be transparent. The colours on the wings make very fine patterns.",30.08,0.8986,0.1014,0.0,0.0,0.1014,123.67,4,0,4,30.08
5a24c,D:\Main_Project\Multimodal_NDD_Prediction\dyslexia_screening\data/mps/mps_dataset\audios\5a24c_EN-OL-RC-538_2.wav,5,"If you look at pictures of butterflies, you will find that many of them have large, black circles on their wings. These look like eyes. These eyes are very useful to the butterfly. They help it to escape from its enemies. A bird or a lizard which is trying to catch a butterfly mistakes these black circles for the creature's eyes. It aims or tries to hit the eye. But all that it gets is a bit of the wing.",37.85,0.9375,0.0625,0.0,0.0,0.0625,118.89,14,0,14,37.85
5a24f,D:\Main_Project\Multimodal_NDD_Prediction\dyslexia_screening\data/mps/mps_dataset\audios\5a24f_EN-OL-RC-538_2.wav,5,"If you look at pictures of butterflies, you will find that many of them have large, black circles on their wings. These look like eyes. These eyes are very useful to the butterfly. They help it to escape from its enemies. A bird or a lizard which is trying to catch a butterfly mistakes these black circles for the creature's eyes. It aims or tries to hit the eye. But all that it gets is a bit of the wing.",55.22,0.825,0.1625,0.0125,0.0125,0.175,71.71,0,0,0,55.22
5a24k,D:\Main_Project\Multimodal_NDD_Prediction\dyslexia_screening\data/mps/mps_dataset\audios\5a24k_EN-OL-RC-538_1.wav,5,"Butterflies are surely some of the most beautiful creatures in the world. They are beautiful because of the brilliant colours of their wings. If you look at a butterfly's wings through a magnifying glass, you will see that they are covered with very small scales. It is these scales which have colour. Without these scales, the wings would be transparent. The colours on the wings make very fine patterns.",39.68,0.971,0.029,0.0,0.0145,0.029,101.31,6,0,6,39.68
5a25a,D:\Main_Project\Multimodal_NDD_Prediction\dyslexia_screening\data/mps/mps_dataset\audios\5a25a_EN-OL-RC-538_1.wav,5,"Butterflies are surely some of the most beautiful creatures in the world. They are beautiful because of the brilliant colours of their wings. If you look at a butterfly's wings through a magnifying glass, you will see that they are covered with very small scales. It is these scales which have colour. Without these scales, the wings would be transparent. The colours on the wings make very fine patterns.",57.73,0.942,0.0435,0.0145,0.0435,0.058,67.56,18,4,18,57.73
5a25c,D:\Main_Project\Multimodal_NDD_Prediction\dyslexia_screening\data/mps/mps_dataset\audios\5a25c_EN-OL-RC-538_2.wav,5,"If you look at pictures of butterflies, you will find that many of them have large, black circles on their wings. These look like eyes. These eyes are very useful to the butterfly. They help it to escape from its enemies. A bird or a lizard which is trying to catch a butterfly mistakes these black circles for the creature's eyes. It aims or tries to hit the eye. But all that it gets is a bit of the wing.",39.32,0.95,0.05,0.0,0.0,0.05,115.97,11,0,11,39.32
5a25h,D:\Main_Project\Multimodal_NDD_Prediction\dyslexia_screening\data/mps/mps_dataset\audios\5a25h_EN-OL-RC-538_1.wav,5,"Butterflies are surely some of the most beautiful creatures in the world. They are beautiful because of the brilliant colours of their wings. If you look at a butterfly's wings through a magnifying glass, you will see that they are covered with very small scales. It is these scales which have colour. Without these scales, the wings would be transparent. The colours on the wings make very fine patterns.",38.65,0.942,0.058,0.0,0.029,0.058,100.91,0,0,0,38.65
5a25h,D:\Main_Project\Multimodal_NDD_Prediction\dyslexia_screening\data/mps/mps_dataset\audios\5a25h_EN-OL-RC-538_2.wav,5,"If you look at pictures of butterflies, you will find that many of them have large, black circles on their wings. These look like eyes. These eyes are very useful to the butterfly. They help it to escape from its enemies. A bird or a lizard which is trying to catch a butterfly mistakes these black circles for the creature's eyes. It aims or tries to hit the eye. But all that it gets is a bit of the wing.",42.91,0.85,0.1375,0.0125,0.025,0.15,95.08,0,0,0,42.91
5a25j,D:\Main_Project\Multimodal_NDD_Prediction\dyslexia_screening\data/mps/mps_dataset\audios\5a25j_EN-OL-RC-538_1.wav,5,"Butterflies are surely some of the most beautiful creatures in the world. They are beautiful because of the brilliant colours of their wings. If you look at a butterfly's wings through a magnifying glass, you will see that they are covered with very small scales. It is these scales which have colour. Without these scales, the wings would be transparent. The colours on the wings make very fine patterns.",46.4,0.8841,0.1159,0.0,0.029,0.1159,78.88,0,0,0,46.4
5a25k,D:\Main_Project\Multimodal_NDD_Prediction\dyslexia_screening\data/mps/mps_dataset\audios\5a25k_EN-OL-RC-538_1.wav,5,"Butterflies are surely some of the most beautiful creatures in the world. They are beautiful because of the brilliant colours of their wings. If you look at a butterfly's wings through a magnifying glass, you will see that they are covered with very small scales. It is these scales which have colour. Without these scales, the wings would be transparent. The colours on the wings make very fine patterns.",34.64,0.9855,0.0145,0.0,0.0,0.0145,117.78,1,0,1,34.64
5a25k,D:\Main_Project\Multimodal_NDD_Prediction\dyslexia_screening\data/mps/mps_dataset\audios\5a25k_EN-OL-RC-538_2.wav,5,"If you look at pictures of butterflies, you will find that many of them have large, black circles on their wings. These look like eyes. These eyes are very useful to the butterfly. They help it to escape from its enemies. A bird or a lizard which is trying to catch a butterfly mistakes these black circles for the creature's eyes. It aims or tries to hit the eye. But all that it gets is a bit of the wing.",43.69,0.95,0.05,0.0,0.025,0.05,104.37,4,0,4,43.69
5a26c,D:\Main_Project\Multimodal_NDD_Prediction\dyslexia_screening\data/mps/mps_dataset\audios\5a26c_EN-OL-RC-538_1.wav,5,"Butterflies are surely some of the most beautiful creatures in the world. They are beautiful because of the brilliant colours of their wings. If you look at a butterfly's wings through a magnifying glass, you will see that they are covered with very small scales. It is these scales which have colour. Without these scales, the wings would be transparent. The colours on the wings make very fine patterns.",29.9,0.942,0.058,0.0,0.0145,0.058,130.43,7,0,7,29.9
5a26c,D:\Main_Project\Multimodal_NDD_Prediction\dyslexia_screening\data/mps/mps_dataset\audios\5a26c_EN-OL-RC-538_2.wav,5,"If you look at pictures of butterflies, you will find that many of them have large, black circles on their wings. These look like eyes. These eyes are very useful to the butterfly. They help it to escape from its enemies. A bird or a lizard which is trying to catch a butterfly mistakes these black circles for the creature's eyes. It aims or tries to hit the eye. But all that it gets is a bit of the wing.",30.71,0.9375,0.025,0.0375,0.025,0.0625,146.53,5,0,5,30.71
5a26d,D:\Main_Project\Multimodal_NDD_Prediction\dyslexia_screening\data/mps/mps_dataset\audios\5a26d_EN-OL-RC-538_2.wav,5,"If you look at pictures of butterflies, you will find that many of them have large, black circles on their wings. These look like eyes. These eyes are very useful to the butterfly. They help it to escape from its enemies. A bird or a lizard which is trying to catch a butterfly mistakes these black circles for the creature's eyes. It aims or tries to hit the eye. But all that it gets is a bit of the wing.",35.45,0.9375,0.0625,0.0,0.0,0.0625,126.94,11,0,11,35.45
5a26g,D:\Main_Project\Multimodal_NDD_Prediction\dyslexia_screening\data/mps/mps_dataset\audios\5a26g_EN-OL-RC-538_1.wav,5,"Butterflies are surely some of the most beautiful creatures in the world. They are beautiful because of the brilliant colours of their wings. If you look at a butterfly's wings through a magnifying glass, you will see that they are covered with very small scales. It is these scales which have colour. Without these scales, the wings would be transparent. The colours on the wings make very fine patterns.",59.15,0.8986,0.1014,0.0,0.0725,0.1014,62.89,0,0,0,59.15
5a27k,D:\Main_Project\Multimodal_NDD_Prediction\dyslexia_screening\data/mps/mps_dataset\audios\5a27k_EN-OL-RC-538_1.wav,5,"Butterflies are surely some of the most beautiful creatures in the world. They are beautiful because of the brilliant colours of their wings. If you look at a butterfly's wings through a magnifying glass, you will see that they are covered with very small scales. It is these scales which have colour. Without these scales, the wings would be transparent. The colours on the wings make very fine patterns.",27.77,0.942,0.058,0.0,0.0,0.058,140.44,3,0,3,27.77
5a28a,D:\Main_Project\Multimodal_NDD_Prediction\dyslexia_screening\data/mps/mps_dataset\audios\5a28a_EN-OL-RC-538_1.wav,5,"Butterflies are surely some of the most beautiful creatures in the world. They are beautiful because of the brilliant colours of their wings. If you look at a butterfly's wings through a magnifying glass, you will see that they are covered with very small scales. It is these scales which have colour. Without these scales, the wings would be transparent. The colours on the wings make very fine patterns.",40.66,0.942,0.058,0.0,0.0145,0.058,95.92,7,0,7,40.66
5a28a,D:\Main_Project\Multimodal_NDD_Prediction\dyslexia_screening\data/mps/mps_dataset\audios\5a28a_EN-OL-RC-538_2.wav,5,"If you look at pictures of butterflies, you will find that many of them have large, black circles on their wings. These look like eyes. These eyes are very useful to the butterfly. They help it to escape from its enemies. A bird or a lizard which is trying to catch a butterfly mistakes these black circles for the creature's eyes. It aims or tries to hit the eye. But all that it gets is a bit of the wing.",55.91,0.8875,0.1125,0.0,0.0375,0.1125,76.19,18,1,18,55.91
5a28c,D:\Main_Project\Multimodal_NDD_Prediction\dyslexia_screening\data/mps/mps_dataset\audios\5a28c_EN-OL-RC-538_1.wav,5,"Butterflies are surely some of the most beautiful creatures in the world. They are beautiful because of the brilliant colours of their wings. If you look at a butterfly's wings through a magnifying glass, you will see that they are covered with very small scales. It is these scales which have colour. Without these scales, the wings would be transparent. The colours on the wings make very fine patterns.",37.97,0.9565,0.0435,0.0,0.0145,0.0435,104.29,6,1,6,37.97
5a28c,D:\Main_Project\Multimodal_NDD_Prediction\dyslexia_screening\data/mps/mps_dataset\audios\5a28c_EN-OL-RC-538_2.wav,5,"If you look at pictures of butterflies, you will find that many of them have large, black circles on their wings. These look like eyes. These eyes are very useful to the butterfly. They help it to escape from its enemies. A bird or a lizard which is trying to catch a butterfly mistakes these black circles for the creature's eyes. It aims or tries to hit the eye. But all that it gets is a bit of the wing.",42.95,0.975,0.025,0.0,0.025,0.025,108.96,9,1,9,42.95
5a28k,D:\Main_Project\Multimodal_NDD_Prediction\dyslexia_screening\data/mps/mps_dataset\audios\5a28k_EN-OL-RC-538_1.wav,5,"Butterflies are surely some of the most beautiful creatures in the world. They are beautiful because of the brilliant colours of their wings. If you look at a butterfly's wings through a magnifying glass, you will see that they are covered with very small scales. It is these scales which have colour. Without these scales, the wings would be transparent. The colours on the wings make very fine patterns.",49.87,0.7971,0.2029,0.0,0.058,0.2029,66.17,13,1,13,49.87
5a29c,D:\Main_Project\Multimodal_NDD_Prediction\dyslexia_screening\data/mps/mps_dataset\audios\5a29c_EN-OL-RC-538_1.wav,5,"Butterflies are surely some of the most beautiful creatures in the world. They are beautiful because of the brilliant colours of their wings. If you look at a butterfly's wings through a magnifying glass, you will see that they are covered with very small scales. It is these scales which have colour. Without these scales, the wings would be transparent. The colours on the wings make very fine patterns.",28.2,0.9855,0.0145,0.0,0.029,0.0145,144.68,6,0,6,28.2
5a29c,D:\Main_Project\Multimodal_NDD_Prediction\dyslexia_screening\data/mps/mps_dataset\audios\5a29c_EN-OL-RC-538_2.wav,5,"If you look at pictures of butterflies, you will find that many of them have large, black circles on their wings. These look like eyes. These eyes are very useful to the butterfly. They help it to escape from its enemies. A bird or a lizard which is trying to catch a butterfly mistakes these black circles for the creature's eyes. It aims or tries to hit the eye. But all that it gets is a bit of the wing.",31.46,0.9625,0.0375,0.0,0.0,0.0375,146.85,8,0,8,31.46
5a29g,D:\Main_Project\Multimodal_NDD_Prediction\dyslexia_screening\data/mps/mps_dataset\audios\5a29g_EN-OL-RC-538_1.wav,5,"Butterflies are surely some of the most beautiful creatures in the world. They are beautiful because of the brilliant colours of their wings. If you look at a butterfly's wings through a magnifying glass, you will see that they are covered with very small scales. It is these scales which have colour. Without these scales, the wings would be transparent. The colours on the wings make very fine patterns.",44.53,0.942,0.058,0.0,0.0435,0.058,87.58,13,0,13,44.53
5a29h,D:\Main_Project\Multimodal_NDD_Prediction\dyslexia_screening\data/mps/mps_dataset\audios\5a29h_EN-OL-RC-538_1.wav,5,"Butterflies are surely some of the most beautiful creatures in the world. They are beautiful because of the brilliant colours of their wings. If you look at a butterfly's wings through a magnifying glass, you will see that they are covered with very small scales. It is these scales which have colour. Without these scales, the wings would be transparent. The colours on the wings make very fine patterns.",49.19,0.913,0.087,0.0,0.0435,0.087,76.84,4,0,4,49.19
5a29h,D:\Main_Project\Multimodal_NDD_Prediction\dyslexia_screening\data/mps/mps_dataset\audios\5a29h_EN-OL-RC-538_2.wav,5,"If you look at pictures of butterflies, you will find that many of them have large, black circles on their wings. These look like eyes. These eyes are very useful to the butterfly. They help it to escape from its enemies. A bird or a lizard which is trying to catch a butterfly mistakes these black circles for the creature's eyes. It aims or tries to hit the eye. But all that it gets is a bit of the wing.",51.71,0.9125,0.075,0.0125,0.05,0.0875,84.7,5,0,5,51.71
5a29j,D:\Main_Project\Multimodal_NDD_Prediction\dyslexia_screening\data/mps/mps_dataset\audios\5a29j_EN-OL-RC-538_2.wav,5,"If you look at pictures of butterflies, you will find that many of them have large, black circles on their wings. These look like eyes. These eyes are very useful to the butterfly. They help it to escape from its enemies. A bird or a lizard which is trying to catch a butterfly mistakes these black circles for the creature's eyes. It aims or tries to hit the eye. But all that it gets is a bit of the wing.",52.46,0.9,0.1,0.0,0.0375,0.1,82.35,0,0,0,52.46
5a29k,D:\Main_Project\Multimodal_NDD_Prediction\dyslexia_screening\data/mps/mps_dataset\audios\5a29k_EN-OL-RC-538_1.wav,5,"Butterflies are surely some of the most beautiful creatures in the world. They are beautiful because of the brilliant colours of their wings. If you look at a butterfly's wings through a magnifying glass, you will see that they are covered with very small scales. It is these scales which have colour. Without these scales, the wings would be transparent. The colours on the wings make very fine patterns.",31.16,0.971,0.029,0.0,0.0,0.029,129.01,3,0,3,31.16
5a29k,D:\Main_Project\Multimodal_NDD_Prediction\dyslexia_screening\data/mps/mps_dataset\audios\5a29k_EN-OL-RC-538_2.wav,5,"If you look at pictures of butterflies, you will find that many of them have large, black circles on their wings. These look like eyes. These eyes are very useful to the butterfly. They help it to escape from its enemies. A bird or a lizard which is trying to catch a butterfly mistakes these black circles for the creature's eyes. It aims or tries to hit the eye. But all that it gets is a bit of the wing.",41.47,0.9625,0.0375,0.0,0.025,0.0375,111.41,4,0,4,41.47
5a2a,D:\Main_Project\Multimodal_NDD_Prediction\dyslexia_screening\data/mps/mps_dataset\audios\5a2a_EN-OL-RC-538_1.wav,5,"Butterflies are surely some of the most beautiful creatures in the world. They are beautiful because of the brilliant colours of their wings. If you look at a butterfly's wings through a magnifying glass, you will see that they are covered with very small scales. It is these scales which have colour. Without these scales, the wings would be transparent. The colours on the wings make very fine patterns.",40.67,0.8841,0.1159,0.0,0.0145,0.1159,89.99,0,0,0,40.67
5a2b,D:\Main_Project\Multimodal_NDD_Prediction\dyslexia_screening\data/mps/mps_dataset\audios\5a2b_EN-OL-RC-538_1.wav,5,"Butterflies are surely some of the most beautiful creatures in the world. They are beautiful because of the brilliant colours of their wings. If you look at a butterfly's wings through a magnifying glass, you will see that they are covered with very small scales. It is these scales which have colour. Without these scales, the wings would be transparent. The colours on the wings make very fine patterns.",53.92,0.8116,0.1739,0.0145,0.0435,0.1884,62.31,0,0,0,53.92
5a2c,D:\Main_Project\Multimodal_NDD_Prediction\dyslexia_screening\data/mps/mps_dataset\audios\5a2c_EN-OL-RC-538_1.wav,5,"Butterflies are surely some of the most beautiful creatures in the world. They are beautiful because of the brilliant colours of their wings. If you look at a butterfly's wings through a magnifying glass, you will see that they are covered with very small scales. It is these scales which have colour. Without these scales, the wings would be transparent. The colours on the wings make very fine patterns.",28.94,0.9855,0.0145,0.0,0.0145,0.0145,140.98,0,0,0,28.94
5a2c,D:\Main_Project\Multimodal_NDD_Prediction\dyslexia_screening\data/mps/mps_dataset\audios\5a2c_EN-OL-RC-538_2.wav,5,"If you look at pictures of butterflies, you will find that many of them have large, black circles on their wings. These look like eyes. These eyes are very useful to the butterfly. They help it to escape from its enemies. A bird or a lizard which is trying to catch a butterfly mistakes these black circles for the creature's eyes. It aims or tries to hit the eye. But all that it gets is a bit of the wing.",31.43,0.9625,0.0375,0.0,0.025,0.0375,146.99,0,0,0,31.43
5a2j,D:\Main_Project\Multimodal_NDD_Prediction\dyslexia_screening\data/mps/mps_dataset\audios\5a2j_EN-OL-RC-538_1.wav,5,"Butterflies are surely some of the most beautiful creatures in the world. They are beautiful because of the brilliant colours of their wings. If you look at a butterfly's wings through a magnifying glass, you will see that they are covered with very small scales. It is these scales which have colour. Without these scales, the wings would be transparent. The colours on the wings make very fine patterns.",35.05,0.942,0.058,0.0,0.0,0.058,111.27,1,0,1,35.05
5a2k,D:\Main_Project\Multimodal_NDD_Prediction\dyslexia_screening\data/mps/mps_dataset\audios\5a2k_EN-OL-RC-538_1.wav,5,"Butterflies are surely some of the most beautiful creatures in the world. They are beautiful because of the brilliant colours of their wings. If you look at a butterfly's wings through a magnifying glass, you will see that they are covered with very small scales. It is these scales which have colour. Without these scales, the wings would be transparent. The colours on the wings make very fine patterns.",43.19,0.8696,0.1304,0.0,0.0,0.1304,83.35,10,0,10,43.19
5a30a,D:\Main_Project\Multimodal_NDD_Prediction\dyslexia_screening\data/mps/mps_dataset\audios\5a30a_EN-OL-RC-538_1.wav,5,"Butterflies are surely some of the most beautiful creatures in the world. They are beautiful because of the brilliant colours of their wings. If you look at a butterfly's wings through a magnifying glass, you will see that they are covered with very small scales. It is these scales which have colour. Without these scales, the wings would be transparent. The colours on the wings make very fine patterns.",36.02,0.913,0.087,0.0,0.0,0.087,104.94,5,1,5,36.02
5a30a,D:\Main_Project\Multimodal_NDD_Prediction\dyslexia_screening\data/mps/mps_dataset\audios\5a30a_EN-OL-RC-538_2.wav,5,"If you look at pictures of butterflies, you will find that many of them have large, black circles on their wings. These look like eyes. These eyes are very useful to the butterfly. They help it to escape from its enemies. A bird or a lizard which is trying to catch a butterfly mistakes these black circles for the creature's eyes. It aims or tries to hit the eye. But all that it gets is a bit of the wing.",45.41,0.9125,0.0875,0.0,0.025,0.0875,96.45,14,1,14,45.41
5a30c,D:\Main_Project\Multimodal_NDD_Prediction\dyslexia_screening\data/mps/mps_dataset\audios\5a30c_EN-OL-RC-538_1.wav,5,"Butterflies are surely some of the most beautiful creatures in the world. They are beautiful because of the brilliant colours of their wings. If you look at a butterfly's wings through a magnifying glass, you will see that they are covered with very small scales. It is these scales which have colour. Without these scales, the wings would be transparent. The colours on the wings make very fine patterns.",27.11,0.942,0.058,0.0,0.0,0.058,143.86,7,0,7,27.11
5a30c,D:\Main_Project\Multimodal_NDD_Prediction\dyslexia_screening\data/mps/mps_dataset\audios\5a30c_EN-OL-RC-538_2.wav,5,"If you look at pictures of butterflies, you will find that many of them have large, black circles on their wings. These look like eyes. These eyes are very useful to the butterfly. They help it to escape from its enemies. A bird or a lizard which is trying to catch a butterfly mistakes these black circles for the creature's eyes. It aims or tries to hit the eye. But all that it gets is a bit of the wing.",32.12,0.9625,0.025,0.0125,0.0125,0.0375,143.84,7,0,7,32.12
5a30d,D:\Main_Project\Multimodal_NDD_Prediction\dyslexia_screening\data/mps/mps_dataset\audios\5a30d_EN-OL-RC-538_1.wav,5,"Butterflies are surely some of the most beautiful creatures in the world. They are beautiful because of the brilliant colours of their wings. If you look at a butterfly's wings through a magnifying glass, you will see that they are covered with very small scales. It is these scales which have colour. Without these scales, the wings would be transparent. The colours on the wings make very fine patterns.",41.38,0.7246,0.2029,0.0725,0.0435,0.2754,72.5,18,4,18,41.38
5a30f,D:\Main_Project\Multimodal_NDD_Prediction\dyslexia_screening\data/mps/mps_dataset\audios\5a30f_EN-OL-RC-538_2.wav,5,"If you look at pictures of butterflies, you will find that many of them have large, black circles on their wings. These look like eyes. These eyes are very useful to the butterfly. They help it to escape from its enemies. A bird or a lizard which is trying to catch a butterfly mistakes these black circles for the creature's eyes. It aims or tries to hit the eye. But all that it gets is a bit of the wing.",42.67,0.8875,0.1,0.0125,0.0,0.1125,99.84,0,0,0,42.67
5a30k,D:\Main_Project\Multimodal_NDD_Prediction\dyslexia_screening\data/mps/mps_dataset\audios\5a30k_EN-OL-RC-538_1.wav,5,"Butterflies are surely some of the most beautiful creatures in the world. They are beautiful because of the brilliant colours of their wings. If you look at a butterfly's wings through a magnifying glass, you will see that they are covered with very small scales. It is these scales which have colour. Without these scales, the wings would be transparent. The colours on the wings make very fine patterns.",39.65,0.8986,0.1014,0.0,0.029,0.1014,93.82,3,0,3,39.65
5a30k,D:\Main_Project\Multimodal_NDD_Prediction\dyslexia_screening\data/mps/mps_dataset\audios\5a30k_EN-OL-RC-538_2.wav,5,"If you look at pictures of butterflies, you will find that many of them have large, black circles on their wings. These look like eyes. These eyes are very useful to the butterfly. They help it to escape from its enemies. A bird or a lizard which is trying to catch a butterfly mistakes these black circles for the creature's eyes. It aims or tries to hit the eye. But all that it gets is a bit of the wing.",39.29,0.9,0.1,0.0,0.0375,0.1,109.95,1,0,1,39.29
5a31c,D:\Main_Project\Multimodal_NDD_Prediction\dyslexia_screening\data/mps/mps_dataset\audios\5a31c_EN-OL-RC-538_1.wav,5,"Butterflies are surely some of the most beautiful creatures in the world. They are beautiful because of the brilliant colours of their wings. If you look at a butterfly's wings through a magnifying glass, you will see that they are covered with very small scales. It is these scales which have colour. Without these scales, the wings would be transparent. The colours on the wings make very fine patterns.",48.45,0.7826,0.2174,0.0,0.029,0.2174,66.87,19,2,19,48.45
5a31c,D:\Main_Project\Multimodal_NDD_Prediction\dyslexia_screening\data/mps/mps_dataset\audios\5a31c_EN-OL-RC-538_2.wav,5,"If you look at pictures of butterflies, you will find that many of them have large, black circles on their wings. These look like eyes. These eyes are very useful to the butterfly. They help it to escape from its enemies. A bird or a lizard which is trying to catch a butterfly mistakes these black circles for the creature's eyes. It aims or tries to hit the eye. But all that it gets is a bit of the wing.",54.04,0.7875,0.2125,0.0,0.0125,0.2125,69.95,27,1,27,54.04
5a31g,D:\Main_Project\Multimodal_NDD_Prediction\dyslexia_screening\data/mps/mps_dataset\audios\5a31g_EN-OL-RC-538_2.wav,5,"If you look at pictures of butterflies, you will find that many of them have large, black circles on their wings. These look like eyes. These eyes are very useful to the butterfly. They help it to escape from its enemies. A bird or a lizard which is trying to catch a butterfly mistakes these black circles for the creature's eyes. It aims or tries to hit the eye. But all that it gets is a bit of the wing.",40.48,1.0,0.0,0.0,0.025,0.0,118.58,0,0,0,40.48
5a32c,D:\Main_Project\Multimodal_NDD_Prediction\dyslexia_screening\data/mps/mps_dataset\audios\5a32c_EN-OL-RC-538_1.wav,5,"Butterflies are surely some of the most beautiful creatures in the world. They are beautiful because of the brilliant colours of their wings. If you look at a butterfly's wings through a magnifying glass, you will see that they are covered with very small scales. It is these scales which have colour. Without these scales, the wings would be transparent. The colours on the wings make very fine patterns.",50.99,0.6957,0.3043,0.0,0.0435,0.3043,56.48,21,3,21,50.99
5a32c,D:\Main_Project\Multimodal_NDD_Prediction\dyslexia_screening\data/mps/mps_dataset\audios\5a32c_EN-OL-RC-538_2.wav,5,"If you look at pictures of butterflies, you will find that many of them have large, black circles on their wings. These look like eyes. These eyes are very useful to the butterfly. They help it to escape from its enemies. A bird or a lizard which is trying to catch a butterfly mistakes these black circles for the creature's eyes. It aims or tries to hit the eye. But all that it gets is a bit of the wing.",61.22,0.775,0.2,0.025,0.0625,0.225,60.76,33,4,33,61.22
5a32f,D:\Main_Project\Multimodal_NDD_Prediction\dyslexia_screening\data/mps/mps_dataset\audios\5a32f_EN-OL-RC-538_1.wav,5,"Butterflies are surely some of the most beautiful creatures in the world. They are beautiful because of the brilliant colours of their wings. If you look at a butterfly's wings through a magnifying glass, you will see that they are covered with very small scales. It is these scales which have colour. Without these scales, the wings would be transparent. The colours on the wings make very fine patterns.",35.06,0.942,0.058,0.0,0.0,0.058,111.24,0,0,0,35.06
5a32f,D:\Main_Project\Multimodal_NDD_Prediction\dyslexia_screening\data/mps/mps_dataset\audios\5a32f_EN-OL-RC-538_2.wav,5,"If you look at pictures of butterflies, you will find that many of them have large, black circles on their wings. These look like eyes. These eyes are very useful to the butterfly. They help it to escape from its enemies. A bird or a lizard which is trying to catch a butterfly mistakes these black circles for the creature's eyes. It aims or tries to hit the eye. But all that it gets is a bit of the wing.",40.91,0.9375,0.0625,0.0,0.0125,0.0625,110.0,0,0,0,40.91
5a32h,D:\Main_Project\Multimodal_NDD_Prediction\dyslexia_screening\data/mps/mps_dataset\audios\5a32h_EN-OL-RC-538_1.wav,5,"Butterflies are surely some of the most beautiful creatures in the world. They are beautiful because of the brilliant colours of their wings. If you look at a butterfly's wings through a magnifying glass, you will see that they are covered with very small scales. It is these scales which have colour. Without these scales, the wings would be transparent. The colours on the wings make very fine patterns.",33.8,0.8986,0.1014,0.0,0.029,0.1014,110.06,8,0,8,33.8
5a32h,D:\Main_Project\Multimodal_NDD_Prediction\dyslexia_screening\data/mps/mps_dataset\audios\5a32h_EN-OL-RC-538_2.wav,5,"If you look at pictures of butterflies, you will find that many of them have large, black circles on their wings. These look like eyes. These eyes are very useful to the butterfly. They help it to escape from its enemies. A bird or a lizard which is trying to catch a butterfly mistakes these black circles for the creature's eyes. It aims or tries to hit the eye. But all that it gets is a bit of the wing.",35.75,0.9625,0.0375,0.0,0.0,0.0375,129.23,6,0,6,35.75
5a33a,D:\Main_Project\Multimodal_NDD_Prediction\dyslexia_screening\data/mps/mps_dataset\audios\5a33a_EN-OL-RC-538_1.wav,5,"Butterflies are surely some of the most beautiful creatures in the world. They are beautiful because of the brilliant colours of their wings. If you look at a butterfly's wings through a magnifying glass, you will see that they are covered with very small scales. It is these scales which have colour. Without these scales, the wings would be transparent. The colours on the wings make very fine patterns.",36.83,0.942,0.058,0.0,0.0145,0.058,105.89,1,0,1,36.83
5a33c,D:\Main_Project\Multimodal_NDD_Prediction\dyslexia_screening\data/mps/mps_dataset\audios\5a33c_EN-OL-RC-538_2.wav,5,"If you look at pictures of butterflies, you will find that many of them have large, black circles on their wings. These look like eyes. These eyes are very useful to the butterfly. They help it to escape from its enemies. A bird or a lizard which is trying to catch a butterfly mistakes these black circles for the creature's eyes. It aims or tries to hit the eye. But all that it gets is a bit of the wing.",57.23,0.95,0.05,0.0,0.0,0.05,79.68,18,4,18,57.23
5a33h,D:\Main_Project\Multimodal_NDD_Prediction\dyslexia_screening\data/mps/mps_dataset\audios\5a33h_EN-OL-RC-538_1.wav,5,"Butterflies are surely some of the most beautiful creatures in the world. They are beautiful because of the brilliant colours of their wings. If you look at a butterfly's wings through a magnifying glass, you will see that they are covered with very small scales. It is these scales which have colour. Without these scales, the wings would be transparent. The colours on the wings make very fine patterns.",46.43,0.8841,0.1159,0.0,0.058,0.1159,78.83,8,0,8,46.43
5a33h,D:\Main_Project\Multimodal_NDD_Prediction\dyslexia_screening\data/mps/mps_dataset\audios\5a33h_EN-OL-RC-538_2.wav,5,"If you look at pictures of butterflies, you will find that many of them have large, black circles on their wings. These look like eyes. These eyes are very useful to the butterfly. They help it to escape from its enemies. A bird or a lizard which is trying to catch a butterfly mistakes these black circles for the creature's eyes. It aims or tries to hit the eye. But all that it gets is a bit of the wing.",47.87,0.875,0.125,0.0,0.0125,0.125,87.74,11,0,11,47.87
5a33j,D:\Main_Project\Multimodal_NDD_Prediction\dyslexia_screening\data/mps/mps_dataset\audios\5a33j_EN-OL-RC-538_1.wav,5,"Butterflies are surely some of the most beautiful creatures in the world. They are beautiful because of the brilliant colours of their wings. If you look at a butterfly's wings through a magnifying glass, you will see that they are covered with very small scales. It is these scales which have colour. Without these scales, the wings would be transparent. The colours on the wings make very fine patterns.",29.96,0.8261,0.1449,0.029,0.0,0.1739,114.15,0,0,0,29.96
5a33k,D:\Main_Project\Multimodal_NDD_Prediction\dyslexia_screening\data/mps/mps_dataset\audios\5a33k_EN-OL-RC-538_2.wav,5,"If you look at pictures of butterflies, you will find that many of them have large, black circles on their wings. These look like eyes. These eyes are very useful to the butterfly. They help it to escape from its enemies. A bird or a lizard which is trying to catch a butterfly mistakes these black circles for the creature's eyes. It aims or tries to hit the eye. But all that it gets is a bit of the wing.",49.88,0.8,0.1875,0.0125,0.0375,0.2,76.98,21,1,21,49.88
5a34b,D:\Main_Project\Multimodal_NDD_Prediction\dyslexia_screening\data/mps/mps_dataset\audios\5a34b_EN-OL-RC-538_2.wav,5,"If you look at pictures of butterflies, you will find that many of them have large, black circles on their wings. These look like eyes. These eyes are very useful to the butterfly. They help it to escape from its enemies. A bird or a lizard which is trying to catch a butterfly mistakes these black circles for the creature's eyes. It aims or tries to hit the eye. But all that it gets is a bit of the wing.",46.05,0.825,0.15,0.025,0.05,0.175,85.99,0,0,0,46.05
5a34c,D:\Main_Project\Multimodal_NDD_Prediction\dyslexia_screening\data/mps/mps_dataset\audios\5a34c_EN-OL-RC-538_1.wav,5,"Butterflies are surely some of the most beautiful creatures in the world. They are beautiful because of the brilliant colours of their wings. If you look at a butterfly's wings through a magnifying glass, you will see that they are covered with very small scales. It is these scales which have colour. Without these scales, the wings would be transparent. The colours on the wings make very fine patterns.",35.53,0.9565,0.0435,0.0,0.029,0.0435,111.46,8,2,8,35.53
5a34c,D:\Main_Project\Multimodal_NDD_Prediction\dyslexia_screening\data/mps/mps_dataset\audios\5a34c_EN-OL-RC-538_2.wav,5,"If you look at pictures of butterflies, you will find that many of them have large, black circles on their wings. These look like eyes. These eyes are very useful to the butterfly. They help it to escape from its enemies. A bird or a lizard which is trying to catch a butterfly mistakes these black circles for the creature's eyes. It aims or tries to hit the eye. But all that it gets is a bit of the wing.",37.58,0.95,0.05,0.0,0.0,0.05,121.34,14,0,14,37.58
5a34k,D:\Main_Project\Multimodal_NDD_Prediction\dyslexia_screening\data/mps/mps_dataset\audios\5a34k_EN-OL-RC-538_1.wav,5,"Butterflies are surely some of the most beautiful creatures in the world. They are beautiful because of the brilliant colours of their wings. If you look at a butterfly's wings through a magnifying glass, you will see that they are covered with very small scales. It is these scales which have colour. Without these scales, the wings would be transparent. The colours on the wings make very fine patterns.",40.85,0.9275,0.0725,0.0,0.0145,0.0725,94.0,1,0,1,40.85
5a34k,D:\Main_Project\Multimodal_NDD_Prediction\dyslexia_screening\data/mps/mps_dataset\audios\5a34k_EN-OL-RC-538_2.wav,5,"If you look at pictures of butterflies, you will find that many of them have large, black circles on their wings. These look like eyes. These eyes are very useful to the butterfly. They help it to escape from its enemies. A bird or a lizard which is trying to catch a butterfly mistakes these black circles for the creature's eyes. It aims or tries to hit the eye. But all that it gets is a bit of the wing.",52.84,0.8875,0.1125,0.0,0.05,0.1125,80.62,7,1,7,52.84
5a35b,D:\Main_Project\Multimodal_NDD_Prediction\dyslexia_screening\data/mps/mps_dataset\audios\5a35b_EN-OL-RC-538_1.wav,5,"Butterflies are surely some of the most beautiful creatures in the world. They are beautiful because of the brilliant colours of their wings. If you look at a butterfly's wings through a magnifying glass, you will see that they are covered with very small scales. It is these scales which have colour. Without these scales, the wings would be transparent. The colours on the wings make very fine patterns.",60.8,0.6232,0.2174,0.1594,0.058,0.3768,42.43,0,0,0,60.8
5a35c,D:\Main_Project\Multimodal_NDD_Prediction\dyslexia_screening\data/mps/mps_dataset\audios\5a35c_EN-OL-RC-538_1.wav,5,"Butterflies are surely some of the most beautiful creatures in the world. They are beautiful because of the brilliant colours of their wings. If you look at a butterfly's wings through a magnifying glass, you will see that they are covered with very small scales. It is these scales which have colour. Without these scales, the wings would be transparent. The colours on the wings make very fine patterns.",33.65,0.9565,0.0435,0.0,0.0,0.0435,117.68,5,0,5,33.65
5a35c,D:\Main_Project\Multimodal_NDD_Prediction\dyslexia_screening\data/mps/mps_dataset\audios\5a35c_EN-OL-RC-538_2.wav,5,"If you look at pictures of butterflies, you will find that many of them have large, black circles on their wings. These look like eyes. These eyes are very useful to the butterfly. They help it to escape from its enemies. A bird or a lizard which is trying to catch a butterfly mistakes these black circles for the creature's eyes. It aims or tries to hit the eye. But all that it gets is a bit of the wing.",38.84,0.9375,0.0625,0.0,0.025,0.0625,115.86,9,0,9,38.84
5a35d,D:\Main_Project\Multimodal_NDD_Prediction\dyslexia_screening\data/mps/mps_dataset\audios\5a35d_EN-OL-RC-538_2.wav,5,"If you look at pictures of butterflies, you will find that many of them have large, black circles on their wings. These look like eyes. These eyes are very useful to the butterfly. They help it to escape from its enemies. A bird or a lizard which is trying to catch a butterfly mistakes these black circles for the creature's eyes. It aims or tries to hit the eye. But all that it gets is a bit of the wing.",33.61,0.9,0.0875,0.0125,0.025,0.1,128.53,9,0,9,33.61
5a35f,D:\Main_Project\Multimodal_NDD_Prediction\dyslexia_screening\data/mps/mps_dataset\audios\5a35f_EN-OL-RC-538_1.wav,5,"Butterflies are surely some of the most beautiful creatures in the world. They are beautiful because of the brilliant colours of their wings. If you look at a butterfly's wings through a magnifying glass, you will see that they are covered with very small scales. It is these scales which have colour. Without these scales, the wings would be transparent. The colours on the wings make very fine patterns.",41.99,0.971,0.029,0.0,0.0145,0.029,95.74,0,0,0,41.99
5a35f,D:\Main_Project\Multimodal_NDD_Prediction\dyslexia_screening\data/mps/mps_dataset\audios\5a35f_EN-OL-RC-538_2.wav,5,"If you look at pictures of butterflies, you will find that many of them have large, black circles on their wings. These look like eyes. These eyes are very useful to the butterfly. They help it to escape from its enemies. A bird or a lizard which is trying to catch a butterfly mistakes these black circles for the creature's eyes. It aims or tries to hit the eye. But all that it gets is a bit of the wing.",51.53,0.95,0.05,0.0,0.025,0.05,88.49,0,0,0,51.53
5a35k,D:\Main_Project\Multimodal_NDD_Prediction\dyslexia_screening\data/mps/mps_dataset\audios\5a35k_EN-OL-RC-538_2.wav,5,"If you look at pictures of butterflies, you will find that many of them have large, black circles on their wings. These look like eyes. These eyes are very useful to the butterfly. They help it to escape from its enemies. A bird or a lizard which is trying to catch a butterfly mistakes these black circles for the creature's eyes. It aims or tries to hit the eye. But all that it gets is a bit of the wing.",49.16,0.9125,0.0875,0.0,0.0375,0.0875,89.1,10,0,10,49.16
5a36a,D:\Main_Project\Multimodal_NDD_Prediction\dyslexia_screening\data/mps/mps_dataset\audios\5a36a_EN-OL-RC-538_1.wav,5,"Butterflies are surely some of the most beautiful creatures in the world. They are beautiful because of the brilliant colours of their wings. If you look at a butterfly's wings through a magnifying glass, you will see that they are covered with very small scales. It is these scales which have colour. Without these scales, the wings would be transparent. The colours on the wings make very fine patterns.",34.25,0.9855,0.0145,0.0,0.0,0.0145,119.12,3,0,3,34.25
5a36a,D:\Main_Project\Multimodal_NDD_Prediction\dyslexia_screening\data/mps/mps_dataset\audios\5a36a_EN-OL-RC-538_2.wav,5,"If you look at pictures of butterflies, you will find that many of them have large, black circles on their wings. These look like eyes. These eyes are very useful to the butterfly. They help it to escape from its enemies. A bird or a lizard which is trying to catch a butterfly mistakes these black circles for the creature's eyes. It aims or tries to hit the eye. But all that it gets is a bit of the wing.",39.8,0.9625,0.0375,0.0,0.0125,0.0375,116.08,1,1,1,39.8
5a36c,D:\Main_Project\Multimodal_NDD_Prediction\dyslexia_screening\data/mps/mps_dataset\audios\5a36c_EN-OL-RC-538_2.wav,5,"If you look at pictures of butterflies, you will find that many of them have large, black circles on their wings. These look like eyes. These eyes are very useful to the butterfly. They help it to escape from its enemies. A bird or a lizard which is trying to catch a butterfly mistakes these black circles for the creature's eyes. It aims or tries to hit the eye. But all that it gets is a bit of the wing.",42.92,0.925,0.0625,0.0125,0.0875,0.075,103.45,11,0,11,42.92
5a36d,D:\Main_Project\Multimodal_NDD_Prediction\dyslexia_screening\data/mps/mps_dataset\audios\5a36d_EN-OL-RC-538_1.wav,5,"Butterflies are surely some of the most beautiful creatures in the world. They are beautiful because of the brilliant colours of their wings. If you look at a butterfly's wings through a magnifying glass, you will see that they are covered with very small scales. It is these scales which have colour. Without these scales, the wings would be transparent. The colours on the wings make very fine patterns.",52.69,0.8986,0.1014,0.0,0.0435,0.1014,70.6,26,2,26,52.69
5a36k,D:\Main_Project\Multimodal_NDD_Prediction\dyslexia_screening\data/mps/mps_dataset\audios\5a36k_EN-OL-RC-538_1.wav,5,"Butterflies are surely some of the most beautiful creatures in the world. They are beautiful because of the brilliant colours of their wings. If you look at a butterfly's wings through a magnifying glass, you will see that they are covered with very small scales. It is these scales which have colour. Without these scales, the wings would be transparent. The colours on the wings make very fine patterns.",36.95,0.913,0.087,0.0,0.0145,0.087,102.3,3,1,3,36.95
5a36k,D:\Main_Project\Multimodal_NDD_Prediction\dyslexia_screening\data/mps/mps_dataset\audios\5a36k_EN-OL-RC-538_2.wav,5,"If you look at pictures of butterflies, you will find that many of them have large, black circles on their wings. These look like eyes. These eyes are very useful to the butterfly. They help it to escape from its enemies. A bird or a lizard which is trying to catch a butterfly mistakes these black circles for the creature's eyes. It aims or tries to hit the eye. But all that it gets is a bit of the wing.",40.16,0.925,0.075,0.0,0.0,0.075,110.56,7,0,7,40.16
5a37b,D:\Main_Project\Multimodal_NDD_Prediction\dyslexia_screening\data/mps/mps_dataset\audios\5a37b_EN-OL-RC-538_1.wav,5,"Butterflies are surely some of the most beautiful creatures in the world. They are beautiful because of the brilliant colours of their wings. If you look at a butterfly's wings through a magnifying glass, you will see that they are covered with very small scales. It is these scales which have colour. Without these scales, the wings would be transparent. The colours on the wings make very fine patterns.",34.95,0.8551,0.1304,0.0145,0.029,0.1449,101.29,0,0,0,34.95
5a37c,D:\Main_Project\Multimodal_NDD_Prediction\dyslexia_screening\data/mps/mps_dataset\audios\5a37c_EN-OL-RC-538_1.wav,5,"Butterflies are surely some of the most beautiful creatures in the world. They are beautiful because of the brilliant colours of their wings. If you look at a butterfly's wings through a magnifying glass, you will see that they are covered with very small scales. It is these scales which have colour. Without these scales, the wings would be transparent. The colours on the wings make very fine patterns.",31.43,0.9855,0.0145,0.0,0.0,0.0145,129.81,7,0,7,31.43
5a37c,D:\Main_Project\Multimodal_NDD_Prediction\dyslexia_screening\data/mps/mps_dataset\audios\5a37c_EN-OL-RC-538_2.wav,5,"If you look at pictures of butterflies, you will find that many of them have large, black circles on their wings. These look like eyes. These eyes are very useful to the butterfly. They help it to escape from its enemies. A bird or a lizard which is trying to catch a butterfly mistakes these black circles for the creature's eyes. It aims or tries to hit the eye. But all that it gets is a bit of the wing.",35.06,0.9375,0.0625,0.0,0.0125,0.0625,128.35,10,0,10,35.06
5a37j,D:\Main_Project\Multimodal_NDD_Prediction\dyslexia_screening\data/mps/mps_dataset\audios\5a37j_EN-OL-RC-538_2.wav,5,"If you look at pictures of butterflies, you will find that many of them have large, black circles on their wings. These look like eyes. These eyes are very useful to the butterfly. They help it to escape from its enemies. A bird or a lizard which is trying to catch a butterfly mistakes these black circles for the creature's eyes. It aims or tries to hit the eye. But all that it gets is a bit of the wing.",41.36,0.8875,0.0875,0.025,0.0375,0.1125,103.0,0,0,0,41.36
5a37k,D:\Main_Project\Multimodal_NDD_Prediction\dyslexia_screening\data/mps/mps_dataset\audios\5a37k_EN-OL-RC-538_2.wav,5,"If you look at pictures of butterflies, you will find that many of them have large, black circles on their wings. These look like eyes. These eyes are very useful to the butterfly. They help it to escape from its enemies. A bird or a lizard which is trying to catch a butterfly mistakes these black circles for the creature's eyes. It aims or tries to hit the eye. But all that it gets is a bit of the wing.",52.1,0.975,0.025,0.0,0.0375,0.025,89.83,7,0,7,52.1
5a38b,D:\Main_Project\Multimodal_NDD_Prediction\dyslexia_screening\data/mps/mps_dataset\audios\5a38b_EN-OL-RC-538_2.wav,5,"If you look at pictures of butterflies, you will find that many of them have large, black circles on their wings. These look like eyes. These eyes are very useful to the butterfly. They help it to escape from its enemies. A bird or a lizard which is trying to catch a butterfly mistakes these black circles for the creature's eyes. It aims or tries to hit the eye. But all that it gets is a bit of the wing.",61.04,0.825,0.125,0.05,0.075,0.175,64.88,0,0,0,61.04
5a38c,D:\Main_Project\Multimodal_NDD_Prediction\dyslexia_screening\data/mps/mps_dataset\audios\5a38c_EN-OL-RC-538_1.wav,5,"Butterflies are surely some of the most beautiful creatures in the world. They are beautiful because of the brilliant colours of their wings. If you look at a butterfly's wings through a magnifying glass, you will see that they are covered with very small scales. It is these scales which have colour. Without these scales, the wings would be transparent. The colours on the wings make very fine patterns.",29.18,0.9855,0.0145,0.0,0.0,0.0145,139.82,5,0,5,29.18
5a38c,D:\Main_Project\Multimodal_NDD_Prediction\dyslexia_screening\data/mps/mps_dataset\audios\5a38c_EN-OL-RC-538_2.wav,5,"If you look at pictures of butterflies, you will find that many of them have large, black circles on their wings. These look like eyes. These eyes are very useful to the butterfly. They help it to escape from its enemies. A bird or a lizard which is trying to catch a butterfly mistakes these black circles for the creature's eyes. It aims or tries to hit the eye. But all that it gets is a bit of the wing.",35.75,0.9375,0.05,0.0125,0.0125,0.0625,125.87,7,0,7,35.75
5a38d,D:\Main_Project\Multimodal_NDD_Prediction\dyslexia_screening\data/mps/mps_dataset\audios\5a38d_EN-OL-RC-538_2.wav,5,"If you look at pictures of butterflies, you will find that many of them have large, black circles on their wings. These look like eyes. These eyes are very useful to the butterfly. They help it to escape from its enemies. A bird or a lizard which is trying to catch a butterfly mistakes these black circles for the creature's eyes. It aims or tries to hit the eye. But all that it gets is a bit of the wing.",39.11,0.9625,0.025,0.0125,0.0,0.0375,118.13,14,0,14,39.11
5a38f,D:\Main_Project\Multimodal_NDD_Prediction\dyslexia_screening\data/mps/mps_dataset\audios\5a38f_EN-OL-RC-538_1.wav,5,"Butterflies are surely some of the most beautiful creatures in the world. They are beautiful because of the brilliant colours of their wings. If you look at a butterfly's wings through a magnifying glass, you will see that they are covered with very small scales. It is these scales which have colour. Without these scales, the wings would be transparent. The colours on the wings make very fine patterns.",37.22,0.8406,0.1594,0.0,0.0,0.1594,93.5,0,0,0,37.22
5a38h,D:\Main_Project\Multimodal_NDD_Prediction\dyslexia_screening\data/mps/mps_dataset\audios\5a38h_EN-OL-RC-538_1.wav,5,"Butterflies are surely some of the most beautiful creatures in the world. They are beautiful because of the brilliant colours of their wings. If you look at a butterfly's wings through a magnifying glass, you will see that they are covered with very small scales. It is these scales which have colour. Without these scales, the wings would be transparent. The colours on the wings make very fine patterns.",35.93,0.9855,0.0145,0.0,0.058,0.0145,113.55,4,0,4,35.93
5a38h,D:\Main_Project\Multimodal_NDD_Prediction\dyslexia_screening\data/mps/mps_dataset\audios\5a38h_EN-OL-RC-538_2.wav,5,"If you look at pictures of butterflies, you will find that many of them have large, black circles on their wings. These look like eyes. These eyes are very useful to the butterfly. They help it to escape from its enemies. A bird or a lizard which is trying to catch a butterfly mistakes these black circles for the creature's eyes. It aims or tries to hit the eye. But all that it gets is a bit of the wing.",37.67,0.9375,0.0625,0.0,0.025,0.0625,119.46,8,0,8,37.67
5a38k,D:\Main_Project\Multimodal_NDD_Prediction\dyslexia_screening\data/mps/mps_dataset\audios\5a38k_EN-OL-RC-538_1.wav,5,"Butterflies are surely some of the most beautiful creatures in the world. They are beautiful because of the brilliant colours of their wings. If you look at a butterfly's wings through a magnifying glass, you will see that they are covered with very small scales. It is these scales which have colour. Without these scales, the wings would be transparent. The colours on the wings make very fine patterns.",39.2,1.0,0.0,0.0,0.0,0.0,105.61,10,0,10,39.2
5a38k,D:\Main_Project\Multimodal_NDD_Prediction\dyslexia_screening\data/mps/mps_dataset\audios\5a38k_EN-OL-RC-538_2.wav,5,"If you look at pictures of butterflies, you will find that many of them have large, black circles on their wings. These look like eyes. These eyes are very useful to the butterfly. They help it to escape from its enemies. A bird or a lizard which is trying to catch a butterfly mistakes these black circles for the creature's eyes. It aims or tries to hit the eye. But all that it gets is a bit of the wing.",42.14,1.0,0.0,0.0,0.0125,0.0,113.91,7,0,7,42.14
5a39k,D:\Main_Project\Multimodal_NDD_Prediction\dyslexia_screening\data/mps/mps_dataset\audios\5a39k_EN-OL-RC-538_1.wav,5,"Butterflies are surely some of the most beautiful creatures in the world. They are beautiful because of the brilliant colours of their wings. If you look at a butterfly's wings through a magnifying glass, you will see that they are covered with very small scales. It is these scales which have colour. Without these scales, the wings would be transparent. The colours on the wings make very fine patterns.",30.08,0.971,0.029,0.0,0.0,0.029,133.64,2,1,2,30.08
5a39k,D:\Main_Project\Multimodal_NDD_Prediction\dyslexia_screening\data/mps/mps_dataset\audios\5a39k_EN-OL-RC-538_2.wav,5,"If you look at pictures of butterflies, you will find that many of them have large, black circles on their wings. These look like eyes. These eyes are very useful to the butterfly. They help it to escape from its enemies. A bird or a lizard which is trying to catch a butterfly mistakes these black circles for the creature's eyes. It aims or tries to hit the eye. But all that it gets is a bit of the wing.",36.69,0.975,0.025,0.0,0.025,0.025,127.56,5,1,5,36.69
5a3a,D:\Main_Project\Multimodal_NDD_Prediction\dyslexia_screening\data/mps/mps_dataset\audios\5a3a_EN-OL-RC-538_1.wav,5,"Butterflies are surely some of the most beautiful creatures in the world. They are beautiful because of the brilliant colours of their wings. If you look at a butterfly's wings through a magnifying glass, you will see that they are covered with very small scales. It is these scales which have colour. Without these scales, the wings would be transparent. The colours on the wings make very fine patterns.",40.91,0.9275,0.0725,0.0,0.0435,0.0725,93.86,1,0,1,40.91
5a3a,D:\Main_Project\Multimodal_NDD_Prediction\dyslexia_screening\data/mps/mps_dataset\audios\5a3a_EN-OL-RC-538_2.wav,5,"If you look at pictures of butterflies, you will find that many of them have large, black circles on their wings. These look like eyes. These eyes are very useful to the butterfly. They help it to escape from its enemies. A bird or a lizard which is trying to catch a butterfly mistakes these black circles for the creature's eyes. It aims or tries to hit the eye. But all that it gets is a bit of the wing.",46.6,0.875,0.1125,0.0125,0.0125,0.125,90.13,11,1,11,46.6
5a3c,D:\Main_Project\Multimodal_NDD_Prediction\dyslexia_screening\data/mps/mps_dataset\audios\5a3c_EN-OL-RC-538_1.wav,5,"Butterflies are surely some of the most beautiful creatures in the world. They are beautiful because of the brilliant colours of their wings. If you look at a butterfly's wings through a magnifying glass, you will see that they are covered with very small scales. It is these scales which have colour. Without these scales, the wings would be transparent. The colours on the wings make very fine patterns.",42.57,0.8841,0.1159,0.0,0.029,0.1159,85.98,18,0,18,42.57
5a3c,D:\Main_Project\Multimodal_NDD_Prediction\dyslexia_screening\data/mps/mps_dataset\audios\5a3c_EN-OL-RC-538_2.wav,5,"If you look at pictures of butterflies, you will find that many of them have large, black circles on their wings. These look like eyes. These eyes are very useful to the butterfly. They help it to escape from its enemies. A bird or a lizard which is trying to catch a butterfly mistakes these black circles for the creature's eyes. It aims or tries to hit the eye. But all that it gets is a bit of the wing.",43.0,0.9375,0.0625,0.0,0.025,0.0625,104.65,17,0,17,43.0
5a3d,D:\Main_Project\Multimodal_NDD_Prediction\dyslexia_screening\data/mps/mps_dataset\audios\5a3d_EN-OL-RC-538_1.wav,5,"Butterflies are surely some of the most beautiful creatures in the world. They are beautiful because of the brilliant colours of their wings. If you look at a butterfly's wings through a magnifying glass, you will see that they are covered with very small scales. It is these scales which have colour. Without these scales, the wings would be transparent. The colours on the wings make very fine patterns.",49.7,0.9275,0.0725,0.0,0.0145,0.0725,77.26,14,1,14,49.7
5a3f,D:\Main_Project\Multimodal_NDD_Prediction\dyslexia_screening\data/mps/mps_dataset\audios\5a3f_EN-OL-RC-538_1.wav,5,"Butterflies are surely some of the most beautiful creatures in the world. They are beautiful because of the brilliant colours of their wings. If you look at a butterfly's wings through a magnifying glass, you will see that they are covered with very small scales. It is these scales which have colour. Without these scales, the wings would be transparent. The colours on the wings make very fine patterns.",38.33,0.942,0.058,0.0,0.0,0.058,101.75,0,0,0,38.33
5a3f,D:\Main_Project\Multimodal_NDD_Prediction\dyslexia_screening\data/mps/mps_dataset\audios\5a3f_EN-OL-RC-538_2.wav,5,"If you look at pictures of butterflies, you will find that many of them have large, black circles on their wings. These look like eyes. These eyes are very useful to the butterfly. They help it to escape from its enemies. A bird or a lizard which is trying to catch a butterfly mistakes these black circles for the creature's eyes. It aims or tries to hit the eye. But all that it gets is a bit of the wing.",47.93,0.9375,0.0625,0.0,0.0,0.0625,93.89,0,0,0,47.93
5a3k,D:\Main_Project\Multimodal_NDD_Prediction\dyslexia_screening\data/mps/mps_dataset\audios\5a3k_EN-OL-RC-538_1.wav,5,"Butterflies are surely some of the most beautiful creatures in the world. They are beautiful because of the brilliant colours of their wings. If you look at a butterfly's wings through a magnifying glass, you will see that they are covered with very small scales. It is these scales which have colour. Without these scales, the wings would be transparent. The colours on the wings make very fine patterns.",38.81,0.9565,0.0435,0.0,0.0,0.0435,102.04,1,0,1,38.81
5a3k,D:\Main_Project\Multimodal_NDD_Prediction\dyslexia_screening\data/mps/mps_dataset\audios\5a3k_EN-OL-RC-538_2.wav,5,"If you look at pictures of butterflies, you will find that many of them have large, black circles on their wings. These look like eyes. These eyes are very useful to the butterfly. They help it to escape from its enemies. A bird or a lizard which is trying to catch a butterfly mistakes these black circles for the creature's eyes. It aims or tries to hit the eye. But all that it gets is a bit of the wing.",46.04,0.9625,0.0375,0.0,0.025,0.0375,100.35,4,1,4,46.04
5a40b,D:\Main_Project\Multimodal_NDD_Prediction\dyslexia_screening\data/mps/mps_dataset\audios\5a40b_EN-OL-RC-538_1.wav,5,"Butterflies are surely some of the most beautiful creatures in the world. They are beautiful because of the brilliant colours of their wings. If you look at a butterfly's wings through a magnifying glass, you will see that they are covered with very small scales. It is these scales which have colour. Without these scales, the wings would be transparent. The colours on the wings make very fine patterns.",39.34,0.942,0.058,0.0,0.0435,0.058,99.14,0,0,0,39.34
5a40b,D:\Main_Project\Multimodal_NDD_Prediction\dyslexia_screening\data/mps/mps_dataset\audios\5a40b_EN-OL-RC-538_2.wav,5,"If you look at pictures of butterflies, you will find that many of them have large, black circles on their wings. These look like eyes. These eyes are very useful to the butterfly. They help it to escape from its enemies. A bird or a lizard which is trying to catch a butterfly mistakes these black circles for the creature's eyes. It aims or tries to hit the eye. But all that it gets is a bit of the wing.",55.34,0.875,0.125,0.0,0.1,0.125,75.89,0,0,0,55.34
5a40c,D:\Main_Project\Multimodal_NDD_Prediction\dyslexia_screening\data/mps/mps_dataset\audios\5a40c_EN-OL-RC-538_2.wav,5,"If you look at pictures of butterflies, you will find that many of them have large, black circles on their wings. These look like eyes. These eyes are very useful to the butterfly. They help it to escape from its enemies. A bird or a lizard which is trying to catch a butterfly mistakes these black circles for the creature's eyes. It aims or tries to hit the eye. But all that it gets is a bit of the wing.",41.72,0.9625,0.0375,0.0,0.0375,0.0375,110.74,6,0,6,41.72
5a40j,D:\Main_Project\Multimodal_NDD_Prediction\dyslexia_screening\data/mps/mps_dataset\audios\5a40j_EN-OL-RC-538_1.wav,5,"Butterflies are surely some of the most beautiful creatures in the world. They are beautiful because of the brilliant colours of their wings. If you look at a butterfly's wings through a magnifying glass, you will see that they are covered with very small scales. It is these scales which have colour. Without these scales, the wings would be transparent. The colours on the wings make very fine patterns.",36.11,0.8841,0.1159,0.0,0.058,0.1159,101.36,0,0,0,36.11
5a40j,D:\Main_Project\Multimodal_NDD_Prediction\dyslexia_screening\data/mps/mps_dataset\audios\5a40j_EN-OL-RC-538_2.wav,5,"If you look at pictures of butterflies, you will find that many of them have large, black circles on their wings. These look like eyes. These eyes are very useful to the butterfly. They help it to escape from its enemies. A bird or a lizard which is trying to catch a butterfly mistakes these black circles for the creature's eyes. It aims or tries to hit the eye. But all that it gets is a bit of the wing.",46.4,0.775,0.2125,0.0125,0.05,0.225,80.17,1,0,1,46.4
5a40k,D:\Main_Project\Multimodal_NDD_Prediction\dyslexia_screening\data/mps/mps_dataset\audios\5a40k_EN-OL-RC-538_1.wav,5,"Butterflies are surely some of the most beautiful creatures in the world. They are beautiful because of the brilliant colours of their wings. If you look at a butterfly's wings through a magnifying glass, you will see that they are covered with very small scales. It is these scales which have colour. Without these scales, the wings would be transparent. The colours on the wings make very fine patterns.",39.11,0.9855,0.0145,0.0,0.0,0.0145,104.32,9,0,9,39.11
5a41b,D:\Main_Project\Multimodal_NDD_Prediction\dyslexia_screening\data/mps/mps_dataset\audios\5a41b_EN-OL-RC-538_1.wav,5,"Butterflies are surely some of the most beautiful creatures in the world. They are beautiful because of the brilliant colours of their wings. If you look at a butterfly's wings through a magnifying glass, you will see that they are covered with very small scales. It is these scales which have colour. Without these scales, the wings would be transparent. The colours on the wings make very fine patterns.",45.95,0.7536,0.2174,0.029,0.0,0.2464,67.9,0,0,0,45.95
5a41b,D:\Main_Project\Multimodal_NDD_Prediction\dyslexia_screening\data/mps/mps_dataset\audios\5a41b_EN-OL-RC-538_2.wav,5,"If you look at pictures of butterflies, you will find that many of them have large, black circles on their wings. These look like eyes. These eyes are very useful to the butterfly. They help it to escape from its enemies. A bird or a lizard which is trying to catch a butterfly mistakes these black circles for the creature's eyes. It aims or tries to hit the eye. But all that it gets is a bit of the wing.",57.59,0.8625,0.1375,0.0,0.0375,0.1375,71.89,0,0,0,57.59
5a41g,D:\Main_Project\Multimodal_NDD_Prediction\dyslexia_screening\data/mps/mps_dataset\audios\5a41g_EN-OL-RC-538_2.wav,5,"If you look at pictures of butterflies, you will find that many of them have large, black circles on their wings. These look like eyes. These eyes are very useful to the butterfly. They help it to escape from its enemies. A bird or a lizard which is trying to catch a butterfly mistakes these black circles for the creature's eyes. It aims or tries to hit the eye. But all that it gets is a bit of the wing.",44.15,1.0,0.0,0.0,0.025,0.0,108.72,12,1,12,44.15
5a41k,D:\Main_Project\Multimodal_NDD_Prediction\dyslexia_screening\data/mps/mps_dataset\audios\5a41k_EN-OL-RC-538_1.wav,5,"Butterflies are surely some of the most beautiful creatures in the world. They are beautiful because of the brilliant colours of their wings. If you look at a butterfly's wings through a magnifying glass, you will see that they are covered with very small scales. It is these scales which have colour. Without these scales, the wings would be transparent. The colours on the wings make very fine patterns.",33.14,0.942,0.058,0.0,0.0435,0.058,117.68,2,0,2,33.14
5a42c,D:\Main_Project\Multimodal_NDD_Prediction\dyslexia_screening\data/mps/mps_dataset\audios\5a42c_EN-OL-RC-538_1.wav,5,"Butterflies are surely some of the most beautiful creatures in the world. They are beautiful because of the brilliant colours of their wings. If you look at a butterfly's wings through a magnifying glass, you will see that they are covered with very small scales. It is these scales which have colour. Without these scales, the wings would be transparent. The colours on the wings make very fine patterns.",27.44,0.9565,0.0435,0.0,0.0,0.0435,144.31,8,0,8,27.44
5a42c,D:\Main_Project\Multimodal_NDD_Prediction\dyslexia_screening\data/mps/mps_dataset\audios\5a42c_EN-OL-RC-538_2.wav,5,"If you look at pictures of butterflies, you will find that many of them have large, black circles on their wings. These look like eyes. These eyes are very useful to the butterfly. They help it to escape from its enemies. A bird or a lizard which is trying to catch a butterfly mistakes these black circles for the creature's eyes. It aims or tries to hit the eye. But all that it gets is a bit of the wing.",29.24,0.9125,0.075,0.0125,0.025,0.0875,149.79,4,0,4,29.24
5a42j,D:\Main_Project\Multimodal_NDD_Prediction\dyslexia_screening\data/mps/mps_dataset\audios\5a42j_EN-OL-RC-538_2.wav,5,"If you look at pictures of butterflies, you will find that many of them have large, black circles on their wings. These look like eyes. These eyes are very useful to the butterfly. They help it to escape from its enemies. A bird or a lizard which is trying to catch a butterfly mistakes these black circles for the creature's eyes. It aims or tries to hit the eye. But all that it gets is a bit of the wing.",41.81,0.875,0.125,0.0,0.0125,0.125,100.45,4,0,4,41.81
5a42k,D:\Main_Project\Multimodal_NDD_Prediction\dyslexia_screening\data/mps/mps_dataset\audios\5a42k_EN-OL-RC-538_2.wav,5,"If you look at pictures of butterflies, you will find that many of them have large, black circles on their wings. These look like eyes. These eyes are very useful to the butterfly. They help it to escape from its enemies. A bird or a lizard which is trying to catch a butterfly mistakes these black circles for the creature's eyes. It aims or tries to hit the eye. But all that it gets is a bit of the wing.",36.77,1.0,0.0,0.0,0.0125,0.0,130.54,5,0,5,36.77
5a43c,D:\Main_Project\Multimodal_NDD_Prediction\dyslexia_screening\data/mps/mps_dataset\audios\5a43c_EN-OL-RC-538_1.wav,5,"Butterflies are surely some of the most beautiful creatures in the world. They are beautiful because of the brilliant colours of their wings. If you look at a butterfly's wings through a magnifying glass, you will see that they are covered with very small scales. It is these scales which have colour. Without these scales, the wings would be transparent. The colours on the wings make very fine patterns.",36.2,0.9565,0.0435,0.0,0.0,0.0435,109.39,7,1,7,36.2
5a43c,D:\Main_Project\Multimodal_NDD_Prediction\dyslexia_screening\data/mps/mps_dataset\audios\5a43c_EN-OL-RC-538_2.wav,5,"If you look at pictures of butterflies, you will find that many of them have large, black circles on their wings. These look like eyes. These eyes are very useful to the butterfly. They help it to escape from its enemies. A bird or a lizard which is trying to catch a butterfly mistakes these black circles for the creature's eyes. It aims or tries to hit the eye. But all that it gets is a bit of the wing.",40.7,0.95,0.05,0.0,0.0125,0.05,112.04,14,0,14,40.7
5a43f,D:\Main_Project\Multimodal_NDD_Prediction\dyslexia_screening\data/mps/mps_dataset\audios\5a43f_EN-OL-RC-538_1.wav,5,"Butterflies are surely some of the most beautiful creatures in the world. They are beautiful because of the brilliant colours of their wings. If you look at a butterfly's wings through a magnifying glass, you will see that they are covered with very small scales. It is these scales which have colour. Without these scales, the wings would be transparent. The colours on the wings make very fine patterns.",54.77,0.8406,0.1594,0.0,0.029,0.1594,63.54,0,0,0,54.77
5a43j,D:\Main_Project\Multimodal_NDD_Prediction\dyslexia_screening\data/mps/mps_dataset\audios\5a43j_EN-OL-RC-538_1.wav,5,"Butterflies are surely some of the most beautiful creatures in the world. They are beautiful because of the brilliant colours of their wings. If you look at a butterfly's wings through a magnifying glass, you will see that they are covered with very small scales. It is these scales which have colour. Without these scales, the wings would be transparent. The colours on the wings make very fine patterns.",50.51,0.8696,0.1014,0.029,0.0145,0.1304,71.27,12,2,12,50.51
5a43k,D:\Main_Project\Multimodal_NDD_Prediction\dyslexia_screening\data/mps/mps_dataset\audios\5a43k_EN-OL-RC-538_1.wav,5,"Butterflies are surely some of the most beautiful creatures in the world. They are beautiful because of the brilliant colours of their wings. If you look at a butterfly's wings through a magnifying glass, you will see that they are covered with very small scales. It is these scales which have colour. Without these scales, the wings would be transparent. The colours on the wings make very fine patterns.",49.16,0.8986,0.087,0.0145,0.029,0.1014,75.67,7,0,7,49.16
5a43k,D:\Main_Project\Multimodal_NDD_Prediction\dyslexia_screening\data/mps/mps_dataset\audios\5a43k_EN-OL-RC-538_2.wav,5,"If you look at pictures of butterflies, you will find that many of them have large, black circles on their wings. These look like eyes. These eyes are very useful to the butterfly. They help it to escape from its enemies. A bird or a lizard which is trying to catch a butterfly mistakes these black circles for the creature's eyes. It aims or tries to hit the eye. But all that it gets is a bit of the wing.",57.88,0.8875,0.1,0.0125,0.05,0.1125,73.6,8,0,8,57.88
5a44b,D:\Main_Project\Multimodal_NDD_Prediction\dyslexia_screening\data/mps/mps_dataset\audios\5a44b_EN-OL-RC-538_2.wav,5,"If you look at pictures of butterflies, you will find that many of them have large, black circles on their wings. These look like eyes. These eyes are very useful to the butterfly. They help it to escape from its enemies. A bird or a lizard which is trying to catch a butterfly mistakes these black circles for the creature's eyes. It aims or tries to hit the eye. But all that it gets is a bit of the wing.",59.36,0.8,0.1875,0.0125,0.0625,0.2,64.69,0,0,0,59.36
5a44c,D:\Main_Project\Multimodal_NDD_Prediction\dyslexia_screening\data/mps/mps_dataset\audios\5a44c_EN-OL-RC-538_1.wav,5,"Butterflies are surely some of the most beautiful creatures in the world. They are beautiful because of the brilliant colours of their wings. If you look at a butterfly's wings through a magnifying glass, you will see that they are covered with very small scales. It is these scales which have colour. Without these scales, the wings would be transparent. The colours on the wings make very fine patterns.",31.28,0.9565,0.0435,0.0,0.0145,0.0435,126.6,7,1,7,31.28
5a44c,D:\Main_Project\Multimodal_NDD_Prediction\dyslexia_screening\data/mps/mps_dataset\audios\5a44c_EN-OL-RC-538_2.wav,5,"If you look at pictures of butterflies, you will find that many of them have large, black circles on their wings. These look like eyes. These eyes are very useful to the butterfly. They help it to escape from its enemies. A bird or a lizard which is trying to catch a butterfly mistakes these black circles for the creature's eyes. It aims or tries to hit the eye. But all that it gets is a bit of the wing.",32.21,0.925,0.075,0.0,0.0,0.075,137.85,8,0,8,32.21
5a44d,D:\Main_Project\Multimodal_NDD_Prediction\dyslexia_screening\data/mps/mps_dataset\audios\5a44d_EN-OL-RC-538_2.wav,5,"If you look at pictures of butterflies, you will find that many of them have large, black circles on their wings. These look like eyes. These eyes are very useful to the butterfly. They help it to escape from its enemies. A bird or a lizard which is trying to catch a butterfly mistakes these black circles for the creature's eyes. It aims or tries to hit the eye. But all that it gets is a bit of the wing.",38.57,0.9,0.0875,0.0125,0.025,0.1,112.0,14,0,14,38.57
5a44j,D:\Main_Project\Multimodal_NDD_Prediction\dyslexia_screening\data/mps/mps_dataset\audios\5a44j_EN-OL-RC-538_2.wav,5,"If you look at pictures of butterflies, you will find that many of them have large, black circles on their wings. These look like eyes. These eyes are very useful to the butterfly. They help it to escape from its enemies. A bird or a lizard which is trying to catch a butterfly mistakes these black circles for the creature's eyes. It aims or tries to hit the eye. But all that it gets is a bit of the wing.",36.92,0.9625,0.025,0.0125,0.0125,0.0375,125.14,0,0,0,36.92
5a44k,D:\Main_Project\Multimodal_NDD_Prediction\dyslexia_screening\data/mps/mps_dataset\audios\5a44k_EN-OL-RC-538_1.wav,5,"Butterflies are surely some of the most beautiful creatures in the world. They are beautiful because of the brilliant colours of their wings. If you look at a butterfly's wings through a magnifying glass, you will see that they are covered with very small scales. It is these scales which have colour. Without these scales, the wings would be transparent. The colours on the wings make very fine patterns.",37.76,0.8986,0.1014,0.0,0.0145,0.1014,98.52,10,1,10,37.76
5a44k,D:\Main_Project\Multimodal_NDD_Prediction\dyslexia_screening\data/mps/mps_dataset\audios\5a44k_EN-OL-RC-538_2.wav,5,"If you look at pictures of butterflies, you will find that many of them have large, black circles on their wings. These look like eyes. These eyes are very useful to the butterfly. They help it to escape from its enemies. A bird or a lizard which is trying to catch a butterfly mistakes these black circles for the creature's eyes. It aims or tries to hit the eye. But all that it gets is a bit of the wing.",44.36,0.9625,0.0375,0.0,0.0375,0.0375,104.15,13,0,13,44.36
5a45c,D:\Main_Project\Multimodal_NDD_Prediction\dyslexia_screening\data/mps/mps_dataset\audios\5a45c_EN-OL-RC-538_1.wav,5,"Butterflies are surely some of the most beautiful creatures in the world. They are beautiful because of the brilliant colours of their wings. If you look at a butterfly's wings through a magnifying glass, you will see that they are covered with very small scales. It is these scales which have colour. Without these scales, the wings would be transparent. The colours on the wings make very fine patterns.",31.72,0.9275,0.0725,0.0,0.029,0.0725,121.06,1,0,1,31.72
5a45c,D:\Main_Project\Multimodal_NDD_Prediction\dyslexia_screening\data/mps/mps_dataset\audios\5a45c_EN-OL-RC-538_2.wav,5,"If you look at pictures of butterflies, you will find that many of them have large, black circles on their wings. These look like eyes. These eyes are very useful to the butterfly. They help it to escape from its enemies. A bird or a lizard which is trying to catch a butterfly mistakes these black circles for the creature's eyes. It aims or tries to hit the eye. But all that it gets is a bit of the wing.",33.11,0.925,0.075,0.0,0.025,0.075,134.1,1,0,1,33.11
5a45j,D:\Main_Project\Multimodal_NDD_Prediction\dyslexia_screening\data/mps/mps_dataset\audios\5a45j_EN-OL-RC-538_1.wav,5,"Butterflies are surely some of the most beautiful creatures in the world. They are beautiful because of the brilliant colours of their wings. If you look at a butterfly's wings through a magnifying glass, you will see that they are covered with very small scales. It is these scales which have colour. Without these scales, the wings would be transparent. The colours on the wings make very fine patterns.",46.87,0.7971,0.2029,0.0,0.0435,0.2029,70.41,0,0,0,46.87
5a45k,D:\Main_Project\Multimodal_NDD_Prediction\dyslexia_screening\data/mps/mps_dataset\audios\5a45k_EN-OL-RC-538_2.wav,5,"If you look at pictures of butterflies, you will find that many of them have large, black circles on their wings. These look like eyes. These eyes are very useful to the butterfly. They help it to escape from its enemies. A bird or a lizard which is trying to catch a butterfly mistakes these black circles for the creature's eyes. It aims or tries to hit the eye. But all that it gets is a bit of the wing.",50.38,0.8875,0.1125,0.0,0.0125,0.1125,84.56,3,0,3,50.38
5a46g,D:\Main_Project\Multimodal_NDD_Prediction\dyslexia_screening\data/mps/mps_dataset\audios\5a46g_EN-OL-RC-538_1.wav,5,"Butterflies are surely some of the most beautiful creatures in the world. They are beautiful because of the brilliant colours of their wings. If you look at a butterfly's wings through a magnifying glass, you will see that they are covered with very small scales. It is these scales which have colour. Without these scales, the wings would be transparent. The colours on the wings make very fine patterns.",38.96,0.942,0.058,0.0,0.087,0.058,100.1,0,0,0,38.96
5a46g,D:\Main_Project\Multimodal_NDD_Prediction\dyslexia_screening\data/mps/mps_dataset\audios\5a46g_EN-OL-RC-538_2.wav,5,"If you look at pictures of butterflies, you will find that many of them have large, black circles on their wings. These look like eyes. These eyes are very useful to the butterfly. They help it to escape from its enemies. A bird or a lizard which is trying to catch a butterfly mistakes these black circles for the creature's eyes. It aims or tries to hit the eye. But all that it gets is a bit of the wing.",44.3,0.9625,0.025,0.0125,0.075,0.0375,104.29,0,0,0,44.3
5a46j,D:\Main_Project\Multimodal_NDD_Prediction\dyslexia_screening\data/mps/mps_dataset\audios\5a46j_EN-OL-RC-538_1.wav,5,"Butterflies are surely some of the most beautiful creatures in the world. They are beautiful because of the brilliant colours of their wings. If you look at a butterfly's wings through a magnifying glass, you will see that they are covered with very small scales. It is these scales which have colour. Without these scales, the wings would be transparent. The colours on the wings make very fine patterns.",46.61,0.8841,0.1159,0.0,0.029,0.1159,78.52,1,0,1,46.61
5a46k,D:\Main_Project\Multimodal_NDD_Prediction\dyslexia_screening\data/mps/mps_dataset\audios\5a46k_EN-OL-RC-538_1.wav,5,"Butterflies are surely some of the most beautiful creatures in the world. They are beautiful because of the brilliant colours of their wings. If you look at a butterfly's wings through a magnifying glass, you will see that they are covered with very small scales. It is these scales which have colour. Without these scales, the wings would be transparent. The colours on the wings make very fine patterns.",45.98,0.971,0.029,0.0,0.0145,0.029,87.43,2,0,2,45.98
5a47c,D:\Main_Project\Multimodal_NDD_Prediction\dyslexia_screening\data/mps/mps_dataset\audios\5a47c_EN-OL-RC-538_1.wav,5,"Butterflies are surely some of the most beautiful creatures in the world. They are beautiful because of the brilliant colours of their wings. If you look at a butterfly's wings through a magnifying glass, you will see that they are covered with very small scales. It is these scales which have colour. Without these scales, the wings would be transparent. The colours on the wings make very fine patterns.",43.19,0.913,0.087,0.0,0.0145,0.087,87.52,14,1,14,43.19
5a47c,D:\Main_Project\Multimodal_NDD_Prediction\dyslexia_screening\data/mps/mps_dataset\audios\5a47c_EN-OL-RC-538_2.wav,5,"If you look at pictures of butterflies, you will find that many of them have large, black circles on their wings. These look like eyes. These eyes are very useful to the butterfly. They help it to escape from its enemies. A bird or a lizard which is trying to catch a butterfly mistakes these black circles for the creature's eyes. It aims or tries to hit the eye. But all that it gets is a bit of the wing.",47.72,0.9375,0.0625,0.0,0.025,0.0625,94.3,12,0,12,47.72
5a47f,D:\Main_Project\Multimodal_NDD_Prediction\dyslexia_screening\data/mps/mps_dataset\audios\5a47f_EN-OL-RC-538_2.wav,5,"If you look at pictures of butterflies, you will find that many of them have large, black circles on their wings. These look like eyes. These eyes are very useful to the butterfly. They help it to escape from its enemies. A bird or a lizard which is trying to catch a butterfly mistakes these black circles for the creature's eyes. It aims or tries to hit the eye. But all that it gets is a bit of the wing.",44.06,0.875,0.1,0.025,0.0,0.125,95.32,0,0,0,44.06
5a48c,D:\Main_Project\Multimodal_NDD_Prediction\dyslexia_screening\data/mps/mps_dataset\audios\5a48c_EN-OL-RC-538_1.wav,5,"Butterflies are surely some of the most beautiful creatures in the world. They are beautiful because of the brilliant colours of their wings. If you look at a butterfly's wings through a magnifying glass, you will see that they are covered with very small scales. It is these scales which have colour. Without these scales, the wings would be transparent. The colours on the wings make very fine patterns.",35.99,0.9275,0.0725,0.0,0.0145,0.0725,106.7,8,2,8,35.99
5a48c,D:\Main_Project\Multimodal_NDD_Prediction\dyslexia_screening\data/mps/mps_dataset\audios\5a48c_EN-OL-RC-538_2.wav,5,"If you look at pictures of butterflies, you will find that many of them have large, black circles on their wings. These look like eyes. These eyes are very useful to the butterfly. They help it to escape from its enemies. A bird or a lizard which is trying to catch a butterfly mistakes these black circles for the creature's eyes. It aims or tries to hit the eye. But all that it gets is a bit of the wing.",36.14,0.9625,0.0375,0.0,0.0375,0.0375,127.84,7,0,7,36.14
5a48g,D:\Main_Project\Multimodal_NDD_Prediction\dyslexia_screening\data/mps/mps_dataset\audios\5a48g_EN-OL-RC-538_1.wav,5,"Butterflies are surely some of the most beautiful creatures in the world. They are beautiful because of the brilliant colours of their wings. If you look at a butterfly's wings through a magnifying glass, you will see that they are covered with very small scales. It is these scales which have colour. Without these scales, the wings would be transparent. The colours on the wings make very fine patterns.",27.17,0.942,0.058,0.0,0.0145,0.058,143.54,0,0,0,27.17
5a49c,D:\Main_Project\Multimodal_NDD_Prediction\dyslexia_screening\data/mps/mps_dataset\audios\5a49c_EN-OL-RC-538_1.wav,5,"Butterflies are surely some of the most beautiful creatures in the world. They are beautiful because of the brilliant colours of their wings. If you look at a butterfly's wings through a magnifying glass, you will see that they are covered with very small scales. It is these scales which have colour. Without these scales, the wings would be transparent. The colours on the wings make very fine patterns.",44.39,0.971,0.029,0.0,0.0,0.029,90.56,5,0,5,44.39
5a49c,D:\Main_Project\Multimodal_NDD_Prediction\dyslexia_screening\data/mps/mps_dataset\audios\5a49c_EN-OL-RC-538_2.wav,5,"If you look at pictures of butterflies, you will find that many of them have large, black circles on their wings. These look like eyes. These eyes are very useful to the butterfly. They help it to escape from its enemies. A bird or a lizard which is trying to catch a butterfly mistakes these black circles for the creature's eyes. It aims or tries to hit the eye. But all that it gets is a bit of the wing.",43.37,0.975,0.025,0.0,0.0125,0.025,107.91,8,0,8,43.37
5a4b,D:\Main_Project\Multimodal_NDD_Prediction\dyslexia_screening\data/mps/mps_dataset\audios\5a4b_EN-OL-RC-538_1.wav,5,"Butterflies are surely some of the most beautiful creatures in the world. They are beautiful because of the brilliant colours of their wings. If you look at a butterfly's wings through a magnifying glass, you will see that they are covered with very small scales. It is these scales which have colour. Without these scales, the wings would be transparent. The colours on the wings make very fine patterns.",36.02,0.9855,0.0145,0.0,0.0,0.0145,113.27,1,0,1,36.02
5a4b,D:\Main_Project\Multimodal_NDD_Prediction\dyslexia_screening\data/mps/mps_dataset\audios\5a4b_EN-OL-RC-538_2.wav,5,"If you look at pictures of butterflies, you will find that many of them have large, black circles on their wings. These look like eyes. These eyes are very useful to the butterfly. They help it to escape from its enemies. A bird or a lizard which is trying to catch a butterfly mistakes these black circles for the creature's eyes. It aims or tries to hit the eye. But all that it gets is a bit of the wing.",38.74,0.9625,0.0375,0.0,0.0125,0.0375,119.26,0,0,0,38.74
5a4c,D:\Main_Project\Multimodal_NDD_Prediction\dyslexia_screening\data/mps/mps_dataset\audios\5a4c_EN-OL-RC-538_1.wav,5,"Butterflies are surely some of the most beautiful creatures in the world. They are beautiful because of the brilliant colours of their wings. If you look at a butterfly's wings through a magnifying glass, you will see that they are covered with very small scales. It is these scales which have colour. Without these scales, the wings would be transparent. The colours on the wings make very fine patterns.",48.68,0.913,0.087,0.0,0.029,0.087,77.65,13,2,13,48.68
5a4c,D:\Main_Project\Multimodal_NDD_Prediction\dyslexia_screening\data/mps/mps_dataset\audios\5a4c_EN-OL-RC-538_2.wav,5,"If you look at pictures of butterflies, you will find that many of them have large, black circles on their wings. These look like eyes. These eyes are very useful to the butterfly. They help it to escape from its enemies. A bird or a lizard which is trying to catch a butterfly mistakes these black circles for the creature's eyes. It aims or tries to hit the eye. But all that it gets is a bit of the wing.",46.25,0.775,0.2125,0.0125,0.0625,0.225,80.43,6,0,6,46.25
5a4j,D:\Main_Project\Multimodal_NDD_Prediction\dyslexia_screening\data/mps/mps_dataset\audios\5a4j_EN-OL-RC-538_1.wav,5,"Butterflies are surely some of the most beautiful creatures in the world. They are beautiful because of the brilliant colours of their wings. If you look at a butterfly's wings through a magnifying glass, you will see that they are covered with very small scales. It is these scales which have colour. Without these scales, the wings would be transparent. The colours on the wings make very fine patterns.",61.37,0.8696,0.1159,0.0145,0.1304,0.1304,58.66,17,2,17,61.37
5a50c,D:\Main_Project\Multimodal_NDD_Prediction\dyslexia_screening\data/mps/mps_dataset\audios\5a50c_EN-OL-RC-538_1.wav,5,"Butterflies are surely some of the most beautiful creatures in the world. They are beautiful because of the brilliant colours of their wings. If you look at a butterfly's wings through a magnifying glass, you will see that they are covered with very small scales. It is these scales which have colour. Without these scales, the wings would be transparent. The colours on the wings make very fine patterns.",40.63,0.8986,0.1014,0.0,0.0145,0.1014,91.56,13,1,13,40.63
5a50c,D:\Main_Project\Multimodal_NDD_Prediction\dyslexia_screening\data/mps/mps_dataset\audios\5a50c_EN-OL-RC-538_2.wav,5,"If you look at pictures of butterflies, you will find that many of them have large, black circles on their wings. These look like eyes. These eyes are very useful to the butterfly. They help it to escape from its enemies. A bird or a lizard which is trying to catch a butterfly mistakes these black circles for the creature's eyes. It aims or tries to hit the eye. But all that it gets is a bit of the wing.",39.86,0.8375,0.1625,0.0,0.05,0.1625,100.85,6,1,6,39.86
5a51c,D:\Main_Project\Multimodal_NDD_Prediction\dyslexia_screening\data/mps/mps_dataset\audios\5a51c_EN-OL-RC-538_1.wav,5,"Butterflies are surely some of the most beautiful creatures in the world. They are beautiful because of the brilliant colours of their wings. If you look at a butterfly's wings through a magnifying glass, you will see that they are covered with very small scales. It is these scales which have colour. Without these scales, the wings would be transparent. The colours on the wings make very fine patterns.",32.49,0.9565,0.0435,0.0,0.029,0.0435,121.88,6,0,6,32.49
5a51c,D:\Main_Project\Multimodal_NDD_Prediction\dyslexia_screening\data/mps/mps_dataset\audios\5a51c_EN-OL-RC-538_2.wav,5,"If you look at pictures of butterflies, you will find that many of them have large, black circles on their wings. These look like eyes. These eyes are very useful to the butterfly. They help it to escape from its enemies. A bird or a lizard which is trying to catch a butterfly mistakes these black circles for the creature's eyes. It aims or tries to hit the eye. But all that it gets is a bit of the wing.",30.98,0.975,0.025,0.0,0.0125,0.025,151.07,4,1,4,30.98
5a51f,D:\Main_Project\Multimodal_NDD_Prediction\dyslexia_screening\data/mps/mps_dataset\audios\5a51f_EN-OL-RC-538_1.wav,5,"Butterflies are surely some of the most beautiful creatures in the world. They are beautiful because of the brilliant colours of their wings. If you look at a butterfly's wings through a magnifying glass, you will see that they are covered with very small scales. It is these scales which have colour. Without these scales, the wings would be transparent. The colours on the wings make very fine patterns.",33.77,0.8261,0.1739,0.0,0.0145,0.1739,101.27,0,0,0,33.77
5a51j,D:\Main_Project\Multimodal_NDD_Prediction\dyslexia_screening\data/mps/mps_dataset\audios\5a51j_EN-OL-RC-538_1.wav,5,"Butterflies are surely some of the most beautiful creatures in the world. They are beautiful because of the brilliant colours of their wings. If you look at a butterfly's wings through a magnifying glass, you will see that they are covered with very small scales. It is these scales which have colour. Without these scales, the wings would be transparent. The colours on the wings make very fine patterns.",47.51,0.9565,0.0435,0.0,0.058,0.0435,83.35,0,0,0,47.51
5a51j,D:\Main_Project\Multimodal_NDD_Prediction\dyslexia_screening\data/mps/mps_dataset\audios\5a51j_EN-OL-RC-538_2.wav,5,"If you look at pictures of butterflies, you will find that many of them have large, black circles on their wings. These look like eyes. These eyes are very useful to the butterfly. They help it to escape from its enemies. A bird or a lizard which is trying to catch a butterfly mistakes these black circles for the creature's eyes. It aims or tries to hit the eye. But all that it gets is a bit of the wing.",49.1,0.9125,0.075,0.0125,0.0375,0.0875,89.21,0,0,0,49.1
5a52j,D:\Main_Project\Multimodal_NDD_Prediction\dyslexia_screening\data/mps/mps_dataset\audios\5a52j_EN-OL-RC-538_1.wav,5,"Butterflies are surely some of the most beautiful creatures in the world. They are beautiful because of the brilliant colours of their wings. If you look at a butterfly's wings through a magnifying glass, you will see that they are covered with very small scales. It is these scales which have colour. Without these scales, the wings would be transparent. The colours on the wings make very fine patterns.",33.38,1.0,0.0,0.0,0.029,0.0,124.03,0,0,0,33.38
5a52j,D:\Main_Project\Multimodal_NDD_Prediction\dyslexia_screening\data/mps/mps_dataset\audios\5a52j_EN-OL-RC-538_2.wav,5,"If you look at pictures of butterflies, you will find that many of them have large, black circles on their wings. These look like eyes. These eyes are very useful to the butterfly. They help it to escape from its enemies. A bird or a lizard which is trying to catch a butterfly mistakes these black circles for the creature's eyes. It aims or tries to hit the eye. But all that it gets is a bit of the wing.",40.4,0.9625,0.0375,0.0,0.025,0.0375,114.36,0,0,0,40.4
5a53f,D:\Main_Project\Multimodal_NDD_Prediction\dyslexia_screening\data/mps/mps_dataset\audios\5a53f_EN-OL-RC-538_1.wav,5,"Butterflies are surely some of the most beautiful creatures in the world. They are beautiful because of the brilliant colours of their wings. If you look at a butterfly's wings through a magnifying glass, you will see that they are covered with very small scales. It is these scales which have colour. Without these scales, the wings would be transparent. The colours on the wings make very fine patterns.",32.63,0.8986,0.1014,0.0,0.029,0.1014,114.01,0,0,0,32.63
5a53g,D:\Main_Project\Multimodal_NDD_Prediction\dyslexia_screening\data/mps/mps_dataset\audios\5a53g_EN-OL-RC-538_1.wav,5,"Butterflies are surely some of the most beautiful creatures in the world. They are beautiful because of the brilliant colours of their wings. If you look at a butterfly's wings through a magnifying glass, you will see that they are covered with very small scales. It is these scales which have colour. Without these scales, the wings would be transparent. The colours on the wings make very fine patterns.",61.22,0.5797,0.1594,0.2609,0.1304,0.4203,39.2,0,0,0,61.22
5a54f,D:\Main_Project\Multimodal_NDD_Prediction\dyslexia_screening\data/mps/mps_dataset\audios\5a54f_EN-OL-RC-538_1.wav,5,"Butterflies are surely some of the most beautiful creatures in the world. They are beautiful because of the brilliant colours of their wings. If you look at a butterfly's wings through a magnifying glass, you will see that they are covered with very small scales. It is these scales which have colour. Without these scales, the wings would be transparent. The colours on the wings make very fine patterns.",30.77,0.9565,0.0145,0.029,0.0,0.0435,128.7,0,0,0,30.77
5a54f,D:\Main_Project\Multimodal_NDD_Prediction\dyslexia_screening\data/mps/mps_dataset\audios\5a54f_EN-OL-RC-538_2.wav,5,"If you look at pictures of butterflies, you will find that many of them have large, black circles on their wings. These look like eyes. These eyes are very useful to the butterfly. They help it to escape from its enemies. A bird or a lizard which is trying to catch a butterfly mistakes these black circles for the creature's eyes. It aims or tries to hit the eye. But all that it gets is a bit of the wing.",37.49,0.975,0.025,0.0,0.0125,0.025,124.83,0,0,0,37.49
5a58j,D:\Main_Project\Multimodal_NDD_Prediction\dyslexia_screening\data/mps/mps_dataset\audios\5a58j_EN-OL-RC-538_2.wav,5,"If you look at pictures of butterflies, you will find that many of them have large, black circles on their wings. These look like eyes. These eyes are very useful to the butterfly. They help it to escape from its enemies. A bird or a lizard which is trying to catch a butterfly mistakes these black circles for the creature's eyes. It aims or tries to hit the eye. But all that it gets is a bit of the wing.",53.12,0.7625,0.2375,0.0,0.075,0.2375,68.9,0,0,0,53.12
5a59j,D:\Main_Project\Multimodal_NDD_Prediction\dyslexia_screening\data/mps/mps_dataset\audios\5a59j_EN-OL-RC-538_2.wav,5,"If you look at pictures of butterflies, you will find that many of them have large, black circles on their wings. These look like eyes. These eyes are very useful to the butterfly. They help it to escape from its enemies. A bird or a lizard which is trying to catch a butterfly mistakes these black circles for the creature's eyes. It aims or tries to hit the eye. But all that it gets is a bit of the wing.",47.66,0.9125,0.0875,0.0,0.0625,0.0875,91.9,0,0,0,47.66
5a5b,D:\Main_Project\Multimodal_NDD_Prediction\dyslexia_screening\data/mps/mps_dataset\audios\5a5b_EN-OL-RC-538_1.wav,5,"Butterflies are surely some of the most beautiful creatures in the world. They are beautiful because of the brilliant colours of their wings. If you look at a butterfly's wings through a magnifying glass, you will see that they are covered with very small scales. It is these scales which have colour. Without these scales, the wings would be transparent. The colours on the wings make very fine patterns.",37.79,0.942,0.058,0.0,0.0,0.058,103.2,1,0,1,37.79
5a5b,D:\Main_Project\Multimodal_NDD_Prediction\dyslexia_screening\data/mps/mps_dataset\audios\5a5b_EN-OL-RC-538_2.wav,5,"If you look at pictures of butterflies, you will find that many of them have large, black circles on their wings. These look like eyes. These eyes are very useful to the butterfly. They help it to escape from its enemies. A bird or a lizard which is trying to catch a butterfly mistakes these black circles for the creature's eyes. It aims or tries to hit the eye. But all that it gets is a bit of the wing.",49.09,0.95,0.05,0.0,0.0375,0.05,92.89,4,1,4,49.09
5a5c,D:\Main_Project\Multimodal_NDD_Prediction\dyslexia_screening\data/mps/mps_dataset\audios\5a5c_EN-OL-RC-538_1.wav,5,"Butterflies are surely some of the most beautiful creatures in the world. They are beautiful because of the brilliant colours of their wings. If you look at a butterfly's wings through a magnifying glass, you will see that they are covered with very small scales. It is these scales which have colour. Without these scales, the wings would be transparent. The colours on the wings make very fine patterns.",43.34,0.971,0.029,0.0,0.0,0.029,92.75,10,3,10,43.34
5a5c,D:\Main_Project\Multimodal_NDD_Prediction\dyslexia_screening\data/mps/mps_dataset\audios\5a5c_EN-OL-RC-538_2.wav,5,"If you look at pictures of butterflies, you will find that many of them have large, black circles on their wings. These look like eyes. These eyes are very useful to the butterfly. They help it to escape from its enemies. A bird or a lizard which is trying to catch a butterfly mistakes these black circles for the creature's eyes. It aims or tries to hit the eye. But all that it gets is a bit of the wing.",44.78,0.9625,0.0375,0.0,0.0,0.0375,103.17,8,1,8,44.78
5a5f,D:\Main_Project\Multimodal_NDD_Prediction\dyslexia_screening\data/mps/mps_dataset\audios\5a5f_EN-OL-RC-538_1.wav,5,"Butterflies are surely some of the most beautiful creatures in the world. They are beautiful because of the brilliant colours of their wings. If you look at a butterfly's wings through a magnifying glass, you will see that they are covered with very small scales. It is these scales which have colour. Without these scales, the wings would be transparent. The colours on the wings make very fine patterns.",45.95,0.913,0.087,0.0,0.0145,0.087,82.26,0,0,0,45.95
5a5k,D:\Main_Project\Multimodal_NDD_Prediction\dyslexia_screening\data/mps/mps_dataset\audios\5a5k_EN-OL-RC-538_1.wav,5,"Butterflies are surely some of the most beautiful creatures in the world. They are beautiful because of the brilliant colours of their wings. If you look at a butterfly's wings through a magnifying glass, you will see that they are covered with very small scales. It is these scales which have colour. Without these scales, the wings would be transparent. The colours on the wings make very fine patterns.",28.25,0.9855,0.0145,0.0,0.0,0.0145,144.42,3,0,3,28.25
5a5k,D:\Main_Project\Multimodal_NDD_Prediction\dyslexia_screening\data/mps/mps_dataset\audios\5a5k_EN-OL-RC-538_2.wav,5,"If you look at pictures of butterflies, you will find that many of them have large, black circles on their wings. These look like eyes. These eyes are very useful to the butterfly. They help it to escape from its enemies. A bird or a lizard which is trying to catch a butterfly mistakes these black circles for the creature's eyes. It aims or tries to hit the eye. But all that it gets is a bit of the wing.",34.61,0.975,0.025,0.0,0.0,0.025,135.22,4,0,4,34.61
5a63j,D:\Main_Project\Multimodal_NDD_Prediction\dyslexia_screening\data/mps/mps_dataset\audios\5a63j_EN-OL-RC-538_1.wav,5,"Butterflies are surely some of the most beautiful creatures in the world. They are beautiful because of the brilliant colours of their wings. If you look at a butterfly's wings through a magnifying glass, you will see that they are covered with very small scales. It is these scales which have colour. Without these scales, the wings would be transparent. The colours on the wings make very fine patterns.",35.99,0.8986,0.087,0.0145,0.0,0.1014,103.36,4,0,4,35.99
5a67j,D:\Main_Project\Multimodal_NDD_Prediction\dyslexia_screening\data/mps/mps_dataset\audios\5a67j_EN-OL-RC-538_1.wav,5,"Butterflies are surely some of the most beautiful creatures in the world. They are beautiful because of the brilliant colours of their wings. If you look at a butterfly's wings through a magnifying glass, you will see that they are covered with very small scales. It is these scales which have colour. Without these scales, the wings would be transparent. The colours on the wings make very fine patterns.",47.36,0.8841,0.1014,0.0145,0.029,0.1159,77.28,0,0,0,47.36
5a69j,D:\Main_Project\Multimodal_NDD_Prediction\dyslexia_screening\data/mps/mps_dataset\audios\5a69j_EN-OL-RC-538_1.wav,5,"Butterflies are surely some of the most beautiful creatures in the world. They are beautiful because of the brilliant colours of their wings. If you look at a butterfly's wings through a magnifying glass, you will see that they are covered with very small scales. It is these scales which have colour. Without these scales, the wings would be transparent. The colours on the wings make very fine patterns.",47.18,0.8116,0.1884,0.0,0.029,0.1884,71.22,0,0,0,47.18
5a69j,D:\Main_Project\Multimodal_NDD_Prediction\dyslexia_screening\data/mps/mps_dataset\audios\5a69j_EN-OL-RC-538_2.wav,5,"If you look at pictures of butterflies, you will find that many of them have large, black circles on their wings. These look like eyes. These eyes are very useful to the butterfly. They help it to escape from its enemies. A bird or a lizard which is trying to catch a butterfly mistakes these black circles for the creature's eyes. It aims or tries to hit the eye. But all that it gets is a bit of the wing.",53.38,0.7875,0.2125,0.0,0.075,0.2125,70.81,0,0,0,53.38
5a6a,D:\Main_Project\Multimodal_NDD_Prediction\dyslexia_screening\data/mps/mps_dataset\audios\5a6a_EN-OL-RC-538_2.wav,5,"If you look at pictures of butterflies, you will find that many of them have large, black circles on their wings. These look like eyes. These eyes are very useful to the butterfly. They help it to escape from its enemies. A bird or a lizard which is trying to catch a butterfly mistakes these black circles for the creature's eyes. It aims or tries to hit the eye. But all that it gets is a bit of the wing.",45.28,0.925,0.0625,0.0125,0.0125,0.075,98.06,1,0,1,45.28
5a6h,D:\Main_Project\Multimodal_NDD_Prediction\dyslexia_screening\data/mps/mps_dataset\audios\5a6h_EN-OL-RC-538_2.wav,5,"If you look at pictures of butterflies, you will find that many of them have large, black circles on their wings. These look like eyes. These eyes are very useful to the butterfly. They help it to escape from its enemies. A bird or a lizard which is trying to catch a butterfly mistakes these black circles for the creature's eyes. It aims or tries to hit the eye. But all that it gets is a bit of the wing.",33.41,0.925,0.05,0.025,0.0625,0.075,132.89,0,0,0,33.41
5a6k,D:\Main_Project\Multimodal_NDD_Prediction\dyslexia_screening\data/mps/mps_dataset\audios\5a6k_EN-OL-RC-538_2.wav,5,"If you look at pictures of butterflies, you will find that many of them have large, black circles on their wings. These look like eyes. These eyes are very useful to the butterfly. They help it to escape from its enemies. A bird or a lizard which is trying to catch a butterfly mistakes these black circles for the creature's eyes. It aims or tries to hit the eye. But all that it gets is a bit of the wing.",60.91,0.75,0.1,0.15,0.075,0.25,59.1,21,0,21,60.91
5a7a,D:\Main_Project\Multimodal_NDD_Prediction\dyslexia_screening\data/mps/mps_dataset\audios\5a7a_EN-OL-RC-538_1.wav,5,"Butterflies are surely some of the most beautiful creatures in the world. They are beautiful because of the brilliant colours of their wings. If you look at a butterfly's wings through a magnifying glass, you will see that they are covered with very small scales. It is these scales which have colour. Without these scales, the wings would be transparent. The colours on the wings make very fine patterns.",34.88,0.971,0.029,0.0,0.029,0.029,115.25,4,0,4,34.88
5a7a,D:\Main_Project\Multimodal_NDD_Prediction\dyslexia_screening\data/mps/mps_dataset\audios\5a7a_EN-OL-RC-538_2.wav,5,"If you look at pictures of butterflies, you will find that many of them have large, black circles on their wings. These look like eyes. These eyes are very useful to the butterfly. They help it to escape from its enemies. A bird or a lizard which is trying to catch a butterfly mistakes these black circles for the creature's eyes. It aims or tries to hit the eye. But all that it gets is a bit of the wing.",42.61,0.975,0.025,0.0,0.0,0.025,109.83,10,0,10,42.61
5a7j,D:\Main_Project\Multimodal_NDD_Prediction\dyslexia_screening\data/mps/mps_dataset\audios\5a7j_EN-OL-RC-538_2.wav,5,"If you look at pictures of butterflies, you will find that many of them have large, black circles on their wings. These look like eyes. These eyes are very useful to the butterfly. They help it to escape from its enemies. A bird or a lizard which is trying to catch a butterfly mistakes these black circles for the creature's eyes. It aims or tries to hit the eye. But all that it gets is a bit of the wing.",39.41,0.925,0.075,0.0,0.0,0.075,112.66,0,0,0,39.41
5a7k,D:\Main_Project\Multimodal_NDD_Prediction\dyslexia_screening\data/mps/mps_dataset\audios\5a7k_EN-OL-RC-538_1.wav,5,"Butterflies are surely some of the most beautiful creatures in the world. They are beautiful because of the brilliant colours of their wings. If you look at a butterfly's wings through a magnifying glass, you will see that they are covered with very small scales. It is these scales which have colour. Without these scales, the wings would be transparent. The colours on the wings make very fine patterns.",49.91,0.8841,0.1159,0.0,0.0435,0.1159,73.33,2,0,2,49.91
5a8c,D:\Main_Project\Multimodal_NDD_Prediction\dyslexia_screening\data/mps/mps_dataset\audios\5a8c_EN-OL-RC-538_1.wav,5,"Butterflies are surely some of the most beautiful creatures in the world. They are beautiful because of the brilliant colours of their wings. If you look at a butterfly's wings through a magnifying glass, you will see that they are covered with very small scales. It is these scales which have colour. Without these scales, the wings would be transparent. The colours on the wings make very fine patterns.",37.21,0.971,0.029,0.0,0.029,0.029,108.04,5,0,5,37.21
5a8c,D:\Main_Project\Multimodal_NDD_Prediction\dyslexia_screening\data/mps/mps_dataset\audios\5a8c_EN-OL-RC-538_2.wav,5,"If you look at pictures of butterflies, you will find that many of them have large, black circles on their wings. These look like eyes. These eyes are very useful to the butterfly. They help it to escape from its enemies. A bird or a lizard which is trying to catch a butterfly mistakes these black circles for the creature's eyes. It aims or tries to hit the eye. But all that it gets is a bit of the wing.",35.3,0.95,0.05,0.0,0.0125,0.05,129.18,1,0,1,35.3
5a8j,D:\Main_Project\Multimodal_NDD_Prediction\dyslexia_screening\data/mps/mps_dataset\audios\5a8j_EN-OL-RC-538_1.wav,5,"Butterflies are surely some of the most beautiful creatures in the world. They are beautiful because of the brilliant colours of their wings. If you look at a butterfly's wings through a magnifying glass, you will see that they are covered with very small scales. It is these scales which have colour. Without these scales, the wings would be transparent. The colours on the wings make very fine patterns.",45.56,0.7826,0.2174,0.0,0.058,0.2174,71.12,0,0,0,45.56
5a8j,D:\Main_Project\Multimodal_NDD_Prediction\dyslexia_screening\data/mps/mps_dataset\audios\5a8j_EN-OL-RC-538_2.wav,5,"If you look at pictures of butterflies, you will find that many of them have large, black circles on their wings. These look like eyes. These eyes are very useful to the butterfly. They help it to escape from its enemies. A bird or a lizard which is trying to catch a butterfly mistakes these black circles for the creature's eyes. It aims or tries to hit the eye. But all that it gets is a bit of the wing.",46.97,0.8125,0.1875,0.0,0.025,0.1875,83.03,0,0,0,46.97
5a8k,D:\Main_Project\Multimodal_NDD_Prediction\dyslexia_screening\data/mps/mps_dataset\audios\5a8k_EN-OL-RC-538_1.wav,5,"Butterflies are surely some of the most beautiful creatures in the world. They are beautiful because of the brilliant colours of their wings. If you look at a butterfly's wings through a magnifying glass, you will see that they are covered with very small scales. It is these scales which have colour. Without these scales, the wings would be transparent. The colours on the wings make very fine patterns.",33.17,0.9565,0.0435,0.0,0.058,0.0435,119.38,4,0,4,33.17
5a8k,D:\Main_Project\Multimodal_NDD_Prediction\dyslexia_screening\data/mps/mps_dataset\audios\5a8k_EN-OL-RC-538_2.wav,5,"If you look at pictures of butterflies, you will find that many of them have large, black circles on their wings. These look like eyes. These eyes are very useful to the butterfly. They help it to escape from its enemies. A bird or a lizard which is trying to catch a butterfly mistakes these black circles for the creature's eyes. It aims or tries to hit the eye. But all that it gets is a bit of the wing.",38.48,0.925,0.075,0.0,0.0375,0.075,115.38,3,0,3,38.48
5a9a,D:\Main_Project\Multimodal_NDD_Prediction\dyslexia_screening\data/mps/mps_dataset\audios\5a9a_EN-OL-RC-538_1.wav,5,"Butterflies are surely some of the most beautiful creatures in the world. They are beautiful because of the brilliant colours of their wings. If you look at a butterfly's wings through a magnifying glass, you will see that they are covered with very small scales. It is these scales which have colour. Without these scales, the wings would be transparent. The colours on the wings make very fine patterns.",30.56,0.8696,0.1159,0.0145,0.0435,0.1304,117.8,0,0,0,30.56
5a9a,D:\Main_Project\Multimodal_NDD_Prediction\dyslexia_screening\data/mps/mps_dataset\audios\5a9a_EN-OL-RC-538_2.wav,5,"If you look at pictures of butterflies, you will find that many of them have large, black circles on their wings. These look like eyes. These eyes are very useful to the butterfly. They help it to escape from its enemies. A bird or a lizard which is trying to catch a butterfly mistakes these black circles for the creature's eyes. It aims or tries to hit the eye. But all that it gets is a bit of the wing.",38.06,0.925,0.075,0.0,0.05,0.075,116.66,1,0,1,38.06
5a9d,D:\Main_Project\Multimodal_NDD_Prediction\dyslexia_screening\data/mps/mps_dataset\audios\5a9d_EN-OL-RC-538_1.wav,5,"Butterflies are surely some of the most beautiful creatures in the world. They are beautiful because of the brilliant colours of their wings. If you look at a butterfly's wings through a magnifying glass, you will see that they are covered with very small scales. It is these scales which have colour. Without these scales, the wings would be transparent. The colours on the wings make very fine patterns.",42.29,0.942,0.058,0.0,0.029,0.058,92.22,15,0,15,42.29
5a9j,D:\Main_Project\Multimodal_NDD_Prediction\dyslexia_screening\data/mps/mps_dataset\audios\5a9j_EN-OL-RC-538_1.wav,5,"Butterflies are surely some of the most beautiful creatures in the world. They are beautiful because of the brilliant colours of their wings. If you look at a butterfly's wings through a magnifying glass, you will see that they are covered with very small scales. It is these scales which have colour. Without these scales, the wings would be transparent. The colours on the wings make very fine patterns.",44.65,0.8696,0.1304,0.0,0.1304,0.1304,80.63,0,0,0,44.65
5b10a,D:\Main_Project\Multimodal_NDD_Prediction\dyslexia_screening\data/mps/mps_dataset\audios\5b10a_EN-OL-RC-538_1.wav,5,"Butterflies are surely some of the most beautiful creatures in the world. They are beautiful because of the brilliant colours of their wings. If you look at a butterfly's wings through a magnifying glass, you will see that they are covered with very small scales. It is these scales which have colour. Without these scales, the wings would be transparent. The colours on the wings make very fine patterns.",45.11,0.9275,0.058,0.0145,0.029,0.0725,85.13,7,1,7,45.11
5b10g,D:\Main_Project\Multimodal_NDD_Prediction\dyslexia_screening\data/mps/mps_dataset\audios\5b10g_EN-OL-RC-538_1.wav,5,"Butterflies are surely some of the most beautiful creatures in the world. They are beautiful because of the brilliant colours of their wings. If you look at a butterfly's wings through a magnifying glass, you will see that they are covered with very small scales. It is these scales which have colour. Without these scales, the wings would be transparent. The colours on the wings make very fine patterns.",30.29,0.942,0.058,0.0,0.0145,0.058,128.76,4,0,4,30.29
5b10g,D:\Main_Project\Multimodal_NDD_Prediction\dyslexia_screening\data/mps/mps_dataset\audios\5b10g_EN-OL-RC-538_2.wav,5,"If you look at pictures of butterflies, you will find that many of them have large, black circles on their wings. These look like eyes. These eyes are very useful to the butterfly. They help it to escape from its enemies. A bird or a lizard which is trying to catch a butterfly mistakes these black circles for the creature's eyes. It aims or tries to hit the eye. But all that it gets is a bit of the wing.",37.31,0.9,0.1,0.0,0.0125,0.1,115.79,1,0,1,37.31
5b10k,D:\Main_Project\Multimodal_NDD_Prediction\dyslexia_screening\data/mps/mps_dataset\audios\5b10k_EN-OL-RC-538_1.wav,5,"Butterflies are surely some of the most beautiful creatures in the world. They are beautiful because of the brilliant colours of their wings. If you look at a butterfly's wings through a magnifying glass, you will see that they are covered with very small scales. It is these scales which have colour. Without these scales, the wings would be transparent. The colours on the wings make very fine patterns.",26.36,0.8986,0.087,0.0145,0.0,0.1014,141.12,0,0,0,26.36
5b11a,D:\Main_Project\Multimodal_NDD_Prediction\dyslexia_screening\data/mps/mps_dataset\audios\5b11a_EN-OL-RC-538_1.wav,5,"Butterflies are surely some of the most beautiful creatures in the world. They are beautiful because of the brilliant colours of their wings. If you look at a butterfly's wings through a magnifying glass, you will see that they are covered with very small scales. It is these scales which have colour. Without these scales, the wings would be transparent. The colours on the wings make very fine patterns.",57.74,0.8261,0.1739,0.0,0.1014,0.1739,59.23,11,1,11,57.74
5b11k,D:\Main_Project\Multimodal_NDD_Prediction\dyslexia_screening\data/mps/mps_dataset\audios\5b11k_EN-OL-RC-538_1.wav,5,"Butterflies are surely some of the most beautiful creatures in the world. They are beautiful because of the brilliant colours of their wings. If you look at a butterfly's wings through a magnifying glass, you will see that they are covered with very small scales. It is these scales which have colour. Without these scales, the wings would be transparent. The colours on the wings make very fine patterns.",38.3,0.9275,0.0725,0.0,0.087,0.0725,100.26,0,0,0,38.3
5b11k,D:\Main_Project\Multimodal_NDD_Prediction\dyslexia_screening\data/mps/mps_dataset\audios\5b11k_EN-OL-RC-538_2.wav,5,"If you look at pictures of butterflies, you will find that many of them have large, black circles on their wings. These look like eyes. These eyes are very useful to the butterfly. They help it to escape from its enemies. A bird or a lizard which is trying to catch a butterfly mistakes these black circles for the creature's eyes. It aims or tries to hit the eye. But all that it gets is a bit of the wing.",40.82,0.8875,0.1125,0.0,0.075,0.1125,104.36,0,0,0,40.82
5b12b,D:\Main_Project\Multimodal_NDD_Prediction\dyslexia_screening\data/mps/mps_dataset\audios\5b12b_EN-OL-RC-538_2.wav,5,"If you look at pictures of butterflies, you will find that many of them have large, black circles on their wings. These look like eyes. These eyes are very useful to the butterfly. They help it to escape from its enemies. A bird or a lizard which is trying to catch a butterfly mistakes these black circles for the creature's eyes. It aims or tries to hit the eye. But all that it gets is a bit of the wing.",38.63,0.825,0.1375,0.0375,0.0375,0.175,102.51,1,0,1,38.63
5b12c,D:\Main_Project\Multimodal_NDD_Prediction\dyslexia_screening\data/mps/mps_dataset\audios\5b12c_EN-OL-RC-538_1.wav,5,"Butterflies are surely some of the most beautiful creatures in the world. They are beautiful because of the brilliant colours of their wings. If you look at a butterfly's wings through a magnifying glass, you will see that they are covered with very small scales. It is these scales which have colour. Without these scales, the wings would be transparent. The colours on the wings make very fine patterns.",29.98,0.942,0.058,0.0,0.029,0.058,130.09,0,0,0,29.98
5b12c,D:\Main_Project\Multimodal_NDD_Prediction\dyslexia_screening\data/mps/mps_dataset\audios\5b12c_EN-OL-RC-538_2.wav,5,"If you look at pictures of butterflies, you will find that many of them have large, black circles on their wings. These look like eyes. These eyes are very useful to the butterfly. They help it to escape from its enemies. A bird or a lizard which is trying to catch a butterfly mistakes these black circles for the creature's eyes. It aims or tries to hit the eye. But all that it gets is a bit of the wing.",32.81,0.95,0.05,0.0,0.0,0.05,138.98,1,0,1,32.81
5b12k,D:\Main_Project\Multimodal_NDD_Prediction\dyslexia_screening\data/mps/mps_dataset\audios\5b12k_EN-OL-RC-538_2.wav,5,"If you look at pictures of butterflies, you will find that many of them have large, black circles on their wings. These look like eyes. These eyes are very useful to the butterfly. They help it to escape from its enemies. A bird or a lizard which is trying to catch a butterfly mistakes these black circles for the creature's eyes. It aims or tries to hit the eye. But all that it gets is a bit of the wing.",49.51,0.875,0.0875,0.0375,0.025,0.125,84.83,14,0,14,49.51
5b13a,D:\Main_Project\Multimodal_NDD_Prediction\dyslexia_screening\data/mps/mps_dataset\audios\5b13a_EN-OL-RC-538_2.wav,5,"If you look at pictures of butterflies, you will find that many of them have large, black circles on their wings. These look like eyes. These eyes are very useful to the butterfly. They help it to escape from its enemies. A bird or a lizard which is trying to catch a butterfly mistakes these black circles for the creature's eyes. It aims or tries to hit the eye. But all that it gets is a bit of the wing.",52.15,0.9125,0.0875,0.0,0.0375,0.0875,83.99,9,2,9,52.15
5b13k,D:\Main_Project\Multimodal_NDD_Prediction\dyslexia_screening\data/mps/mps_dataset\audios\5b13k_EN-OL-RC-538_1.wav,5,"Butterflies are surely some of the most beautiful creatures in the world. They are beautiful because of the brilliant colours of their wings. If you look at a butterfly's wings through a magnifying glass, you will see that they are covered with very small scales. It is these scales which have colour. Without these scales, the wings would be transparent. The colours on the wings make very fine patterns.",36.13,0.8551,0.1449,0.0,0.0435,0.1449,97.98,0,0,0,36.13
5b13k,D:\Main_Project\Multimodal_NDD_Prediction\dyslexia_screening\data/mps/mps_dataset\audios\5b13k_EN-OL-RC-538_2.wav,5,"If you look at pictures of butterflies, you will find that many of them have large, black circles on their wings. These look like eyes. These eyes are very useful to the butterfly. They help it to escape from its enemies. A bird or a lizard which is trying to catch a butterfly mistakes these black circles for the creature's eyes. It aims or tries to hit the eye. But all that it gets is a bit of the wing.",44.18,0.825,0.175,0.0,0.075,0.175,89.63,0,0,0,44.18
5b14a,D:\Main_Project\Multimodal_NDD_Prediction\dyslexia_screening\data/mps/mps_dataset\audios\5b14a_EN-OL-RC-538_1.wav,5,"Butterflies are surely some of the most beautiful creatures in the world. They are beautiful because of the brilliant colours of their wings. If you look at a butterfly's wings through a magnifying glass, you will see that they are covered with very small scales. It is these scales which have colour. Without these scales, the wings would be transparent. The colours on the wings make very fine patterns.",60.86,0.5942,0.1449,0.2609,0.0145,0.4058,40.42,11,3,11,60.86
5b14g,D:\Main_Project\Multimodal_NDD_Prediction\dyslexia_screening\data/mps/mps_dataset\audios\5b14g_EN-OL-RC-538_1.wav,5,"Butterflies are surely some of the most beautiful creatures in the world. They are beautiful because of the brilliant colours of their wings. If you look at a butterfly's wings through a magnifying glass, you will see that they are covered with very small scales. It is these scales which have colour. Without these scales, the wings would be transparent. The colours on the wings make very fine patterns.",31.91,0.9855,0.0145,0.0,0.0145,0.0145,127.86,0,0,0,31.91
5b14k,D:\Main_Project\Multimodal_NDD_Prediction\dyslexia_screening\data/mps/mps_dataset\audios\5b14k_EN-OL-RC-538_1.wav,5,"Butterflies are surely some of the most beautiful creatures in the world. They are beautiful because of the brilliant colours of their wings. If you look at a butterfly's wings through a magnifying glass, you will see that they are covered with very small scales. It is these scales which have colour. Without these scales, the wings would be transparent. The colours on the wings make very fine patterns.",46.39,0.8841,0.1159,0.0,0.058,0.1159,78.9,0,0,0,46.39
5b15a,D:\Main_Project\Multimodal_NDD_Prediction\dyslexia_screening\data/mps/mps_dataset\audios\5b15a_EN-OL-RC-538_1.wav,5,"Butterflies are surely some of the most beautiful creatures in the world. They are beautiful because of the brilliant colours of their wings. If you look at a butterfly's wings through a magnifying glass, you will see that they are covered with very small scales. It is these scales which have colour. Without these scales, the wings would be transparent. The colours on the wings make very fine patterns.",39.38,0.8551,0.1304,0.0145,0.0145,0.1449,89.89,3,0,3,39.38
5b15a,D:\Main_Project\Multimodal_NDD_Prediction\dyslexia_screening\data/mps/mps_dataset\audios\5b15a_EN-OL-RC-538_2.wav,5,"If you look at pictures of butterflies, you will find that many of them have large, black circles on their wings. These look like eyes. These eyes are very useful to the butterfly. They help it to escape from its enemies. A bird or a lizard which is trying to catch a butterfly mistakes these black circles for the creature's eyes. It aims or tries to hit the eye. But all that it gets is a bit of the wing.",46.61,0.9,0.0875,0.0125,0.05,0.1,92.68,4,0,4,46.61
5b15b,D:\Main_Project\Multimodal_NDD_Prediction\dyslexia_screening\data/mps/mps_dataset\audios\5b15b_EN-OL-RC-538_1.wav,5,"Butterflies are surely some of the most beautiful creatures in the world. They are beautiful because of the brilliant colours of their wings. If you look at a butterfly's wings through a magnifying glass, you will see that they are covered with very small scales. It is these scales which have colour. Without these scales, the wings would be transparent. The colours on the wings make very fine patterns.",56.87,0.8261,0.1449,0.029,0.058,0.1739,60.14,17,3,17,56.87
5b15k,D:\Main_Project\Multimodal_NDD_Prediction\dyslexia_screening\data/mps/mps_dataset\audios\5b15k_EN-OL-RC-538_1.wav,5,"Butterflies are surely some of the most beautiful creatures in the world. They are beautiful because of the brilliant colours of their wings. If you look at a butterfly's wings through a magnifying glass, you will see that they are covered with very small scales. It is these scales which have colour. Without these scales, the wings would be transparent. The colours on the wings make very fine patterns.",44.81,0.9275,0.0725,0.0,0.0145,0.0725,85.7,0,0,0,44.81
5b15k,D:\Main_Project\Multimodal_NDD_Prediction\dyslexia_screening\data/mps/mps_dataset\audios\5b15k_EN-OL-RC-538_2.wav,5,"If you look at pictures of butterflies, you will find that many of them have large, black circles on their wings. These look like eyes. These eyes are very useful to the butterfly. They help it to escape from its enemies. A bird or a lizard which is trying to catch a butterfly mistakes these black circles for the creature's eyes. It aims or tries to hit the eye. But all that it gets is a bit of the wing.",50.84,0.975,0.025,0.0,0.025,0.025,92.05,0,0,0,50.84
5b16c,D:\Main_Project\Multimodal_NDD_Prediction\dyslexia_screening\data/mps/mps_dataset\audios\5b16c_EN-OL-RC-538_1.wav,5,"Butterflies are surely some of the most beautiful creatures in the world. They are beautiful because of the brilliant colours of their wings. If you look at a butterfly's wings through a magnifying glass, you will see that they are covered with very small scales. It is these scales which have colour. Without these scales, the wings would be transparent. The colours on the wings make very fine patterns.",36.23,0.971,0.029,0.0,0.0145,0.029,110.96,0,0,0,36.23
5b16c,D:\Main_Project\Multimodal_NDD_Prediction\dyslexia_screening\data/mps/mps_dataset\audios\5b16c_EN-OL-RC-538_2.wav,5,"If you look at pictures of butterflies, you will find that many of them have large, black circles on their wings. These look like eyes. These eyes are very useful to the butterfly. They help it to escape from its enemies. A bird or a lizard which is trying to catch a butterfly mistakes these black circles for the creature's eyes. It aims or tries to hit the eye. But all that it gets is a bit of the wing.",38.84,0.9625,0.0375,0.0,0.0,0.0375,118.95,0,0,0,38.84
5b16f,D:\Main_Project\Multimodal_NDD_Prediction\dyslexia_screening\data/mps/mps_dataset\audios\5b16f_EN-OL-RC-538_1.wav,5,"Butterflies are surely some of the most beautiful creatures in the world. They are beautiful because of the brilliant colours of their wings. If you look at a butterfly's wings through a magnifying glass, you will see that they are covered with very small scales. It is these scales which have colour. Without these scales, the wings would be transparent. The colours on the wings make very fine patterns.",41.38,0.8406,0.1594,0.0,0.0725,0.1594,84.1,3,0,3,41.38
5b16g,D:\Main_Project\Multimodal_NDD_Prediction\dyslexia_screening\data/mps/mps_dataset\audios\5b16g_EN-OL-RC-538_1.wav,5,"Butterflies are surely some of the most beautiful creatures in the world. They are beautiful because of the brilliant colours of their wings. If you look at a butterfly's wings through a magnifying glass, you will see that they are covered with very small scales. It is these scales which have colour. Without these scales, the wings would be transparent. The colours on the wings make very fine patterns.",35.17,1.0,0.0,0.0,0.029,0.0,117.71,7,0,7,35.17
5b17b,D:\Main_Project\Multimodal_NDD_Prediction\dyslexia_screening\data/mps/mps_dataset\audios\5b17b_EN-OL-RC-538_1.wav,5,"Butterflies are surely some of the most beautiful creatures in the world. They are beautiful because of the brilliant colours of their wings. If you look at a butterfly's wings through a magnifying glass, you will see that they are covered with very small scales. It is these scales which have colour. Without these scales, the wings would be transparent. The colours on the wings make very fine patterns.",43.15,0.8841,0.1159,0.0,0.0435,0.1159,84.82,11,0,11,43.15
5b17c,D:\Main_Project\Multimodal_NDD_Prediction\dyslexia_screening\data/mps/mps_dataset\audios\5b17c_EN-OL-RC-538_1.wav,5,"Butterflies are surely some of the most beautiful creatures in the world. They are beautiful because of the brilliant colours of their wings. If you look at a butterfly's wings through a magnifying glass, you will see that they are covered with very small scales. It is these scales which have colour. Without these scales, the wings would be transparent. The colours on the wings make very fine patterns.",34.55,0.9565,0.0435,0.0,0.058,0.0435,114.62,1,0,1,34.55
5b17c,D:\Main_Project\Multimodal_NDD_Prediction\dyslexia_screening\data/mps/mps_dataset\audios\5b17c_EN-OL-RC-538_2.wav,5,"If you look at pictures of butterflies, you will find that many of them have large, black circles on their wings. These look like eyes. These eyes are very useful to the butterfly. They help it to escape from its enemies. A bird or a lizard which is trying to catch a butterfly mistakes these black circles for the creature's eyes. It aims or tries to hit the eye. But all that it gets is a bit of the wing.",40.25,0.9125,0.0875,0.0,0.0125,0.0875,108.82,1,0,1,40.25
5b17f,D:\Main_Project\Multimodal_NDD_Prediction\dyslexia_screening\data/mps/mps_dataset\audios\5b17f_EN-OL-RC-538_1.wav,5,"Butterflies are surely some of the most beautiful creatures in the world. They are beautiful because of the brilliant colours of their wings. If you look at a butterfly's wings through a magnifying glass, you will see that they are covered with very small scales. It is these scales which have colour. Without these scales, the wings would be transparent. The colours on the wings make very fine patterns.",45.44,0.9275,0.0725,0.0,0.029,0.0725,84.51,4,0,4,45.44
5b17f,D:\Main_Project\Multimodal_NDD_Prediction\dyslexia_screening\data/mps/mps_dataset\audios\5b17f_EN-OL-RC-538_2.wav,5,"If you look at pictures of butterflies, you will find that many of them have large, black circles on their wings. These look like eyes. These eyes are very useful to the butterfly. They help it to escape from its enemies. A bird or a lizard which is trying to catch a butterfly mistakes these black circles for the creature's eyes. It aims or tries to hit the eye. But all that it gets is a bit of the wing.",55.67,0.9,0.1,0.0,0.025,0.1,77.6,8,1,8,55.67
5b18a,D:\Main_Project\Multimodal_NDD_Prediction\dyslexia_screening\data/mps/mps_dataset\audios\5b18a_EN-OL-RC-538_2.wav,5,"If you look at pictures of butterflies, you will find that many of them have large, black circles on their wings. These look like eyes. These eyes are very useful to the butterfly. They help it to escape from its enemies. A bird or a lizard which is trying to catch a butterfly mistakes these black circles for the creature's eyes. It aims or tries to hit the eye. But all that it gets is a bit of the wing.",42.83,0.85,0.15,0.0,0.025,0.15,95.26,2,0,2,42.83
5b18b,D:\Main_Project\Multimodal_NDD_Prediction\dyslexia_screening\data/mps/mps_dataset\audios\5b18b_EN-OL-RC-538_1.wav,5,"Butterflies are surely some of the most beautiful creatures in the world. They are beautiful because of the brilliant colours of their wings. If you look at a butterfly's wings through a magnifying glass, you will see that they are covered with very small scales. It is these scales which have colour. Without these scales, the wings would be transparent. The colours on the wings make very fine patterns.",48.71,0.9275,0.0725,0.0,0.029,0.0725,78.83,0,0,0,48.71
5b18c,D:\Main_Project\Multimodal_NDD_Prediction\dyslexia_screening\data/mps/mps_dataset\audios\5b18c_EN-OL-RC-538_1.wav,5,"Butterflies are surely some of the most beautiful creatures in the world. They are beautiful because of the brilliant colours of their wings. If you look at a butterfly's wings through a magnifying glass, you will see that they are covered with very small scales. It is these scales which have colour. Without these scales, the wings would be transparent. The colours on the wings make very fine patterns.",47.82,0.8261,0.1594,0.0145,0.0435,0.1739,71.52,0,0,0,47.82
5b19b,D:\Main_Project\Multimodal_NDD_Prediction\dyslexia_screening\data/mps/mps_dataset\audios\5b19b_EN-OL-RC-538_2.wav,5,"If you look at pictures of butterflies, you will find that many of them have large, black circles on their wings. These look like eyes. These eyes are very useful to the butterfly. They help it to escape from its enemies. A bird or a lizard which is trying to catch a butterfly mistakes these black circles for the creature's eyes. It aims or tries to hit the eye. But all that it gets is a bit of the wing.",54.2,0.8875,0.0625,0.05,0.0625,0.1125,78.6,0,0,0,54.2
5b19f,D:\Main_Project\Multimodal_NDD_Prediction\dyslexia_screening\data/mps/mps_dataset\audios\5b19f_EN-OL-RC-538_2.wav,5,"If you look at pictures of butterflies, you will find that many of them have large, black circles on their wings. These look like eyes. These eyes are very useful to the butterfly. They help it to escape from its enemies. A bird or a lizard which is trying to catch a butterfly mistakes these black circles for the creature's eyes. It aims or tries to hit the eye. But all that it gets is a bit of the wing.",41.98,0.975,0.025,0.0,0.0125,0.025,111.48,7,1,7,41.98
5b1c,D:\Main_Project\Multimodal_NDD_Prediction\dyslexia_screening\data/mps/mps_dataset\audios\5b1c_EN-OL-RC-538_1.wav,5,"Butterflies are surely some of the most beautiful creatures in the world. They are beautiful because of the brilliant colours of their wings. If you look at a butterfly's wings through a magnifying glass, you will see that they are covered with very small scales. It is these scales which have colour. Without these scales, the wings would be transparent. The colours on the wings make very fine patterns.",35.99,0.971,0.029,0.0,0.0145,0.029,111.7,0,0,0,35.99
5b1c,D:\Main_Project\Multimodal_NDD_Prediction\dyslexia_screening\data/mps/mps_dataset\audios\5b1c_EN-OL-RC-538_2.wav,5,"If you look at pictures of butterflies, you will find that many of them have large, black circles on their wings. These look like eyes. These eyes are very useful to the butterfly. They help it to escape from its enemies. A bird or a lizard which is trying to catch a butterfly mistakes these black circles for the creature's eyes. It aims or tries to hit the eye. But all that it gets is a bit of the wing.",36.5,0.95,0.05,0.0,0.0125,0.05,124.93,0,0,0,36.5
5b20f,D:\Main_Project\Multimodal_NDD_Prediction\dyslexia_screening\data/mps/mps_dataset\audios\5b20f_EN-OL-RC-538_1.wav,5,"Butterflies are surely some of the most beautiful creatures in the world. They are beautiful because of the brilliant colours of their wings. If you look at a butterfly's wings through a magnifying glass, you will see that they are covered with very small scales. It is these scales which have colour. Without these scales, the wings would be transparent. The colours on the wings make very fine patterns.",43.52,0.9565,0.0435,0.0,0.0,0.0435,90.99,9,1,9,43.52
5b20g,D:\Main_Project\Multimodal_NDD_Prediction\dyslexia_screening\data/mps/mps_dataset\audios\5b20g_EN-OL-RC-538_1.wav,5,"Butterflies are surely some of the most beautiful creatures in the world. They are beautiful because of the brilliant colours of their wings. If you look at a butterfly's wings through a magnifying glass, you will see that they are covered with very small scales. It is these scales which have colour. Without these scales, the wings would be transparent. The colours on the wings make very fine patterns.",60.98,0.7681,0.1304,0.1014,0.1304,0.2319,52.15,0,0,0,60.98
5b21c,D:\Main_Project\Multimodal_NDD_Prediction\dyslexia_screening\data/mps/mps_dataset\audios\5b21c_EN-OL-RC-538_1.wav,5,"Butterflies are surely some of the most beautiful creatures in the world. They are beautiful because of the brilliant colours of their wings. If you look at a butterfly's wings through a magnifying glass, you will see that they are covered with very small scales. It is these scales which have colour. Without these scales, the wings would be transparent. The colours on the wings make very fine patterns.",31.52,0.8406,0.1159,0.0435,0.029,0.1594,110.41,2,0,2,31.52
5b21g,D:\Main_Project\Multimodal_NDD_Prediction\dyslexia_screening\data/mps/mps_dataset\audios\5b21g_EN-OL-RC-538_2.wav,5,"If you look at pictures of butterflies, you will find that many of them have large, black circles on their wings. These look like eyes. These eyes are very useful to the butterfly. They help it to escape from its enemies. A bird or a lizard which is trying to catch a butterfly mistakes these black circles for the creature's eyes. It aims or tries to hit the eye. But all that it gets is a bit of the wing.",35.75,0.925,0.075,0.0,0.025,0.075,124.2,3,0,3,35.75
5b21k,D:\Main_Project\Multimodal_NDD_Prediction\dyslexia_screening\data/mps/mps_dataset\audios\5b21k_EN-OL-RC-538_1.wav,5,"Butterflies are surely some of the most beautiful creatures in the world. They are beautiful because of the brilliant colours of their wings. If you look at a butterfly's wings through a magnifying glass, you will see that they are covered with very small scales. It is these scales which have colour. Without these scales, the wings would be transparent. The colours on the wings make very fine patterns.",29.99,0.9855,0.0145,0.0,0.0,0.0145,136.05,0,0,0,29.99
5b21k,D:\Main_Project\Multimodal_NDD_Prediction\dyslexia_screening\data/mps/mps_dataset\audios\5b21k_EN-OL-RC-538_2.wav,5,"If you look at pictures of butterflies, you will find that many of them have large, black circles on their wings. These look like eyes. These eyes are very useful to the butterfly. They help it to escape from its enemies. A bird or a lizard which is trying to catch a butterfly mistakes these black circles for the creature's eyes. It aims or tries to hit the eye. But all that it gets is a bit of the wing.",32.98,0.9375,0.0625,0.0,0.025,0.0625,136.45,0,0,0,32.98
5b22a,D:\Main_Project\Multimodal_NDD_Prediction\dyslexia_screening\data/mps/mps_dataset\audios\5b22a_EN-OL-RC-538_1.wav,5,"Butterflies are surely some of the most beautiful creatures in the world. They are beautiful because of the brilliant colours of their wings. If you look at a butterfly's wings through a magnifying glass, you will see that they are covered with very small scales. It is these scales which have colour. Without these scales, the wings would be transparent. The colours on the wings make very fine patterns.",61.1,0.8841,0.1014,0.0145,0.087,0.1159,59.9,9,2,9,61.1
5b22g,D:\Main_Project\Multimodal_NDD_Prediction\dyslexia_screening\data/mps/mps_dataset\audios\5b22g_EN-OL-RC-538_1.wav,5,"Butterflies are surely some of the most beautiful creatures in the world. They are beautiful because of the brilliant colours of their wings. If you look at a butterfly's wings through a magnifying glass, you will see that they are covered with very small scales. It is these scales which have colour. Without these scales, the wings would be transparent. The colours on the wings make very fine patterns.",27.46,0.971,0.029,0.0,0.0,0.029,146.39,0,0,0,27.46
5b22g,D:\Main_Project\Multimodal_NDD_Prediction\dyslexia_screening\data/mps/mps_dataset\audios\5b22g_EN-OL-RC-538_2.wav,5,"If you look at pictures of butterflies, you will find that many of them have large, black circles on their wings. These look like eyes. These eyes are very useful to the butterfly. They help it to escape from its enemies. A bird or a lizard which is trying to catch a butterfly mistakes these black circles for the creature's eyes. It aims or tries to hit the eye. But all that it gets is a bit of the wing.",31.13,1.0,0.0,0.0,0.0,0.0,154.19,6,0,6,31.13
5b22h,D:\Main_Project\Multimodal_NDD_Prediction\dyslexia_screening\data/mps/mps_dataset\audios\5b22h_EN-OL-RC-538_2.wav,5,"If you look at pictures of butterflies, you will find that many of them have large, black circles on their wings. These look like eyes. These eyes are very useful to the butterfly. They help it to escape from its enemies. A bird or a lizard which is trying to catch a butterfly mistakes these black circles for the creature's eyes. It aims or tries to hit the eye. But all that it gets is a bit of the wing.",44.6,0.9875,0.0125,0.0,0.0125,0.0125,106.28,0,0,0,44.6
5b23k,D:\Main_Project\Multimodal_NDD_Prediction\dyslexia_screening\data/mps/mps_dataset\audios\5b23k_EN-OL-RC-538_1.wav,5,"Butterflies are surely some of the most beautiful creatures in the world. They are beautiful because of the brilliant colours of their wings. If you look at a butterfly's wings through a magnifying glass, you will see that they are covered with very small scales. It is these scales which have colour. Without these scales, the wings would be transparent. The colours on the wings make very fine patterns.",54.04,0.8406,0.1594,0.0,0.0725,0.1594,64.4,0,0,0,54.04
5b24c,D:\Main_Project\Multimodal_NDD_Prediction\dyslexia_screening\data/mps/mps_dataset\audios\5b24c_EN-OL-RC-538_1.wav,5,"Butterflies are surely some of the most beautiful creatures in the world. They are beautiful because of the brilliant colours of their wings. If you look at a butterfly's wings through a magnifying glass, you will see that they are covered with very small scales. It is these scales which have colour. Without these scales, the wings would be transparent. The colours on the wings make very fine patterns.",38.31,0.971,0.029,0.0,0.0,0.029,104.93,1,0,1,38.31
5b24c,D:\Main_Project\Multimodal_NDD_Prediction\dyslexia_screening\data/mps/mps_dataset\audios\5b24c_EN-OL-RC-538_2.wav,5,"If you look at pictures of butterflies, you will find that many of them have large, black circles on their wings. These look like eyes. These eyes are very useful to the butterfly. They help it to escape from its enemies. A bird or a lizard which is trying to catch a butterfly mistakes these black circles for the creature's eyes. It aims or tries to hit the eye. But all that it gets is a bit of the wing.",37.78,0.975,0.025,0.0,0.0,0.025,123.88,3,0,3,37.78
5b24g,D:\Main_Project\Multimodal_NDD_Prediction\dyslexia_screening\data/mps/mps_dataset\audios\5b24g_EN-OL-RC-538_1.wav,5,"Butterflies are surely some of the most beautiful creatures in the world. They are beautiful because of the brilliant colours of their wings. If you look at a butterfly's wings through a magnifying glass, you will see that they are covered with very small scales. It is these scales which have colour. Without these scales, the wings would be transparent. The colours on the wings make very fine patterns.",33.38,0.971,0.029,0.0,0.0145,0.029,120.43,3,0,3,33.38
5b24g,D:\Main_Project\Multimodal_NDD_Prediction\dyslexia_screening\data/mps/mps_dataset\audios\5b24g_EN-OL-RC-538_2.wav,5,"If you look at pictures of butterflies, you will find that many of them have large, black circles on their wings. These look like eyes. These eyes are very useful to the butterfly. They help it to escape from its enemies. A bird or a lizard which is trying to catch a butterfly mistakes these black circles for the creature's eyes. It aims or tries to hit the eye. But all that it gets is a bit of the wing.",38.02,0.9375,0.05,0.0125,0.025,0.0625,118.36,6,0,6,38.02
5b24k,D:\Main_Project\Multimodal_NDD_Prediction\dyslexia_screening\data/mps/mps_dataset\audios\5b24k_EN-OL-RC-538_1.wav,5,"Butterflies are surely some of the most beautiful creatures in the world. They are beautiful because of the brilliant colours of their wings. If you look at a butterfly's wings through a magnifying glass, you will see that they are covered with very small scales. It is these scales which have colour. Without these scales, the wings would be transparent. The colours on the wings make very fine patterns.",35.98,0.942,0.0435,0.0145,0.0,0.058,108.39,0,0,0,35.98
5b24k,D:\Main_Project\Multimodal_NDD_Prediction\dyslexia_screening\data/mps/mps_dataset\audios\5b24k_EN-OL-RC-538_2.wav,5,"If you look at pictures of butterflies, you will find that many of them have large, black circles on their wings. These look like eyes. These eyes are very useful to the butterfly. They help it to escape from its enemies. A bird or a lizard which is trying to catch a butterfly mistakes these black circles for the creature's eyes. It aims or tries to hit the eye. But all that it gets is a bit of the wing.",43.69,0.95,0.05,0.0,0.025,0.05,104.37,0,0,0,43.69
5b25f,D:\Main_Project\Multimodal_NDD_Prediction\dyslexia_screening\data/mps/mps_dataset\audios\5b25f_EN-OL-RC-538_1.wav,5,"Butterflies are surely some of the most beautiful creatures in the world. They are beautiful because of the brilliant colours of their wings. If you look at a butterfly's wings through a magnifying glass, you will see that they are covered with very small scales. It is these scales which have colour. Without these scales, the wings would be transparent. The colours on the wings make very fine patterns.",34.52,0.9565,0.0435,0.0,0.0145,0.0435,114.72,2,0,2,34.52
5b25h,D:\Main_Project\Multimodal_NDD_Prediction\dyslexia_screening\data/mps/mps_dataset\audios\5b25h_EN-OL-RC-538_1.wav,5,"Butterflies are surely some of the most beautiful creatures in the world. They are beautiful because of the brilliant colours of their wings. If you look at a butterfly's wings through a magnifying glass, you will see that they are covered with very small scales. It is these scales which have colour. Without these scales, the wings would be transparent. The colours on the wings make very fine patterns.",42.98,0.7826,0.2029,0.0145,0.0145,0.2174,75.38,2,0,2,42.98
5b26f,D:\Main_Project\Multimodal_NDD_Prediction\dyslexia_screening\data/mps/mps_dataset\audios\5b26f_EN-OL-RC-538_1.wav,5,"Butterflies are surely some of the most beautiful creatures in the world. They are beautiful because of the brilliant colours of their wings. If you look at a butterfly's wings through a magnifying glass, you will see that they are covered with very small scales. It is these scales which have colour. Without these scales, the wings would be transparent. The colours on the wings make very fine patterns.",52.76,0.8261,0.1739,0.0,0.0435,0.1739,64.82,9,0,9,52.76
5b26h,D:\Main_Project\Multimodal_NDD_Prediction\dyslexia_screening\data/mps/mps_dataset\audios\5b26h_EN-OL-RC-538_2.wav,5,"If you look at pictures of butterflies, you will find that many of them have large, black circles on their wings. These look like eyes. These eyes are very useful to the butterfly. They help it to escape from its enemies. A bird or a lizard which is trying to catch a butterfly mistakes these black circles for the creature's eyes. It aims or tries to hit the eye. But all that it gets is a bit of the wing.",50.54,0.9125,0.0875,0.0,0.025,0.0875,86.66,0,0,0,50.54
5b26k,D:\Main_Project\Multimodal_NDD_Prediction\dyslexia_screening\data/mps/mps_dataset\audios\5b26k_EN-OL-RC-538_1.wav,5,"Butterflies are surely some of the most beautiful creatures in the world. They are beautiful because of the brilliant colours of their wings. If you look at a butterfly's wings through a magnifying glass, you will see that they are covered with very small scales. It is these scales which have colour. Without these scales, the wings would be transparent. The colours on the wings make very fine patterns.",31.16,0.971,0.029,0.0,0.0145,0.029,129.01,0,0,0,31.16
5b26k,D:\Main_Project\Multimodal_NDD_Prediction\dyslexia_screening\data/mps/mps_dataset\audios\5b26k_EN-OL-RC-538_2.wav,5,"If you look at pictures of butterflies, you will find that many of them have large, black circles on their wings. These look like eyes. These eyes are very useful to the butterfly. They help it to escape from its enemies. A bird or a lizard which is trying to catch a butterfly mistakes these black circles for the creature's eyes. It aims or tries to hit the eye. But all that it gets is a bit of the wing.",33.07,0.975,0.0125,0.0125,0.0,0.025,141.52,0,0,0,33.07
5b27a,D:\Main_Project\Multimodal_NDD_Prediction\dyslexia_screening\data/mps/mps_dataset\audios\5b27a_EN-OL-RC-538_1.wav,5,"Butterflies are surely some of the most beautiful creatures in the world. They are beautiful because of the brilliant colours of their wings. If you look at a butterfly's wings through a magnifying glass, you will see that they are covered with very small scales. It is these scales which have colour. Without these scales, the wings would be transparent. The colours on the wings make very fine patterns.",36.95,0.8696,0.1304,0.0,0.029,0.1304,97.43,9,1,9,36.95
5b27a,D:\Main_Project\Multimodal_NDD_Prediction\dyslexia_screening\data/mps/mps_dataset\audios\5b27a_EN-OL-RC-538_2.wav,5,"If you look at pictures of butterflies, you will find that many of them have large, black circles on their wings. These look like eyes. These eyes are very useful to the butterfly. They help it to escape from its enemies. A bird or a lizard which is trying to catch a butterfly mistakes these black circles for the creature's eyes. It aims or tries to hit the eye. But all that it gets is a bit of the wing.",35.26,0.925,0.075,0.0,0.0,0.075,125.92,5,1,5,35.26
5b27c,D:\Main_Project\Multimodal_NDD_Prediction\dyslexia_screening\data/mps/mps_dataset\audios\5b27c_EN-OL-RC-538_1.wav,5,"Butterflies are surely some of the most beautiful creatures in the world. They are beautiful because of the brilliant colours of their wings. If you look at a butterfly's wings through a magnifying glass, you will see that they are covered with very small scales. It is these scales which have colour. Without these scales, the wings would be transparent. The colours on the wings make very fine patterns.",42.65,0.9565,0.0435,0.0,0.0435,0.0435,92.85,1,0,1,42.65
5b27f,D:\Main_Project\Multimodal_NDD_Prediction\dyslexia_screening\data/mps/mps_dataset\audios\5b27f_EN-OL-RC-538_2.wav,5,"If you look at pictures of butterflies, you will find that many of them have large, black circles on their wings. These look like eyes. These eyes are very useful to the butterfly. They help it to escape from its enemies. A bird or a lizard which is trying to catch a butterfly mistakes these black circles for the creature's eyes. It aims or tries to hit the eye. But all that it gets is a bit of the wing.",52.22,0.8625,0.125,0.0125,0.0625,0.1375,79.28,17,1,17,52.22
5b27k,D:\Main_Project\Multimodal_NDD_Prediction\dyslexia_screening\data/mps/mps_dataset\audios\5b27k_EN-OL-RC-538_2.wav,5,"If you look at pictures of butterflies, you will find that many of them have large, black circles on their wings. These look like eyes. These eyes are very useful to the butterfly. They help it to escape from its enemies. A bird or a lizard which is trying to catch a butterfly mistakes these black circles for the creature's eyes. It aims or tries to hit the eye. But all that it gets is a bit of the wing.",40.52,0.975,0.025,0.0,0.025,0.025,115.5,4,0,4,40.52
5b28c,D:\Main_Project\Multimodal_NDD_Prediction\dyslexia_screening\data/mps/mps_dataset\audios\5b28c_EN-OL-RC-538_1.wav,5,"Butterflies are surely some of the most beautiful creatures in the world. They are beautiful because of the brilliant colours of their wings. If you look at a butterfly's wings through a magnifying glass, you will see that they are covered with very small scales. It is these scales which have colour. Without these scales, the wings would be transparent. The colours on the wings make very fine patterns.",35.03,0.8986,0.087,0.0145,0.0,0.1014,106.19,0,0,0,35.03
5b28c,D:\Main_Project\Multimodal_NDD_Prediction\dyslexia_screening\data/mps/mps_dataset\audios\5b28c_EN-OL-RC-538_2.wav,5,"If you look at pictures of butterflies, you will find that many of them have large, black circles on their wings. These look like eyes. These eyes are very useful to the butterfly. They help it to escape from its enemies. A bird or a lizard which is trying to catch a butterfly mistakes these black circles for the creature's eyes. It aims or tries to hit the eye. But all that it gets is a bit of the wing.",42.62,0.8875,0.1,0.0125,0.0125,0.1125,99.95,0,0,0,42.62
5b28k,D:\Main_Project\Multimodal_NDD_Prediction\dyslexia_screening\data/mps/mps_dataset\audios\5b28k_EN-OL-RC-538_2.wav,5,"If you look at pictures of butterflies, you will find that many of them have large, black circles on their wings. These look like eyes. These eyes are very useful to the butterfly. They help it to escape from its enemies. A bird or a lizard which is trying to catch a butterfly mistakes these black circles for the creature's eyes. It aims or tries to hit the eye. But all that it gets is a bit of the wing.",34.56,0.925,0.0375,0.0375,0.025,0.075,128.47,0,0,0,34.56
5b29c,D:\Main_Project\Multimodal_NDD_Prediction\dyslexia_screening\data/mps/mps_dataset\audios\5b29c_EN-OL-RC-538_1.wav,5,"Butterflies are surely some of the most beautiful creatures in the world. They are beautiful because of the brilliant colours of their wings. If you look at a butterfly's wings through a magnifying glass, you will see that they are covered with very small scales. It is these scales which have colour. Without these scales, the wings would be transparent. The colours on the wings make very fine patterns.",41.6,0.8696,0.1304,0.0,0.0,0.1304,86.54,1,0,1,41.6
5b29c,D:\Main_Project\Multimodal_NDD_Prediction\dyslexia_screening\data/mps/mps_dataset\audios\5b29c_EN-OL-RC-538_2.wav,5,"If you look at pictures of butterflies, you will find that many of them have large, black circles on their wings. These look like eyes. These eyes are very useful to the butterfly. They help it to escape from its enemies. A bird or a lizard which is trying to catch a butterfly mistakes these black circles for the creature's eyes. It aims or tries to hit the eye. But all that it gets is a bit of the wing.",43.84,0.9375,0.0625,0.0,0.0375,0.0625,102.65,0,0,0,43.84
5b2b,D:\Main_Project\Multimodal_NDD_Prediction\dyslexia_screening\data/mps/mps_dataset\audios\5b2b_EN-OL-RC-538_1.wav,5,"Butterflies are surely some of the most beautiful creatures in the world. They are beautiful because of the brilliant colours of their wings. If you look at a butterfly's wings through a magnifying glass, you will see that they are covered with very small scales. It is these scales which have colour. Without these scales, the wings would be transparent. The colours on the wings make very fine patterns.",47.12,0.8261,0.1739,0.0,0.058,0.1739,72.58,6,2,6,47.12
5b2b,D:\Main_Project\Multimodal_NDD_Prediction\dyslexia_screening\data/mps/mps_dataset\audios\5b2b_EN-OL-RC-538_2.wav,5,"If you look at pictures of butterflies, you will find that many of them have large, black circles on their wings. These look like eyes. These eyes are very useful to the butterfly. They help it to escape from its enemies. A bird or a lizard which is trying to catch a butterfly mistakes these black circles for the creature's eyes. It aims or tries to hit the eye. But all that it gets is a bit of the wing.",55.37,0.9125,0.075,0.0125,0.0625,0.0875,79.1,17,2,17,55.37
5b2c,D:\Main_Project\Multimodal_NDD_Prediction\dyslexia_screening\data/mps/mps_dataset\audios\5b2c_EN-OL-RC-538_1.wav,5,"Butterflies are surely some of the most beautiful creatures in the world. They are beautiful because of the brilliant colours of their wings. If you look at a butterfly's wings through a magnifying glass, you will see that they are covered with very small scales. It is these scales which have colour. Without these scales, the wings would be transparent. The colours on the wings make very fine patterns.",28.43,0.971,0.029,0.0,0.0,0.029,141.4,0,0,0,28.43
5b2c,D:\Main_Project\Multimodal_NDD_Prediction\dyslexia_screening\data/mps/mps_dataset\audios\5b2c_EN-OL-RC-538_2.wav,5,"If you look at pictures of butterflies, you will find that many of them have large, black circles on their wings. These look like eyes. These eyes are very useful to the butterfly. They help it to escape from its enemies. A bird or a lizard which is trying to catch a butterfly mistakes these black circles for the creature's eyes. It aims or tries to hit the eye. But all that it gets is a bit of the wing.",29.69,0.9875,0.0125,0.0,0.025,0.0125,159.65,0,0,0,29.69
5b2f,D:\Main_Project\Multimodal_NDD_Prediction\dyslexia_screening\data/mps/mps_dataset\audios\5b2f_EN-OL-RC-538_2.wav,5,"If you look at pictures of butterflies, you will find that many of them have large, black circles on their wings. These look like eyes. These eyes are very useful to the butterfly. They help it to escape from its enemies. A bird or a lizard which is trying to catch a butterfly mistakes these black circles for the creature's eyes. It aims or tries to hit the eye. But all that it gets is a bit of the wing.",53.09,0.8875,0.1125,0.0,0.0375,0.1125,80.24,8,0,8,53.09
5b2k,D:\Main_Project\Multimodal_NDD_Prediction\dyslexia_screening\data/mps/mps_dataset\audios\5b2k_EN-OL-RC-538_2.wav,5,"If you look at pictures of butterflies, you will find that many of them have large, black circles on their wings. These look like eyes. These eyes are very useful to the butterfly. They help it to escape from its enemies. A bird or a lizard which is trying to catch a butterfly mistakes these black circles for the creature's eyes. It aims or tries to hit the eye. But all that it gets is a bit of the wing.",41.27,0.9125,0.0875,0.0,0.025,0.0875,106.13,0,0,0,41.27
5b30a,D:\Main_Project\Multimodal_NDD_Prediction\dyslexia_screening\data/mps/mps_dataset\audios\5b30a_EN-OL-RC-538_1.wav,5,"Butterflies are surely some of the most beautiful creatures in the world. They are beautiful because of the brilliant colours of their wings. If you look at a butterfly's wings through a magnifying glass, you will see that they are covered with very small scales. It is these scales which have colour. Without these scales, the wings would be transparent. The colours on the wings make very fine patterns.",26.97,0.913,0.087,0.0,0.0145,0.087,140.16,0,0,0,26.97
5b30a,D:\Main_Project\Multimodal_NDD_Prediction\dyslexia_screening\data/mps/mps_dataset\audios\5b30a_EN-OL-RC-538_2.wav,5,"If you look at pictures of butterflies, you will find that many of them have large, black circles on their wings. These look like eyes. These eyes are very useful to the butterfly. They help it to escape from its enemies. A bird or a lizard which is trying to catch a butterfly mistakes these black circles for the creature's eyes. It aims or tries to hit the eye. But all that it gets is a bit of the wing.",32.74,0.925,0.0625,0.0125,0.0375,0.075,135.61,1,0,1,32.74
5b30c,D:\Main_Project\Multimodal_NDD_Prediction\dyslexia_screening\data/mps/mps_dataset\audios\5b30c_EN-OL-RC-538_1.wav,5,"Butterflies are surely some of the most beautiful creatures in the world. They are beautiful because of the brilliant colours of their wings. If you look at a butterfly's wings through a magnifying glass, you will see that they are covered with very small scales. It is these scales which have colour. Without these scales, the wings would be transparent. The colours on the wings make very fine patterns.",25.19,0.8986,0.0725,0.029,0.0,0.1014,147.68,0,0,0,25.19
5b30f,D:\Main_Project\Multimodal_NDD_Prediction\dyslexia_screening\data/mps/mps_dataset\audios\5b30f_EN-OL-RC-538_2.wav,5,"If you look at pictures of butterflies, you will find that many of them have large, black circles on their wings. These look like eyes. These eyes are very useful to the butterfly. They help it to escape from its enemies. A bird or a lizard which is trying to catch a butterfly mistakes these black circles for the creature's eyes. It aims or tries to hit the eye. But all that it gets is a bit of the wing.",51.89,0.875,0.125,0.0,0.05,0.125,80.94,3,0,3,51.89
5b30k,D:\Main_Project\Multimodal_NDD_Prediction\dyslexia_screening\data/mps/mps_dataset\audios\5b30k_EN-OL-RC-538_1.wav,5,"Butterflies are surely some of the most beautiful creatures in the world. They are beautiful because of the brilliant colours of their wings. If you look at a butterfly's wings through a magnifying glass, you will see that they are covered with very small scales. It is these scales which have colour. Without these scales, the wings would be transparent. The colours on the wings make very fine patterns.",35.81,0.8986,0.087,0.0145,0.029,0.1014,103.88,0,0,0,35.81
5b31k,D:\Main_Project\Multimodal_NDD_Prediction\dyslexia_screening\data/mps/mps_dataset\audios\5b31k_EN-OL-RC-538_2.wav,5,"If you look at pictures of butterflies, you will find that many of them have large, black circles on their wings. These look like eyes. These eyes are very useful to the butterfly. They help it to escape from its enemies. A bird or a lizard which is trying to catch a butterfly mistakes these black circles for the creature's eyes. It aims or tries to hit the eye. But all that it gets is a bit of the wing.",32.93,0.9625,0.025,0.0125,0.025,0.0375,140.3,0,0,0,32.93
5b32f,D:\Main_Project\Multimodal_NDD_Prediction\dyslexia_screening\data/mps/mps_dataset\audios\5b32f_EN-OL-RC-538_1.wav,5,"Butterflies are surely some of the most beautiful creatures in the world. They are beautiful because of the brilliant colours of their wings. If you look at a butterfly's wings through a magnifying glass, you will see that they are covered with very small scales. It is these scales which have colour. Without these scales, the wings would be transparent. The colours on the wings make very fine patterns.",46.55,0.913,0.087,0.0,0.0,0.087,81.2,1,0,1,46.55
5b32h,D:\Main_Project\Multimodal_NDD_Prediction\dyslexia_screening\data/mps/mps_dataset\audios\5b32h_EN-OL-RC-538_1.wav,5,"Butterflies are surely some of the most beautiful creatures in the world. They are beautiful because of the brilliant colours of their wings. If you look at a butterfly's wings through a magnifying glass, you will see that they are covered with very small scales. It is these scales which have colour. Without these scales, the wings would be transparent. The colours on the wings make very fine patterns.",41.12,0.8986,0.1014,0.0,0.0,0.1014,90.47,0,0,0,41.12
5b32h,D:\Main_Project\Multimodal_NDD_Prediction\dyslexia_screening\data/mps/mps_dataset\audios\5b32h_EN-OL-RC-538_2.wav,5,"If you look at pictures of butterflies, you will find that many of them have large, black circles on their wings. These look like eyes. These eyes are very useful to the butterfly. They help it to escape from its enemies. A bird or a lizard which is trying to catch a butterfly mistakes these black circles for the creature's eyes. It aims or tries to hit the eye. But all that it gets is a bit of the wing.",54.25,0.9375,0.0625,0.0,0.0125,0.0625,82.95,0,0,0,54.25
5b32k,D:\Main_Project\Multimodal_NDD_Prediction\dyslexia_screening\data/mps/mps_dataset\audios\5b32k_EN-OL-RC-538_2.wav,5,"If you look at pictures of butterflies, you will find that many of them have large, black circles on their wings. These look like eyes. These eyes are very useful to the butterfly. They help it to escape from its enemies. A bird or a lizard which is trying to catch a butterfly mistakes these black circles for the creature's eyes. It aims or tries to hit the eye. But all that it gets is a bit of the wing.",28.13,0.8875,0.0875,0.025,0.0,0.1125,151.44,0,0,0,28.13
5b33a,D:\Main_Project\Multimodal_NDD_Prediction\dyslexia_screening\data/mps/mps_dataset\audios\5b33a_EN-OL-RC-538_2.wav,5,"If you look at pictures of butterflies, you will find that many of them have large, black circles on their wings. These look like eyes. These eyes are very useful to the butterfly. They help it to escape from its enemies. A bird or a lizard which is trying to catch a butterfly mistakes these black circles for the creature's eyes. It aims or tries to hit the eye. But all that it gets is a bit of the wing.",48.43,0.8625,0.125,0.0125,0.0375,0.1375,85.48,2,0,2,48.43
5b33c,D:\Main_Project\Multimodal_NDD_Prediction\dyslexia_screening\data/mps/mps_dataset\audios\5b33c_EN-OL-RC-538_1.wav,5,"Butterflies are surely some of the most beautiful creatures in the world. They are beautiful because of the brilliant colours of their wings. If you look at a butterfly's wings through a magnifying glass, you will see that they are covered with very small scales. It is these scales which have colour. Without these scales, the wings would be transparent. The colours on the wings make very fine patterns.",33.95,0.971,0.029,0.0,0.029,0.029,118.41,0,0,0,33.95
5b33c,D:\Main_Project\Multimodal_NDD_Prediction\dyslexia_screening\data/mps/mps_dataset\audios\5b33c_EN-OL-RC-538_2.wav,5,"If you look at pictures of butterflies, you will find that many of them have large, black circles on their wings. These look like eyes. These eyes are very useful to the butterfly. They help it to escape from its enemies. A bird or a lizard which is trying to catch a butterfly mistakes these black circles for the creature's eyes. It aims or tries to hit the eye. But all that it gets is a bit of the wing.",37.32,0.9375,0.05,0.0125,0.025,0.0625,120.58,0,0,0,37.32
5b33g,D:\Main_Project\Multimodal_NDD_Prediction\dyslexia_screening\data/mps/mps_dataset\audios\5b33g_EN-OL-RC-538_1.wav,5,"Butterflies are surely some of the most beautiful creatures in the world. They are beautiful because of the brilliant colours of their wings. If you look at a butterfly's wings through a magnifying glass, you will see that they are covered with very small scales. It is these scales which have colour. Without these scales, the wings would be transparent. The colours on the wings make very fine patterns.",41.42,0.8696,0.1014,0.029,0.029,0.1304,86.91,0,0,0,41.42
5b33g,D:\Main_Project\Multimodal_NDD_Prediction\dyslexia_screening\data/mps/mps_dataset\audios\5b33g_EN-OL-RC-538_2.wav,5,"If you look at pictures of butterflies, you will find that many of them have large, black circles on their wings. These look like eyes. These eyes are very useful to the butterfly. They help it to escape from its enemies. A bird or a lizard which is trying to catch a butterfly mistakes these black circles for the creature's eyes. It aims or tries to hit the eye. But all that it gets is a bit of the wing.",51.24,0.9,0.0875,0.0125,0.025,0.1,84.31,0,0,0,51.24
5b33k,D:\Main_Project\Multimodal_NDD_Prediction\dyslexia_screening\data/mps/mps_dataset\audios\5b33k_EN-OL-RC-538_1.wav,5,"Butterflies are surely some of the most beautiful creatures in the world. They are beautiful because of the brilliant colours of their wings. If you look at a butterfly's wings through a magnifying glass, you will see that they are covered with very small scales. It is these scales which have colour. Without these scales, the wings would be transparent. The colours on the wings make very fine patterns.",33.23,0.942,0.058,0.0,0.0,0.058,117.36,2,0,2,33.23
5b34c,D:\Main_Project\Multimodal_NDD_Prediction\dyslexia_screening\data/mps/mps_dataset\audios\5b34c_EN-OL-RC-538_1.wav,5,"Butterflies are surely some of the most beautiful creatures in the world. They are beautiful because of the brilliant colours of their wings. If you look at a butterfly's wings through a magnifying glass, you will see that they are covered with very small scales. It is these scales which have colour. Without these scales, the wings would be transparent. The colours on the wings make very fine patterns.",27.35,0.9855,0.0145,0.0,0.0,0.0145,149.18,0,0,0,27.35
5b34c,D:\Main_Project\Multimodal_NDD_Prediction\dyslexia_screening\data/mps/mps_dataset\audios\5b34c_EN-OL-RC-538_2.wav,5,"If you look at pictures of butterflies, you will find that many of them have large, black circles on their wings. These look like eyes. These eyes are very useful to the butterfly. They help it to escape from its enemies. A bird or a lizard which is trying to catch a butterfly mistakes these black circles for the creature's eyes. It aims or tries to hit the eye. But all that it gets is a bit of the wing.",29.54,0.9875,0.0,0.0125,0.0,0.0125,160.46,0,0,0,29.54
5b34f,D:\Main_Project\Multimodal_NDD_Prediction\dyslexia_screening\data/mps/mps_dataset\audios\5b34f_EN-OL-RC-538_1.wav,5,"Butterflies are surely some of the most beautiful creatures in the world. They are beautiful because of the brilliant colours of their wings. If you look at a butterfly's wings through a magnifying glass, you will see that they are covered with very small scales. It is these scales which have colour. Without these scales, the wings would be transparent. The colours on the wings make very fine patterns.",32.95,0.9565,0.0435,0.0,0.0,0.0435,120.18,1,0,1,32.95
5b34f,D:\Main_Project\Multimodal_NDD_Prediction\dyslexia_screening\data/mps/mps_dataset\audios\5b34f_EN-OL-RC-538_2.wav,5,"If you look at pictures of butterflies, you will find that many of them have large, black circles on their wings. These look like eyes. These eyes are very useful to the butterfly. They help it to escape from its enemies. A bird or a lizard which is trying to catch a butterfly mistakes these black circles for the creature's eyes. It aims or tries to hit the eye. But all that it gets is a bit of the wing.",42.62,0.9125,0.0875,0.0,0.025,0.0875,102.77,2,0,2,42.62
5b34k,D:\Main_Project\Multimodal_NDD_Prediction\dyslexia_screening\data/mps/mps_dataset\audios\5b34k_EN-OL-RC-538_1.wav,5,"Butterflies are surely some of the most beautiful creatures in the world. They are beautiful because of the brilliant colours of their wings. If you look at a butterfly's wings through a magnifying glass, you will see that they are covered with very small scales. It is these scales which have colour. Without these scales, the wings would be transparent. The colours on the wings make very fine patterns.",30.5,0.9565,0.0435,0.0,0.0,0.0435,129.84,0,0,0,30.5
5b35a,D:\Main_Project\Multimodal_NDD_Prediction\dyslexia_screening\data/mps/mps_dataset\audios\5b35a_EN-OL-RC-538_1.wav,5,"Butterflies are surely some of the most beautiful creatures in the world. They are beautiful because of the brilliant colours of their wings. If you look at a butterfly's wings through a magnifying glass, you will see that they are covered with very small scales. It is these scales which have colour. Without these scales, the wings would be transparent. The colours on the wings make very fine patterns.",34.6,0.8551,0.1304,0.0145,0.058,0.1449,102.31,0,0,0,34.6
5b35a,D:\Main_Project\Multimodal_NDD_Prediction\dyslexia_screening\data/mps/mps_dataset\audios\5b35a_EN-OL-RC-538_2.wav,5,"If you look at pictures of butterflies, you will find that many of them have large, black circles on their wings. These look like eyes. These eyes are very useful to the butterfly. They help it to escape from its enemies. A bird or a lizard which is trying to catch a butterfly mistakes these black circles for the creature's eyes. It aims or tries to hit the eye. But all that it gets is a bit of the wing.",38.9,0.9,0.1,0.0,0.0625,0.1,111.05,0,0,0,38.9
5b35b,D:\Main_Project\Multimodal_NDD_Prediction\dyslexia_screening\data/mps/mps_dataset\audios\5b35b_EN-OL-RC-538_2.wav,5,"If you look at pictures of butterflies, you will find that many of them have large, black circles on their wings. These look like eyes. These eyes are very useful to the butterfly. They help it to escape from its enemies. A bird or a lizard which is trying to catch a butterfly mistakes these black circles for the creature's eyes. It aims or tries to hit the eye. But all that it gets is a bit of the wing.",58.4,0.9125,0.0875,0.0,0.0375,0.0875,75.0,21,4,21,58.4
5b35g,D:\Main_Project\Multimodal_NDD_Prediction\dyslexia_screening\data/mps/mps_dataset\audios\5b35g_EN-OL-RC-538_2.wav,5,"If you look at pictures of butterflies, you will find that many of them have large, black circles on their wings. These look like eyes. These eyes are very useful to the butterfly. They help it to escape from its enemies. A bird or a lizard which is trying to catch a butterfly mistakes these black circles for the creature's eyes. It aims or tries to hit the eye. But all that it gets is a bit of the wing.",43.1,0.85,0.125,0.025,0.0,0.15,94.66,16,0,16,43.1
5b36b,D:\Main_Project\Multimodal_NDD_Prediction\dyslexia_screening\data/mps/mps_dataset\audios\5b36b_EN-OL-RC-538_1.wav,5,"Butterflies are surely some of the most beautiful creatures in the world. They are beautiful because of the brilliant colours of their wings. If you look at a butterfly's wings through a magnifying glass, you will see that they are covered with very small scales. It is these scales which have colour. Without these scales, the wings would be transparent. The colours on the wings make very fine patterns.",61.25,0.8116,0.1739,0.0145,0.0435,0.1884,54.86,20,2,20,61.25
5b36c,D:\Main_Project\Multimodal_NDD_Prediction\dyslexia_screening\data/mps/mps_dataset\audios\5b36c_EN-OL-RC-538_1.wav,5,"Butterflies are surely some of the most beautiful creatures in the world. They are beautiful because of the brilliant colours of their wings. If you look at a butterfly's wings through a magnifying glass, you will see that they are covered with very small scales. It is these scales which have colour. Without these scales, the wings would be transparent. The colours on the wings make very fine patterns.",32.5,0.8986,0.1014,0.0,0.0435,0.1014,114.46,0,0,0,32.5
5b36c,D:\Main_Project\Multimodal_NDD_Prediction\dyslexia_screening\data/mps/mps_dataset\audios\5b36c_EN-OL-RC-538_2.wav,5,"If you look at pictures of butterflies, you will find that many of them have large, black circles on their wings. These look like eyes. These eyes are very useful to the butterfly. They help it to escape from its enemies. A bird or a lizard which is trying to catch a butterfly mistakes these black circles for the creature's eyes. It aims or tries to hit the eye. But all that it gets is a bit of the wing.",44.21,0.95,0.0375,0.0125,0.0625,0.05,103.14,0,0,0,44.21
5b36f,D:\Main_Project\Multimodal_NDD_Prediction\dyslexia_screening\data/mps/mps_dataset\audios\5b36f_EN-OL-RC-538_2.wav,5,"If you look at pictures of butterflies, you will find that many of them have large, black circles on their wings. These look like eyes. These eyes are very useful to the butterfly. They help it to escape from its enemies. A bird or a lizard which is trying to catch a butterfly mistakes these black circles for the creature's eyes. It aims or tries to hit the eye. But all that it gets is a bit of the wing.",49.28,0.8625,0.1125,0.025,0.075,0.1375,84.01,14,0,14,49.28
5b36g,D:\Main_Project\Multimodal_NDD_Prediction\dyslexia_screening\data/mps/mps_dataset\audios\5b36g_EN-OL-RC-538_1.wav,5,"Butterflies are surely some of the most beautiful creatures in the world. They are beautiful because of the brilliant colours of their wings. If you look at a butterfly's wings through a magnifying glass, you will see that they are covered with very small scales. It is these scales which have colour. Without these scales, the wings would be transparent. The colours on the wings make very fine patterns.",28.04,0.971,0.029,0.0,0.0,0.029,143.37,0,0,0,28.04
5b36k,D:\Main_Project\Multimodal_NDD_Prediction\dyslexia_screening\data/mps/mps_dataset\audios\5b36k_EN-OL-RC-538_1.wav,5,"Butterflies are surely some of the most beautiful creatures in the world. They are beautiful because of the brilliant colours of their wings. If you look at a butterfly's wings through a magnifying glass, you will see that they are covered with very small scales. It is these scales which have colour. Without these scales, the wings would be transparent. The colours on the wings make very fine patterns.",39.19,0.942,0.058,0.0,0.0435,0.058,99.52,0,0,0,39.19
5b36k,D:\Main_Project\Multimodal_NDD_Prediction\dyslexia_screening\data/mps/mps_dataset\audios\5b36k_EN-OL-RC-538_2.wav,5,"If you look at pictures of butterflies, you will find that many of them have large, black circles on their wings. These look like eyes. These eyes are very useful to the butterfly. They help it to escape from its enemies. A bird or a lizard which is trying to catch a butterfly mistakes these black circles for the creature's eyes. It aims or tries to hit the eye. But all that it gets is a bit of the wing.",48.95,0.875,0.1125,0.0125,0.0875,0.125,85.8,0,0,0,48.95
5b37a,D:\Main_Project\Multimodal_NDD_Prediction\dyslexia_screening\data/mps/mps_dataset\audios\5b37a_EN-OL-RC-538_1.wav,5,"Butterflies are surely some of the most beautiful creatures in the world. They are beautiful because of the brilliant colours of their wings. If you look at a butterfly's wings through a magnifying glass, you will see that they are covered with very small scales. It is these scales which have colour. Without these scales, the wings would be transparent. The colours on the wings make very fine patterns.",46.94,0.8986,0.0725,0.029,0.0,0.1014,79.25,11,1,11,46.94
5b37a,D:\Main_Project\Multimodal_NDD_Prediction\dyslexia_screening\data/mps/mps_dataset\audios\5b37a_EN-OL-RC-538_2.wav,5,"If you look at pictures of butterflies, you will find that many of them have large, black circles on their wings. These look like eyes. These eyes are very useful to the butterfly. They help it to escape from its enemies. A bird or a lizard which is trying to catch a butterfly mistakes these black circles for the creature's eyes. It aims or tries to hit the eye. But all that it gets is a bit of the wing.",51.01,0.925,0.0625,0.0125,0.0125,0.075,87.04,10,1,10,51.01
5b37c,D:\Main_Project\Multimodal_NDD_Prediction\dyslexia_screening\data/mps/mps_dataset\audios\5b37c_EN-OL-RC-538_1.wav,5,"Butterflies are surely some of the most beautiful creatures in the world. They are beautiful because of the brilliant colours of their wings. If you look at a butterfly's wings through a magnifying glass, you will see that they are covered with very small scales. It is these scales which have colour. Without these scales, the wings would be transparent. The colours on the wings make very fine patterns.",28.97,0.8841,0.1014,0.0145,0.0,0.1159,126.34,0,0,0,28.97
5b37c,D:\Main_Project\Multimodal_NDD_Prediction\dyslexia_screening\data/mps/mps_dataset\audios\5b37c_EN-OL-RC-538_2.wav,5,"If you look at pictures of butterflies, you will find that many of them have large, black circles on their wings. These look like eyes. These eyes are very useful to the butterfly. They help it to escape from its enemies. A bird or a lizard which is trying to catch a butterfly mistakes these black circles for the creature's eyes. It aims or tries to hit the eye. But all that it gets is a bit of the wing.",35.81,0.925,0.0625,0.0125,0.025,0.075,123.99,0,0,0,35.81
5b37g,D:\Main_Project\Multimodal_NDD_Prediction\dyslexia_screening\data/mps/mps_dataset\audios\5b37g_EN-OL-RC-538_1.wav,5,"Butterflies are surely some of the most beautiful creatures in the world. They are beautiful because of the brilliant colours of their wings. If you look at a butterfly's wings through a magnifying glass, you will see that they are covered with very small scales. It is these scales which have colour. Without these scales, the wings would be transparent. The colours on the wings make very fine patterns.",35.75,0.9565,0.0435,0.0,0.0,0.0435,110.77,4,0,4,35.75
5b37g,D:\Main_Project\Multimodal_NDD_Prediction\dyslexia_screening\data/mps/mps_dataset\audios\5b37g_EN-OL-RC-538_2.wav,5,"If you look at pictures of butterflies, you will find that many of them have large, black circles on their wings. These look like eyes. These eyes are very useful to the butterfly. They help it to escape from its enemies. A bird or a lizard which is trying to catch a butterfly mistakes these black circles for the creature's eyes. It aims or tries to hit the eye. But all that it gets is a bit of the wing.",39.59,0.9875,0.0125,0.0,0.0,0.0125,119.73,4,0,4,39.59
5b38g,D:\Main_Project\Multimodal_NDD_Prediction\dyslexia_screening\data/mps/mps_dataset\audios\5b38g_EN-OL-RC-538_1.wav,5,"Butterflies are surely some of the most beautiful creatures in the world. They are beautiful because of the brilliant colours of their wings. If you look at a butterfly's wings through a magnifying glass, you will see that they are covered with very small scales. It is these scales which have colour. Without these scales, the wings would be transparent. The colours on the wings make very fine patterns.",27.11,0.9565,0.0435,0.0,0.0,0.0435,146.07,0,0,0,27.11
5b38g,D:\Main_Project\Multimodal_NDD_Prediction\dyslexia_screening\data/mps/mps_dataset\audios\5b38g_EN-OL-RC-538_2.wav,5,"If you look at pictures of butterflies, you will find that many of them have large, black circles on their wings. These look like eyes. These eyes are very useful to the butterfly. They help it to escape from its enemies. A bird or a lizard which is trying to catch a butterfly mistakes these black circles for the creature's eyes. It aims or tries to hit the eye. But all that it gets is a bit of the wing.",32.75,0.9625,0.0375,0.0,0.0125,0.0375,141.07,1,0,1,32.75
5b38h,D:\Main_Project\Multimodal_NDD_Prediction\dyslexia_screening\data/mps/mps_dataset\audios\5b38h_EN-OL-RC-538_1.wav,5,"Butterflies are surely some of the most beautiful creatures in the world. They are beautiful because of the brilliant colours of their wings. If you look at a butterfly's wings through a magnifying glass, you will see that they are covered with very small scales. It is these scales which have colour. Without these scales, the wings would be transparent. The colours on the wings make very fine patterns.",45.68,0.8406,0.1449,0.0145,0.0,0.1594,76.18,0,0,0,45.68
5b38h,D:\Main_Project\Multimodal_NDD_Prediction\dyslexia_screening\data/mps/mps_dataset\audios\5b38h_EN-OL-RC-538_2.wav,5,"If you look at pictures of butterflies, you will find that many of them have large, black circles on their wings. These look like eyes. These eyes are very useful to the butterfly. They help it to escape from its enemies. A bird or a lizard which is trying to catch a butterfly mistakes these black circles for the creature's eyes. It aims or tries to hit the eye. But all that it gets is a bit of the wing.",53.72,0.8625,0.125,0.0125,0.025,0.1375,77.07,0,0,0,53.72
5b39c,D:\Main_Project\Multimodal_NDD_Prediction\dyslexia_screening\data/mps/mps_dataset\audios\5b39c_EN-OL-RC-538_1.wav,5,"Butterflies are surely some of the most beautiful creatures in the world. They are beautiful because of the brilliant colours of their wings. If you look at a butterfly's wings through a magnifying glass, you will see that they are covered with very small scales. It is these scales which have colour. Without these scales, the wings would be transparent. The colours on the wings make very fine patterns.",39.74,0.7826,0.2174,0.0,0.0145,0.2174,81.53,0,0,0,39.74
5b39c,D:\Main_Project\Multimodal_NDD_Prediction\dyslexia_screening\data/mps/mps_dataset\audios\5b39c_EN-OL-RC-538_2.wav,5,"If you look at pictures of butterflies, you will find that many of them have large, black circles on their wings. These look like eyes. These eyes are very useful to the butterfly. They help it to escape from its enemies. A bird or a lizard which is trying to catch a butterfly mistakes these black circles for the creature's eyes. It aims or tries to hit the eye. But all that it gets is a bit of the wing.",48.8,0.9,0.1,0.0,0.05,0.1,88.52,0,0,0,48.8
5b39g,D:\Main_Project\Multimodal_NDD_Prediction\dyslexia_screening\data/mps/mps_dataset\audios\5b39g_EN-OL-RC-538_1.wav,5,"Butterflies are surely some of the most beautiful creatures in the world. They are beautiful because of the brilliant colours of their wings. If you look at a butterfly's wings through a magnifying glass, you will see that they are covered with very small scales. It is these scales which have colour. Without these scales, the wings would be transparent. The colours on the wings make very fine patterns.",41.96,0.8551,0.1449,0.0,0.0145,0.1449,84.37,2,0,2,41.96
5b39k,D:\Main_Project\Multimodal_NDD_Prediction\dyslexia_screening\data/mps/mps_dataset\audios\5b39k_EN-OL-RC-538_1.wav,5,"Butterflies are surely some of the most beautiful creatures in the world. They are beautiful because of the brilliant colours of their wings. If you look at a butterfly's wings through a magnifying glass, you will see that they are covered with very small scales. It is these scales which have colour. Without these scales, the wings would be transparent. The colours on the wings make very fine patterns.",33.85,0.942,0.058,0.0,0.0145,0.058,115.21,0,0,0,33.85
5b3k,D:\Main_Project\Multimodal_NDD_Prediction\dyslexia_screening\data/mps/mps_dataset\audios\5b3k_EN-OL-RC-538_2.wav,5,"If you look at pictures of butterflies, you will find that many of them have large, black circles on their wings. These look like eyes. These eyes are very useful to the butterfly. They help it to escape from its enemies. A bird or a lizard which is trying to catch a butterfly mistakes these black circles for the creature's eyes. It aims or tries to hit the eye. But all that it gets is a bit of the wing.",38.3,0.975,0.025,0.0,0.025,0.025,122.19,0,0,0,38.3
5b40a,D:\Main_Project\Multimodal_NDD_Prediction\dyslexia_screening\data/mps/mps_dataset\audios\5b40a_EN-OL-RC-538_1.wav,5,"Butterflies are surely some of the most beautiful creatures in the world. They are beautiful because of the brilliant colours of their wings. If you look at a butterfly's wings through a magnifying glass, you will see that they are covered with very small scales. It is these scales which have colour. Without these scales, the wings would be transparent. The colours on the wings make very fine patterns.",36.86,0.913,0.087,0.0,0.0435,0.087,102.55,0,0,0,36.86
5b40a,D:\Main_Project\Multimodal_NDD_Prediction\dyslexia_screening\data/mps/mps_dataset\audios\5b40a_EN-OL-RC-538_2.wav,5,"If you look at pictures of butterflies, you will find that many of them have large, black circles on their wings. These look like eyes. These eyes are very useful to the butterfly. They help it to escape from its enemies. A bird or a lizard which is trying to catch a butterfly mistakes these black circles for the creature's eyes. It aims or tries to hit the eye. But all that it gets is a bit of the wing.",42.77,0.8875,0.1125,0.0,0.05,0.1125,99.6,2,0,2,42.77
5b40g,D:\Main_Project\Multimodal_NDD_Prediction\dyslexia_screening\data/mps/mps_dataset\audios\5b40g_EN-OL-RC-538_1.wav,5,"Butterflies are surely some of the most beautiful creatures in the world. They are beautiful because of the brilliant colours of their wings. If you look at a butterfly's wings through a magnifying glass, you will see that they are covered with very small scales. It is these scales which have colour. Without these scales, the wings would be transparent. The colours on the wings make very fine patterns.",34.31,0.8841,0.087,0.029,0.0145,0.1159,106.67,4,0,4,34.31
5b40g,D:\Main_Project\Multimodal_NDD_Prediction\dyslexia_screening\data/mps/mps_dataset\audios\5b40g_EN-OL-RC-538_2.wav,5,"If you look at pictures of butterflies, you will find that many of them have large, black circles on their wings. These look like eyes. These eyes are very useful to the butterfly. They help it to escape from its enemies. A bird or a lizard which is trying to catch a butterfly mistakes these black circles for the creature's eyes. It aims or tries to hit the eye. But all that it gets is a bit of the wing.",39.98,0.9375,0.0625,0.0,0.0375,0.0625,112.56,6,0,6,39.98
5b41a,D:\Main_Project\Multimodal_NDD_Prediction\dyslexia_screening\data/mps/mps_dataset\audios\5b41a_EN-OL-RC-538_1.wav,5,"Butterflies are surely some of the most beautiful creatures in the world. They are beautiful because of the brilliant colours of their wings. If you look at a butterfly's wings through a magnifying glass, you will see that they are covered with very small scales. It is these scales which have colour. Without these scales, the wings would be transparent. The colours on the wings make very fine patterns.",30.91,0.9565,0.0435,0.0,0.029,0.0435,128.11,0,0,0,30.91
5b41a,D:\Main_Project\Multimodal_NDD_Prediction\dyslexia_screening\data/mps/mps_dataset\audios\5b41a_EN-OL-RC-538_2.wav,5,"If you look at pictures of butterflies, you will find that many of them have large, black circles on their wings. These look like eyes. These eyes are very useful to the butterfly. They help it to escape from its enemies. A bird or a lizard which is trying to catch a butterfly mistakes these black circles for the creature's eyes. It aims or tries to hit the eye. But all that it gets is a bit of the wing.",35.15,0.95,0.05,0.0,0.0125,0.05,129.73,5,1,5,35.15
5b41c,D:\Main_Project\Multimodal_NDD_Prediction\dyslexia_screening\data/mps/mps_dataset\audios\5b41c_EN-OL-RC-538_1.wav,5,"Butterflies are surely some of the most beautiful creatures in the world. They are beautiful because of the brilliant colours of their wings. If you look at a butterfly's wings through a magnifying glass, you will see that they are covered with very small scales. It is these scales which have colour. Without these scales, the wings would be transparent. The colours on the wings make very fine patterns.",33.26,0.9855,0.0145,0.0,0.0,0.0145,122.67,0,0,0,33.26
5b41c,D:\Main_Project\Multimodal_NDD_Prediction\dyslexia_screening\data/mps/mps_dataset\audios\5b41c_EN-OL-RC-538_2.wav,5,"If you look at pictures of butterflies, you will find that many of them have large, black circles on their wings. These look like eyes. These eyes are very useful to the butterfly. They help it to escape from its enemies. A bird or a lizard which is trying to catch a butterfly mistakes these black circles for the creature's eyes. It aims or tries to hit the eye. But all that it gets is a bit of the wing.",40.15,0.9375,0.0625,0.0,0.0,0.0625,112.08,0,0,0,40.15
5b41f,D:\Main_Project\Multimodal_NDD_Prediction\dyslexia_screening\data/mps/mps_dataset\audios\5b41f_EN-OL-RC-538_2.wav,5,"If you look at pictures of butterflies, you will find that many of them have large, black circles on their wings. These look like eyes. These eyes are very useful to the butterfly. They help it to escape from its enemies. A bird or a lizard which is trying to catch a butterfly mistakes these black circles for the creature's eyes. It aims or tries to hit the eye. But all that it gets is a bit of the wing.",55.92,0.9,0.1,0.0,0.125,0.1,77.25,21,1,21,55.92
5b41g,D:\Main_Project\Multimodal_NDD_Prediction\dyslexia_screening\data/mps/mps_dataset\audios\5b41g_EN-OL-RC-538_1.wav,5,"Butterflies are surely some of the most beautiful creatures in the world. They are beautiful because of the brilliant colours of their wings. If you look at a butterfly's wings through a magnifying glass, you will see that they are covered with very small scales. It is these scales which have colour. Without these scales, the wings would be transparent. The colours on the wings make very fine patterns.",38.09,0.913,0.087,0.0,0.1014,0.087,99.24,5,0,5,38.09
5b41h,D:\Main_Project\Multimodal_NDD_Prediction\dyslexia_screening\data/mps/mps_dataset\audios\5b41h_EN-OL-RC-538_1.wav,5,"Butterflies are surely some of the most beautiful creatures in the world. They are beautiful because of the brilliant colours of their wings. If you look at a butterfly's wings through a magnifying glass, you will see that they are covered with very small scales. It is these scales which have colour. Without these scales, the wings would be transparent. The colours on the wings make very fine patterns.",43.37,0.8406,0.1304,0.029,0.0,0.1594,80.24,2,0,2,43.37
5b42g,D:\Main_Project\Multimodal_NDD_Prediction\dyslexia_screening\data/mps/mps_dataset\audios\5b42g_EN-OL-RC-538_2.wav,5,"If you look at pictures of butterflies, you will find that many of them have large, black circles on their wings. These look like eyes. These eyes are very useful to the butterfly. They help it to escape from its enemies. A bird or a lizard which is trying to catch a butterfly mistakes these black circles for the creature's eyes. It aims or tries to hit the eye. But all that it gets is a bit of the wing.",56.77,0.8375,0.15,0.0125,0.05,0.1625,70.81,10,0,10,56.77
5b43a,D:\Main_Project\Multimodal_NDD_Prediction\dyslexia_screening\data/mps/mps_dataset\audios\5b43a_EN-OL-RC-538_1.wav,5,"Butterflies are surely some of the most beautiful creatures in the world. They are beautiful because of the brilliant colours of their wings. If you look at a butterfly's wings through a magnifying glass, you will see that they are covered with very small scales. It is these scales which have colour. Without these scales, the wings would be transparent. The colours on the wings make very fine patterns.",37.19,0.942,0.058,0.0,0.029,0.058,104.87,1,0,1,37.19
5b43a,D:\Main_Project\Multimodal_NDD_Prediction\dyslexia_screening\data/mps/mps_dataset\audios\5b43a_EN-OL-RC-538_2.wav,5,"If you look at pictures of butterflies, you will find that many of them have large, black circles on their wings. These look like eyes. These eyes are very useful to the butterfly. They help it to escape from its enemies. A bird or a lizard which is trying to catch a butterfly mistakes these black circles for the creature's eyes. It aims or tries to hit the eye. But all that it gets is a bit of the wing.",43.6,0.9375,0.0625,0.0,0.0875,0.0625,103.21,0,0,0,43.6
5b43c,D:\Main_Project\Multimodal_NDD_Prediction\dyslexia_screening\data/mps/mps_dataset\audios\5b43c_EN-OL-RC-538_1.wav,5,"Butterflies are surely some of the most beautiful creatures in the world. They are beautiful because of the brilliant colours of their wings. If you look at a butterfly's wings through a magnifying glass, you will see that they are covered with very small scales. It is these scales which have colour. Without these scales, the wings would be transparent. The colours on the wings make very fine patterns.",36.77,0.8551,0.1449,0.0,0.029,0.1449,96.27,0,0,0,36.77
5b43c,D:\Main_Project\Multimodal_NDD_Prediction\dyslexia_screening\data/mps/mps_dataset\audios\5b43c_EN-OL-RC-538_2.wav,5,"If you look at pictures of butterflies, you will find that many of them have large, black circles on their wings. These look like eyes. These eyes are very useful to the butterfly. They help it to escape from its enemies. A bird or a lizard which is trying to catch a butterfly mistakes these black circles for the creature's eyes. It aims or tries to hit the eye. But all that it gets is a bit of the wing.",39.65,0.8125,0.1875,0.0,0.0,0.1875,98.36,0,0,0,39.65
5b44c,D:\Main_Project\Multimodal_NDD_Prediction\dyslexia_screening\data/mps/mps_dataset\audios\5b44c_EN-OL-RC-538_1.wav,5,"Butterflies are surely some of the most beautiful creatures in the world. They are beautiful because of the brilliant colours of their wings. If you look at a butterfly's wings through a magnifying glass, you will see that they are covered with very small scales. It is these scales which have colour. Without these scales, the wings would be transparent. The colours on the wings make very fine patterns.",34.7,1.0,0.0,0.0,0.0,0.0,119.31,0,0,0,34.7
5b44c,D:\Main_Project\Multimodal_NDD_Prediction\dyslexia_screening\data/mps/mps_dataset\audios\5b44c_EN-OL-RC-538_2.wav,5,"If you look at pictures of butterflies, you will find that many of them have large, black circles on their wings. These look like eyes. These eyes are very useful to the butterfly. They help it to escape from its enemies. A bird or a lizard which is trying to catch a butterfly mistakes these black circles for the creature's eyes. It aims or tries to hit the eye. But all that it gets is a bit of the wing.",39.59,0.925,0.075,0.0,0.0125,0.075,112.15,1,0,1,39.59
5b45a,D:\Main_Project\Multimodal_NDD_Prediction\dyslexia_screening\data/mps/mps_dataset\audios\5b45a_EN-OL-RC-538_1.wav,5,"Butterflies are surely some of the most beautiful creatures in the world. They are beautiful because of the brilliant colours of their wings. If you look at a butterfly's wings through a magnifying glass, you will see that they are covered with very small scales. It is these scales which have colour. Without these scales, the wings would be transparent. The colours on the wings make very fine patterns.",48.11,0.7681,0.1884,0.0435,0.0145,0.2319,66.1,3,0,3,48.11
5b45c,D:\Main_Project\Multimodal_NDD_Prediction\dyslexia_screening\data/mps/mps_dataset\audios\5b45c_EN-OL-RC-538_1.wav,5,"Butterflies are surely some of the most beautiful creatures in the world. They are beautiful because of the brilliant colours of their wings. If you look at a butterfly's wings through a magnifying glass, you will see that they are covered with very small scales. It is these scales which have colour. Without these scales, the wings would be transparent. The colours on the wings make very fine patterns.",41.48,0.942,0.058,0.0,0.0145,0.058,94.02,0,0,0,41.48
5b45c,D:\Main_Project\Multimodal_NDD_Prediction\dyslexia_screening\data/mps/mps_dataset\audios\5b45c_EN-OL-RC-538_2.wav,5,"If you look at pictures of butterflies, you will find that many of them have large, black circles on their wings. These look like eyes. These eyes are very useful to the butterfly. They help it to escape from its enemies. A bird or a lizard which is trying to catch a butterfly mistakes these black circles for the creature's eyes. It aims or tries to hit the eye. But all that it gets is a bit of the wing.",40.24,0.9375,0.05,0.0125,0.0125,0.0625,111.83,0,0,0,40.24
5b46f,D:\Main_Project\Multimodal_NDD_Prediction\dyslexia_screening\data/mps/mps_dataset\audios\5b46f_EN-OL-RC-538_2.wav,5,"If you look at pictures of butterflies, you will find that many of them have large, black circles on their wings. These look like eyes. These eyes are very useful to the butterfly. They help it to escape from its enemies. A bird or a lizard which is trying to catch a butterfly mistakes these black circles for the creature's eyes. It aims or tries to hit the eye. But all that it gets is a bit of the wing.",57.92,0.975,0.025,0.0,0.0,0.025,80.8,19,1,19,57.92
5b47c,D:\Main_Project\Multimodal_NDD_Prediction\dyslexia_screening\data/mps/mps_dataset\audios\5b47c_EN-OL-RC-538_1.wav,5,"Butterflies are surely some of the most beautiful creatures in the world. They are beautiful because of the brilliant colours of their wings. If you look at a butterfly's wings through a magnifying glass, you will see that they are covered with very small scales. It is these scales which have colour. Without these scales, the wings would be transparent. The colours on the wings make very fine patterns.",31.61,0.9855,0.0145,0.0,0.0145,0.0145,129.07,0,0,0,31.61
5b47c,D:\Main_Project\Multimodal_NDD_Prediction\dyslexia_screening\data/mps/mps_dataset\audios\5b47c_EN-OL-RC-538_2.wav,5,"If you look at pictures of butterflies, you will find that many of them have large, black circles on their wings. These look like eyes. These eyes are very useful to the butterfly. They help it to escape from its enemies. A bird or a lizard which is trying to catch a butterfly mistakes these black circles for the creature's eyes. It aims or tries to hit the eye. But all that it gets is a bit of the wing.",35.87,0.9125,0.0625,0.025,0.025,0.0875,122.11,1,0,1,35.87
5b47f,D:\Main_Project\Multimodal_NDD_Prediction\dyslexia_screening\data/mps/mps_dataset\audios\5b47f_EN-OL-RC-538_1.wav,5,"Butterflies are surely some of the most beautiful creatures in the world. They are beautiful because of the brilliant colours of their wings. If you look at a butterfly's wings through a magnifying glass, you will see that they are covered with very small scales. It is these scales which have colour. Without these scales, the wings would be transparent. The colours on the wings make very fine patterns.",31.01,0.8986,0.1014,0.0,0.0145,0.1014,119.96,0,0,0,31.01
5b47f,D:\Main_Project\Multimodal_NDD_Prediction\dyslexia_screening\data/mps/mps_dataset\audios\5b47f_EN-OL-RC-538_2.wav,5,"If you look at pictures of butterflies, you will find that many of them have large, black circles on their wings. These look like eyes. These eyes are very useful to the butterfly. They help it to escape from its enemies. A bird or a lizard which is trying to catch a butterfly mistakes these black circles for the creature's eyes. It aims or tries to hit the eye. But all that it gets is a bit of the wing.",43.49,0.9375,0.0625,0.0,0.0375,0.0625,103.47,1,0,1,43.49
5b47g,D:\Main_Project\Multimodal_NDD_Prediction\dyslexia_screening\data/mps/mps_dataset\audios\5b47g_EN-OL-RC-538_2.wav,5,"If you look at pictures of butterflies, you will find that many of them have large, black circles on their wings. These look like eyes. These eyes are very useful to the butterfly. They help it to escape from its enemies. A bird or a lizard which is trying to catch a butterfly mistakes these black circles for the creature's eyes. It aims or tries to hit the eye. But all that it gets is a bit of the wing.",37.84,0.9375,0.0625,0.0,0.0125,0.0625,118.92,5,0,5,37.84
5b48c,D:\Main_Project\Multimodal_NDD_Prediction\dyslexia_screening\data/mps/mps_dataset\audios\5b48c_EN-OL-RC-538_1.wav,5,"Butterflies are surely some of the most beautiful creatures in the world. They are beautiful because of the brilliant colours of their wings. If you look at a butterfly's wings through a magnifying glass, you will see that they are covered with very small scales. It is these scales which have colour. Without these scales, the wings would be transparent. The colours on the wings make very fine patterns.",29.35,0.942,0.058,0.0,0.0145,0.058,132.88,0,0,0,29.35
5b48c,D:\Main_Project\Multimodal_NDD_Prediction\dyslexia_screening\data/mps/mps_dataset\audios\5b48c_EN-OL-RC-538_2.wav,5,"If you look at pictures of butterflies, you will find that many of them have large, black circles on their wings. These look like eyes. These eyes are very useful to the butterfly. They help it to escape from its enemies. A bird or a lizard which is trying to catch a butterfly mistakes these black circles for the creature's eyes. It aims or tries to hit the eye. But all that it gets is a bit of the wing.",33.17,0.9375,0.0625,0.0,0.0375,0.0625,135.66,0,0,0,33.17
5b48g,D:\Main_Project\Multimodal_NDD_Prediction\dyslexia_screening\data/mps/mps_dataset\audios\5b48g_EN-OL-RC-538_2.wav,5,"If you look at pictures of butterflies, you will find that many of them have large, black circles on their wings. These look like eyes. These eyes are very useful to the butterfly. They help it to escape from its enemies. A bird or a lizard which is trying to catch a butterfly mistakes these black circles for the creature's eyes. It aims or tries to hit the eye. But all that it gets is a bit of the wing.",45.02,0.875,0.125,0.0,0.0125,0.125,93.29,13,0,13,45.02
5b49f,D:\Main_Project\Multimodal_NDD_Prediction\dyslexia_screening\data/mps/mps_dataset\audios\5b49f_EN-OL-RC-538_1.wav,5,"Butterflies are surely some of the most beautiful creatures in the world. They are beautiful because of the brilliant colours of their wings. If you look at a butterfly's wings through a magnifying glass, you will see that they are covered with very small scales. It is these scales which have colour. Without these scales, the wings would be transparent. The colours on the wings make very fine patterns.",51.61,0.9275,0.058,0.0145,0.0145,0.0725,74.4,9,2,9,51.61
5b4a,D:\Main_Project\Multimodal_NDD_Prediction\dyslexia_screening\data/mps/mps_dataset\audios\5b4a_EN-OL-RC-538_1.wav,5,"Butterflies are surely some of the most beautiful creatures in the world. They are beautiful because of the brilliant colours of their wings. If you look at a butterfly's wings through a magnifying glass, you will see that they are covered with very small scales. It is these scales which have colour. Without these scales, the wings would be transparent. The colours on the wings make very fine patterns.",46.46,0.8696,0.1014,0.029,0.0435,0.1304,77.49,10,2,10,46.46
5b4b,D:\Main_Project\Multimodal_NDD_Prediction\dyslexia_screening\data/mps/mps_dataset\audios\5b4b_EN-OL-RC-538_1.wav,5,"Butterflies are surely some of the most beautiful creatures in the world. They are beautiful because of the brilliant colours of their wings. If you look at a butterfly's wings through a magnifying glass, you will see that they are covered with very small scales. It is these scales which have colour. Without these scales, the wings would be transparent. The colours on the wings make very fine patterns.",47.66,0.913,0.087,0.0,0.0435,0.087,79.31,16,1,16,47.66
5b4b,D:\Main_Project\Multimodal_NDD_Prediction\dyslexia_screening\data/mps/mps_dataset\audios\5b4b_EN-OL-RC-538_2.wav,5,"If you look at pictures of butterflies, you will find that many of them have large, black circles on their wings. These look like eyes. These eyes are very useful to the butterfly. They help it to escape from its enemies. A bird or a lizard which is trying to catch a butterfly mistakes these black circles for the creature's eyes. It aims or tries to hit the eye. But all that it gets is a bit of the wing.",58.04,0.95,0.05,0.0,0.0875,0.05,78.57,22,3,22,58.04
5b4k,D:\Main_Project\Multimodal_NDD_Prediction\dyslexia_screening\data/mps/mps_dataset\audios\5b4k_EN-OL-RC-538_1.wav,5,"Butterflies are surely some of the most beautiful creatures in the world. They are beautiful because of the brilliant colours of their wings. If you look at a butterfly's wings through a magnifying glass, you will see that they are covered with very small scales. It is these scales which have colour. Without these scales, the wings would be transparent. The colours on the wings make very fine patterns.",35.96,0.971,0.029,0.0,0.0145,0.029,111.79,0,0,0,35.96
5b4k,D:\Main_Project\Multimodal_NDD_Prediction\dyslexia_screening\data/mps/mps_dataset\audios\5b4k_EN-OL-RC-538_2.wav,5,"If you look at pictures of butterflies, you will find that many of them have large, black circles on their wings. These look like eyes. These eyes are very useful to the butterfly. They help it to escape from its enemies. A bird or a lizard which is trying to catch a butterfly mistakes these black circles for the creature's eyes. It aims or tries to hit the eye. But all that it gets is a bit of the wing.",43.42,0.9625,0.0375,0.0,0.025,0.0375,106.4,2,0,2,43.42
5b50c,D:\Main_Project\Multimodal_NDD_Prediction\dyslexia_screening\data/mps/mps_dataset\audios\5b50c_EN-OL-RC-538_1.wav,5,"Butterflies are surely some of the most beautiful creatures in the world. They are beautiful because of the brilliant colours of their wings. If you look at a butterfly's wings through a magnifying glass, you will see that they are covered with very small scales. It is these scales which have colour. Without these scales, the wings would be transparent. The colours on the wings make very fine patterns.",30.04,0.971,0.029,0.0,0.0145,0.029,133.82,0,0,0,30.04
5b50c,D:\Main_Project\Multimodal_NDD_Prediction\dyslexia_screening\data/mps/mps_dataset\audios\5b50c_EN-OL-RC-538_2.wav,5,"If you look at pictures of butterflies, you will find that many of them have large, black circles on their wings. These look like eyes. These eyes are very useful to the butterfly. They help it to escape from its enemies. A bird or a lizard which is trying to catch a butterfly mistakes these black circles for the creature's eyes. It aims or tries to hit the eye. But all that it gets is a bit of the wing.",35.87,0.975,0.025,0.0,0.0125,0.025,130.47,2,0,2,35.87
5b51c,D:\Main_Project\Multimodal_NDD_Prediction\dyslexia_screening\data/mps/mps_dataset\audios\5b51c_EN-OL-RC-538_1.wav,5,"Butterflies are surely some of the most beautiful creatures in the world. They are beautiful because of the brilliant colours of their wings. If you look at a butterfly's wings through a magnifying glass, you will see that they are covered with very small scales. It is these scales which have colour. Without these scales, the wings would be transparent. The colours on the wings make very fine patterns.",32.54,0.971,0.029,0.0,0.0,0.029,123.54,0,0,0,32.54
5b51c,D:\Main_Project\Multimodal_NDD_Prediction\dyslexia_screening\data/mps/mps_dataset\audios\5b51c_EN-OL-RC-538_2.wav,5,"If you look at pictures of butterflies, you will find that many of them have large, black circles on their wings. These look like eyes. These eyes are very useful to the butterfly. They help it to escape from its enemies. A bird or a lizard which is trying to catch a butterfly mistakes these black circles for the creature's eyes. It aims or tries to hit the eye. But all that it gets is a bit of the wing.",35.27,0.975,0.025,0.0,0.025,0.025,132.69,0,0,0,35.27
5b51f,D:\Main_Project\Multimodal_NDD_Prediction\dyslexia_screening\data/mps/mps_dataset\audios\5b51f_EN-OL-RC-538_1.wav,5,"Butterflies are surely some of the most beautiful creatures in the world. They are beautiful because of the brilliant colours of their wings. If you look at a butterfly's wings through a magnifying glass, you will see that they are covered with very small scales. It is these scales which have colour. Without these scales, the wings would be transparent. The colours on the wings make very fine patterns.",32.87,0.971,0.029,0.0,0.0145,0.029,122.3,7,0,7,32.87
5b51f,D:\Main_Project\Multimodal_NDD_Prediction\dyslexia_screening\data/mps/mps_dataset\audios\5b51f_EN-OL-RC-538_2.wav,5,"If you look at pictures of butterflies, you will find that many of them have large, black circles on their wings. These look like eyes. These eyes are very useful to the butterfly. They help it to escape from its enemies. A bird or a lizard which is trying to catch a butterfly mistakes these black circles for the creature's eyes. It aims or tries to hit the eye. But all that it gets is a bit of the wing.",37.16,0.9,0.1,0.0,0.0125,0.1,116.25,8,0,8,37.16
5b51g,D:\Main_Project\Multimodal_NDD_Prediction\dyslexia_screening\data/mps/mps_dataset\audios\5b51g_EN-OL-RC-538_1.wav,5,"Butterflies are surely some of the most beautiful creatures in the world. They are beautiful because of the brilliant colours of their wings. If you look at a butterfly's wings through a magnifying glass, you will see that they are covered with very small scales. It is these scales which have colour. Without these scales, the wings would be transparent. The colours on the wings make very fine patterns.",33.53,0.971,0.029,0.0,0.058,0.029,119.89,4,0,4,33.53
5b51g,D:\Main_Project\Multimodal_NDD_Prediction\dyslexia_screening\data/mps/mps_dataset\audios\5b51g_EN-OL-RC-538_2.wav,5,"If you look at pictures of butterflies, you will find that many of them have large, black circles on their wings. These look like eyes. These eyes are very useful to the butterfly. They help it to escape from its enemies. A bird or a lizard which is trying to catch a butterfly mistakes these black circles for the creature's eyes. It aims or tries to hit the eye. But all that it gets is a bit of the wing.",43.46,0.975,0.025,0.0,0.025,0.025,107.69,10,0,10,43.46
5b54f,D:\Main_Project\Multimodal_NDD_Prediction\dyslexia_screening\data/mps/mps_dataset\audios\5b54f_EN-OL-RC-538_1.wav,5,"Butterflies are surely some of the most beautiful creatures in the world. They are beautiful because of the brilliant colours of their wings. If you look at a butterfly's wings through a magnifying glass, you will see that they are covered with very small scales. It is these scales which have colour. Without these scales, the wings would be transparent. The colours on the wings make very fine patterns.",33.23,0.9565,0.0435,0.0,0.0,0.0435,119.17,4,0,4,33.23
5b54f,D:\Main_Project\Multimodal_NDD_Prediction\dyslexia_screening\data/mps/mps_dataset\audios\5b54f_EN-OL-RC-538_2.wav,5,"If you look at pictures of butterflies, you will find that many of them have large, black circles on their wings. These look like eyes. These eyes are very useful to the butterfly. They help it to escape from its enemies. A bird or a lizard which is trying to catch a butterfly mistakes these black circles for the creature's eyes. It aims or tries to hit the eye. But all that it gets is a bit of the wing.",41.03,0.9625,0.025,0.0125,0.0,0.0375,112.6,3,0,3,41.03
5b5b,D:\Main_Project\Multimodal_NDD_Prediction\dyslexia_screening\data/mps/mps_dataset\audios\5b5b_EN-OL-RC-538_2.wav,5,"If you look at pictures of butterflies, you will find that many of them have large, black circles on their wings. These look like eyes. These eyes are very useful to the butterfly. They help it to escape from its enemies. A bird or a lizard which is trying to catch a butterfly mistakes these black circles for the creature's eyes. It aims or tries to hit the eye. But all that it gets is a bit of the wing.",42.77,0.9,0.0875,0.0125,0.025,0.1,101.01,13,1,13,42.77
5b5c,D:\Main_Project\Multimodal_NDD_Prediction\dyslexia_screening\data/mps/mps_dataset\audios\5b5c_EN-OL-RC-538_2.wav,5,"If you look at pictures of butterflies, you will find that many of them have large, black circles on their wings. These look like eyes. These eyes are very useful to the butterfly. They help it to escape from its enemies. A bird or a lizard which is trying to catch a butterfly mistakes these black circles for the creature's eyes. It aims or tries to hit the eye. But all that it gets is a bit of the wing.",35.74,0.9875,0.0125,0.0,0.05,0.0125,132.62,2,0,2,35.74
5b5f,D:\Main_Project\Multimodal_NDD_Prediction\dyslexia_screening\data/mps/mps_dataset\audios\5b5f_EN-OL-RC-538_1.wav,5,"Butterflies are surely some of the most beautiful creatures in the world. They are beautiful because of the brilliant colours of their wings. If you look at a butterfly's wings through a magnifying glass, you will see that they are covered with very small scales. It is these scales which have colour. Without these scales, the wings would be transparent. The colours on the wings make very fine patterns.",38.39,0.8841,0.1159,0.0,0.029,0.1159,95.34,3,0,3,38.39
5b5f,D:\Main_Project\Multimodal_NDD_Prediction\dyslexia_screening\data/mps/mps_dataset\audios\5b5f_EN-OL-RC-538_2.wav,5,"If you look at pictures of butterflies, you will find that many of them have large, black circles on their wings. These look like eyes. These eyes are very useful to the butterfly. They help it to escape from its enemies. A bird or a lizard which is trying to catch a butterfly mistakes these black circles for the creature's eyes. It aims or tries to hit the eye. But all that it gets is a bit of the wing.",49.43,0.8125,0.1875,0.0,0.0,0.1875,78.9,5,0,5,49.43
5b5g,D:\Main_Project\Multimodal_NDD_Prediction\dyslexia_screening\data/mps/mps_dataset\audios\5b5g_EN-OL-RC-538_1.wav,5,"Butterflies are surely some of the most beautiful creatures in the world. They are beautiful because of the brilliant colours of their wings. If you look at a butterfly's wings through a magnifying glass, you will see that they are covered with very small scales. It is these scales which have colour. Without these scales, the wings would be transparent. The colours on the wings make very fine patterns.",32.18,0.9565,0.0435,0.0,0.0,0.0435,123.06,4,0,4,32.18
5b5g,D:\Main_Project\Multimodal_NDD_Prediction\dyslexia_screening\data/mps/mps_dataset\audios\5b5g_EN-OL-RC-538_2.wav,5,"If you look at pictures of butterflies, you will find that many of them have large, black circles on their wings. These look like eyes. These eyes are very useful to the butterfly. They help it to escape from its enemies. A bird or a lizard which is trying to catch a butterfly mistakes these black circles for the creature's eyes. It aims or tries to hit the eye. But all that it gets is a bit of the wing.",40.01,0.975,0.025,0.0,0.025,0.025,116.97,10,0,10,40.01
5b6c,D:\Main_Project\Multimodal_NDD_Prediction\dyslexia_screening\data/mps/mps_dataset\audios\5b6c_EN-OL-RC-538_1.wav,5,"Butterflies are surely some of the most beautiful creatures in the world. They are beautiful because of the brilliant colours of their wings. If you look at a butterfly's wings through a magnifying glass, you will see that they are covered with very small scales. It is these scales which have colour. Without these scales, the wings would be transparent. The colours on the wings make very fine patterns.",34.82,0.942,0.058,0.0,0.029,0.058,112.0,0,0,0,34.82
5b6c,D:\Main_Project\Multimodal_NDD_Prediction\dyslexia_screening\data/mps/mps_dataset\audios\5b6c_EN-OL-RC-538_2.wav,5,"If you look at pictures of butterflies, you will find that many of them have large, black circles on their wings. These look like eyes. These eyes are very useful to the butterfly. They help it to escape from its enemies. A bird or a lizard which is trying to catch a butterfly mistakes these black circles for the creature's eyes. It aims or tries to hit the eye. But all that it gets is a bit of the wing.",39.28,0.95,0.0375,0.0125,0.0375,0.05,116.09,0,0,0,39.28
5b6f,D:\Main_Project\Multimodal_NDD_Prediction\dyslexia_screening\data/mps/mps_dataset\audios\5b6f_EN-OL-RC-538_2.wav,5,"If you look at pictures of butterflies, you will find that many of them have large, black circles on their wings. These look like eyes. These eyes are very useful to the butterfly. They help it to escape from its enemies. A bird or a lizard which is trying to catch a butterfly mistakes these black circles for the creature's eyes. It aims or tries to hit the eye. But all that it gets is a bit of the wing.",50.48,0.8625,0.125,0.0125,0.0375,0.1375,82.01,15,1,15,50.48
5b6k,D:\Main_Project\Multimodal_NDD_Prediction\dyslexia_screening\data/mps/mps_dataset\audios\5b6k_EN-OL-RC-538_2.wav,5,"If you look at pictures of butterflies, you will find that many of them have large, black circles on their wings. These look like eyes. These eyes are very useful to the butterfly. They help it to escape from its enemies. A bird or a lizard which is trying to catch a butterfly mistakes these black circles for the creature's eyes. It aims or tries to hit the eye. But all that it gets is a bit of the wing.",36.83,0.9625,0.0375,0.0,0.0375,0.0375,125.44,0,0,0,36.83
5b7a,D:\Main_Project\Multimodal_NDD_Prediction\dyslexia_screening\data/mps/mps_dataset\audios\5b7a_EN-OL-RC-538_2.wav,5,"If you look at pictures of butterflies, you will find that many of them have large, black circles on their wings. These look like eyes. These eyes are very useful to the butterfly. They help it to escape from its enemies. A bird or a lizard which is trying to catch a butterfly mistakes these black circles for the creature's eyes. It aims or tries to hit the eye. But all that it gets is a bit of the wing.",48.92,0.8125,0.125,0.0625,0.075,0.1875,79.72,10,0,10,48.92
5b7c,D:\Main_Project\Multimodal_NDD_Prediction\dyslexia_screening\data/mps/mps_dataset\audios\5b7c_EN-OL-RC-538_1.wav,5,"Butterflies are surely some of the most beautiful creatures in the world. They are beautiful because of the brilliant colours of their wings. If you look at a butterfly's wings through a magnifying glass, you will see that they are covered with very small scales. It is these scales which have colour. Without these scales, the wings would be transparent. The colours on the wings make very fine patterns.",51.92,0.9275,0.0725,0.0,0.0435,0.0725,73.96,0,0,0,51.92
5b7f,D:\Main_Project\Multimodal_NDD_Prediction\dyslexia_screening\data/mps/mps_dataset\audios\5b7f_EN-OL-RC-538_1.wav,5,"Butterflies are surely some of the most beautiful creatures in the world. They are beautiful because of the brilliant colours of their wings. If you look at a butterfly's wings through a magnifying glass, you will see that they are covered with very small scales. It is these scales which have colour. Without these scales, the wings would be transparent. The colours on the wings make very fine patterns.",34.58,0.9565,0.0435,0.0,0.0,0.0435,114.52,7,1,7,34.58
5b7f,D:\Main_Project\Multimodal_NDD_Prediction\dyslexia_screening\data/mps/mps_dataset\audios\5b7f_EN-OL-RC-538_2.wav,5,"If you look at pictures of butterflies, you will find that many of them have large, black circles on their wings. These look like eyes. These eyes are very useful to the butterfly. They help it to escape from its enemies. A bird or a lizard which is trying to catch a butterfly mistakes these black circles for the creature's eyes. It aims or tries to hit the eye. But all that it gets is a bit of the wing.",39.35,0.95,0.05,0.0,0.0,0.05,115.88,10,1,10,39.35
5b7g,D:\Main_Project\Multimodal_NDD_Prediction\dyslexia_screening\data/mps/mps_dataset\audios\5b7g_EN-OL-RC-538_1.wav,5,"Butterflies are surely some of the most beautiful creatures in the world. They are beautiful because of the brilliant colours of their wings. If you look at a butterfly's wings through a magnifying glass, you will see that they are covered with very small scales. It is these scales which have colour. Without these scales, the wings would be transparent. The colours on the wings make very fine patterns.",46.25,0.8116,0.1884,0.0,0.0725,0.1884,72.65,3,0,3,46.25
5b7k,D:\Main_Project\Multimodal_NDD_Prediction\dyslexia_screening\data/mps/mps_dataset\audios\5b7k_EN-OL-RC-538_2.wav,5,"If you look at pictures of butterflies, you will find that many of them have large, black circles on their wings. These look like eyes. These eyes are very useful to the butterfly. They help it to escape from its enemies. A bird or a lizard which is trying to catch a butterfly mistakes these black circles for the creature's eyes. It aims or tries to hit the eye. But all that it gets is a bit of the wing.",33.07,0.9625,0.0375,0.0,0.0,0.0375,139.7,0,0,0,33.07
5b8b,D:\Main_Project\Multimodal_NDD_Prediction\dyslexia_screening\data/mps/mps_dataset\audios\5b8b_EN-OL-RC-538_1.wav,5,"Butterflies are surely some of the most beautiful creatures in the world. They are beautiful because of the brilliant colours of their wings. If you look at a butterfly's wings through a magnifying glass, you will see that they are covered with very small scales. It is these scales which have colour. Without these scales, the wings would be transparent. The colours on the wings make very fine patterns.",35.72,0.913,0.087,0.0,0.0145,0.087,105.82,4,0,4,35.72
5b8c,D:\Main_Project\Multimodal_NDD_Prediction\dyslexia_screening\data/mps/mps_dataset\audios\5b8c_EN-OL-RC-538_1.wav,5,"Butterflies are surely some of the most beautiful creatures in the world. They are beautiful because of the brilliant colours of their wings. If you look at a butterfly's wings through a magnifying glass, you will see that they are covered with very small scales. It is these scales which have colour. Without these scales, the wings would be transparent. The colours on the wings make very fine patterns.",27.32,0.971,0.0145,0.0145,0.0,0.029,147.14,0,0,0,27.32
5b8k,D:\Main_Project\Multimodal_NDD_Prediction\dyslexia_screening\data/mps/mps_dataset\audios\5b8k_EN-OL-RC-538_2.wav,5,"If you look at pictures of butterflies, you will find that many of them have large, black circles on their wings. These look like eyes. These eyes are very useful to the butterfly. They help it to escape from its enemies. A bird or a lizard which is trying to catch a butterfly mistakes these black circles for the creature's eyes. It aims or tries to hit the eye. But all that it gets is a bit of the wing.",60.88,0.575,0.1875,0.2375,0.0875,0.425,45.34,1,0,1,60.88
5b9b,D:\Main_Project\Multimodal_NDD_Prediction\dyslexia_screening\data/mps/mps_dataset\audios\5b9b_EN-OL-RC-538_1.wav,5,"Butterflies are surely some of the most beautiful creatures in the world. They are beautiful because of the brilliant colours of their wings. If you look at a butterfly's wings through a magnifying glass, you will see that they are covered with very small scales. It is these scales which have colour. Without these scales, the wings would be transparent. The colours on the wings make very fine patterns.",46.46,0.9565,0.0435,0.0,0.058,0.0435,85.23,5,0,5,46.46
5b9f,D:\Main_Project\Multimodal_NDD_Prediction\dyslexia_screening\data/mps/mps_dataset\audios\5b9f_EN-OL-RC-538_1.wav,5,"Butterflies are surely some of the most beautiful creatures in the world. They are beautiful because of the brilliant colours of their wings. If you look at a butterfly's wings through a magnifying glass, you will see that they are covered with very small scales. It is these scales which have colour. Without these scales, the wings would be transparent. The colours on the wings make very fine patterns.",38.21,0.9565,0.0435,0.0,0.0145,0.0435,103.64,5,0,5,38.21
5c11c,D:\Main_Project\Multimodal_NDD_Prediction\dyslexia_screening\data/mps/mps_dataset\audios\5c11c_EN-OL-RC-538_1.wav,5,"Butterflies are surely some of the most beautiful creatures in the world. They are beautiful because of the brilliant colours of their wings. If you look at a butterfly's wings through a magnifying glass, you will see that they are covered with very small scales. It is these scales which have colour. Without these scales, the wings would be transparent. The colours on the wings make very fine patterns.",30.62,0.971,0.029,0.0,0.0145,0.029,131.29,7,0,7,30.62
5c11c,D:\Main_Project\Multimodal_NDD_Prediction\dyslexia_screening\data/mps/mps_dataset\audios\5c11c_EN-OL-RC-538_2.wav,5,"If you look at pictures of butterflies, you will find that many of them have large, black circles on their wings. These look like eyes. These eyes are very useful to the butterfly. They help it to escape from its enemies. A bird or a lizard which is trying to catch a butterfly mistakes these black circles for the creature's eyes. It aims or tries to hit the eye. But all that it gets is a bit of the wing.",30.77,0.9625,0.025,0.0125,0.0,0.0375,150.15,5,0,5,30.77
5c11g,D:\Main_Project\Multimodal_NDD_Prediction\dyslexia_screening\data/mps/mps_dataset\audios\5c11g_EN-OL-RC-538_2.wav,5,"If you look at pictures of butterflies, you will find that many of them have large, black circles on their wings. These look like eyes. These eyes are very useful to the butterfly. They help it to escape from its enemies. A bird or a lizard which is trying to catch a butterfly mistakes these black circles for the creature's eyes. It aims or tries to hit the eye. But all that it gets is a bit of the wing.",39.64,1.0,0.0,0.0,0.0375,0.0,121.09,2,0,2,39.64
5c14b,D:\Main_Project\Multimodal_NDD_Prediction\dyslexia_screening\data/mps/mps_dataset\audios\5c14b_EN-OL-RC-538_1.wav,5,"Butterflies are surely some of the most beautiful creatures in the world. They are beautiful because of the brilliant colours of their wings. If you look at a butterfly's wings through a magnifying glass, you will see that they are covered with very small scales. It is these scales which have colour. Without these scales, the wings would be transparent. The colours on the wings make very fine patterns.",49.42,0.8841,0.1159,0.0,0.0725,0.1159,74.06,14,1,14,49.42
5c14b,D:\Main_Project\Multimodal_NDD_Prediction\dyslexia_screening\data/mps/mps_dataset\audios\5c14b_EN-OL-RC-538_2.wav,5,"If you look at pictures of butterflies, you will find that many of them have large, black circles on their wings. These look like eyes. These eyes are very useful to the butterfly. They help it to escape from its enemies. A bird or a lizard which is trying to catch a butterfly mistakes these black circles for the creature's eyes. It aims or tries to hit the eye. But all that it gets is a bit of the wing.",50.87,0.8875,0.1125,0.0,0.0125,0.1125,83.74,19,0,19,50.87
5c14g,D:\Main_Project\Multimodal_NDD_Prediction\dyslexia_screening\data/mps/mps_dataset\audios\5c14g_EN-OL-RC-538_1.wav,5,"Butterflies are surely some of the most beautiful creatures in the world. They are beautiful because of the brilliant colours of their wings. If you look at a butterfly's wings through a magnifying glass, you will see that they are covered with very small scales. It is these scales which have colour. Without these scales, the wings would be transparent. The colours on the wings make very fine patterns.",31.16,0.9855,0.0145,0.0,0.0145,0.0145,130.94,13,2,13,31.16
5c15c,D:\Main_Project\Multimodal_NDD_Prediction\dyslexia_screening\data/mps/mps_dataset\audios\5c15c_EN-OL-RC-538_1.wav,5,"Butterflies are surely some of the most beautiful creatures in the world. They are beautiful because of the brilliant colours of their wings. If you look at a butterfly's wings through a magnifying glass, you will see that they are covered with very small scales. It is these scales which have colour. Without these scales, the wings would be transparent. The colours on the wings make very fine patterns.",40.66,0.942,0.058,0.0,0.029,0.058,95.92,7,0,7,40.66
5c16c,D:\Main_Project\Multimodal_NDD_Prediction\dyslexia_screening\data/mps/mps_dataset\audios\5c16c_EN-OL-RC-538_1.wav,5,"Butterflies are surely some of the most beautiful creatures in the world. They are beautiful because of the brilliant colours of their wings. If you look at a butterfly's wings through a magnifying glass, you will see that they are covered with very small scales. It is these scales which have colour. Without these scales, the wings would be transparent. The colours on the wings make very fine patterns.",35.99,0.9855,0.0145,0.0,0.0,0.0145,113.36,8,0,8,35.99
5c16c,D:\Main_Project\Multimodal_NDD_Prediction\dyslexia_screening\data/mps/mps_dataset\audios\5c16c_EN-OL-RC-538_2.wav,5,"If you look at pictures of butterflies, you will find that many of them have large, black circles on their wings. These look like eyes. These eyes are very useful to the butterfly. They help it to escape from its enemies. A bird or a lizard which is trying to catch a butterfly mistakes these black circles for the creature's eyes. It aims or tries to hit the eye. But all that it gets is a bit of the wing.",45.7,0.9125,0.075,0.0125,0.0125,0.0875,95.84,9,1,9,45.7
5c17c,D:\Main_Project\Multimodal_NDD_Prediction\dyslexia_screening\data/mps/mps_dataset\audios\5c17c_EN-OL-RC-538_1.wav,5,"Butterflies are surely some of the most beautiful creatures in the world. They are beautiful because of the brilliant colours of their wings. If you look at a butterfly's wings through a magnifying glass, you will see that they are covered with very small scales. It is these scales which have colour. Without these scales, the wings would be transparent. The colours on the wings make very fine patterns.",46.19,0.9275,0.0725,0.0,0.0435,0.0725,83.13,11,1,11,46.19
5c17g,D:\Main_Project\Multimodal_NDD_Prediction\dyslexia_screening\data/mps/mps_dataset\audios\5c17g_EN-OL-RC-538_2.wav,5,"If you look at pictures of butterflies, you will find that many of them have large, black circles on their wings. These look like eyes. These eyes are very useful to the butterfly. They help it to escape from its enemies. A bird or a lizard which is trying to catch a butterfly mistakes these black circles for the creature's eyes. It aims or tries to hit the eye. But all that it gets is a bit of the wing.",46.69,0.8875,0.1,0.0125,0.025,0.1125,91.24,0,0,0,46.69
5c18g,D:\Main_Project\Multimodal_NDD_Prediction\dyslexia_screening\data/mps/mps_dataset\audios\5c18g_EN-OL-RC-538_2.wav,5,"If you look at pictures of butterflies, you will find that many of them have large, black circles on their wings. These look like eyes. These eyes are very useful to the butterfly. They help it to escape from its enemies. A bird or a lizard which is trying to catch a butterfly mistakes these black circles for the creature's eyes. It aims or tries to hit the eye. But all that it gets is a bit of the wing.",34.94,0.9875,0.0125,0.0,0.0125,0.0125,135.66,0,0,0,34.94
5c19c,D:\Main_Project\Multimodal_NDD_Prediction\dyslexia_screening\data/mps/mps_dataset\audios\5c19c_EN-OL-RC-538_2.wav,5,"If you look at pictures of butterflies, you will find that many of them have large, black circles on their wings. These look like eyes. These eyes are very useful to the butterfly. They help it to escape from its enemies. A bird or a lizard which is trying to catch a butterfly mistakes these black circles for the creature's eyes. It aims or tries to hit the eye. But all that it gets is a bit of the wing.",42.83,0.8875,0.0875,0.025,0.0125,0.1125,99.46,12,1,12,42.83
5c1c,D:\Main_Project\Multimodal_NDD_Prediction\dyslexia_screening\data/mps/mps_dataset\audios\5c1c_EN-OL-RC-538_1.wav,5,"Butterflies are surely some of the most beautiful creatures in the world. They are beautiful because of the brilliant colours of their wings. If you look at a butterfly's wings through a magnifying glass, you will see that they are covered with very small scales. It is these scales which have colour. Without these scales, the wings would be transparent. The colours on the wings make very fine patterns.",44.69,0.7971,0.1594,0.0435,0.0,0.2029,73.84,15,1,15,44.69
5c1c,D:\Main_Project\Multimodal_NDD_Prediction\dyslexia_screening\data/mps/mps_dataset\audios\5c1c_EN-OL-RC-538_2.wav,5,"If you look at pictures of butterflies, you will find that many of them have large, black circles on their wings. These look like eyes. These eyes are very useful to the butterfly. They help it to escape from its enemies. A bird or a lizard which is trying to catch a butterfly mistakes these black circles for the creature's eyes. It aims or tries to hit the eye. But all that it gets is a bit of the wing.",48.95,0.85,0.1375,0.0125,0.025,0.15,83.35,19,1,19,48.95
5c20g,D:\Main_Project\Multimodal_NDD_Prediction\dyslexia_screening\data/mps/mps_dataset\audios\5c20g_EN-OL-RC-538_1.wav,5,"Butterflies are surely some of the most beautiful creatures in the world. They are beautiful because of the brilliant colours of their wings. If you look at a butterfly's wings through a magnifying glass, you will see that they are covered with very small scales. It is these scales which have colour. Without these scales, the wings would be transparent. The colours on the wings make very fine patterns.",33.57,0.942,0.058,0.0,0.0,0.058,116.18,23,6,23,33.57
5c20g,D:\Main_Project\Multimodal_NDD_Prediction\dyslexia_screening\data/mps/mps_dataset\audios\5c20g_EN-OL-RC-538_2.wav,5,"If you look at pictures of butterflies, you will find that many of them have large, black circles on their wings. These look like eyes. These eyes are very useful to the butterfly. They help it to escape from its enemies. A bird or a lizard which is trying to catch a butterfly mistakes these black circles for the creature's eyes. It aims or tries to hit the eye. But all that it gets is a bit of the wing.",39.44,0.9375,0.0625,0.0,0.025,0.0625,114.1,0,0,0,39.44
5c21c,D:\Main_Project\Multimodal_NDD_Prediction\dyslexia_screening\data/mps/mps_dataset\audios\5c21c_EN-OL-RC-538_1.wav,5,"Butterflies are surely some of the most beautiful creatures in the world. They are beautiful because of the brilliant colours of their wings. If you look at a butterfly's wings through a magnifying glass, you will see that they are covered with very small scales. It is these scales which have colour. Without these scales, the wings would be transparent. The colours on the wings make very fine patterns.",49.28,0.8986,0.1014,0.0,0.0145,0.1014,75.49,17,0,17,49.28
5c22b,D:\Main_Project\Multimodal_NDD_Prediction\dyslexia_screening\data/mps/mps_dataset\audios\5c22b_EN-OL-RC-538_1.wav,5,"Butterflies are surely some of the most beautiful creatures in the world. They are beautiful because of the brilliant colours of their wings. If you look at a butterfly's wings through a magnifying glass, you will see that they are covered with very small scales. It is these scales which have colour. Without these scales, the wings would be transparent. The colours on the wings make very fine patterns.",38.75,0.9275,0.0725,0.0,0.0145,0.0725,99.1,2,0,2,38.75
5c22b,D:\Main_Project\Multimodal_NDD_Prediction\dyslexia_screening\data/mps/mps_dataset\audios\5c22b_EN-OL-RC-538_2.wav,5,"If you look at pictures of butterflies, you will find that many of them have large, black circles on their wings. These look like eyes. These eyes are very useful to the butterfly. They help it to escape from its enemies. A bird or a lizard which is trying to catch a butterfly mistakes these black circles for the creature's eyes. It aims or tries to hit the eye. But all that it gets is a bit of the wing.",39.08,0.95,0.05,0.0,0.025,0.05,116.68,1,0,1,39.08
5c23c,D:\Main_Project\Multimodal_NDD_Prediction\dyslexia_screening\data/mps/mps_dataset\audios\5c23c_EN-OL-RC-538_1.wav,5,"Butterflies are surely some of the most beautiful creatures in the world. They are beautiful because of the brilliant colours of their wings. If you look at a butterfly's wings through a magnifying glass, you will see that they are covered with very small scales. It is these scales which have colour. Without these scales, the wings would be transparent. The colours on the wings make very fine patterns.",46.16,0.9275,0.0725,0.0,0.0145,0.0725,83.19,16,0,16,46.16
5c23c,D:\Main_Project\Multimodal_NDD_Prediction\dyslexia_screening\data/mps/mps_dataset\audios\5c23c_EN-OL-RC-538_2.wav,5,"If you look at pictures of butterflies, you will find that many of them have large, black circles on their wings. These look like eyes. These eyes are very useful to the butterfly. They help it to escape from its enemies. A bird or a lizard which is trying to catch a butterfly mistakes these black circles for the creature's eyes. It aims or tries to hit the eye. But all that it gets is a bit of the wing.",56.44,0.9625,0.0375,0.0,0.025,0.0375,81.86,21,0,21,56.44
5c24c,D:\Main_Project\Multimodal_NDD_Prediction\dyslexia_screening\data/mps/mps_dataset\audios\5c24c_EN-OL-RC-538_1.wav,5,"Butterflies are surely some of the most beautiful creatures in the world. They are beautiful because of the brilliant colours of their wings. If you look at a butterfly's wings through a magnifying glass, you will see that they are covered with very small scales. It is these scales which have colour. Without these scales, the wings would be transparent. The colours on the wings make very fine patterns.",42.65,0.7681,0.2174,0.0145,0.029,0.2319,74.56,21,2,21,42.65
5c25b,D:\Main_Project\Multimodal_NDD_Prediction\dyslexia_screening\data/mps/mps_dataset\audios\5c25b_EN-OL-RC-538_1.wav,5,"Butterflies are surely some of the most beautiful creatures in the world. They are beautiful because of the brilliant colours of their wings. If you look at a butterfly's wings through a magnifying glass, you will see that they are covered with very small scales. It is these scales which have colour. Without these scales, the wings would be transparent. The colours on the wings make very fine patterns.",46.18,0.8551,0.1304,0.0145,0.058,0.1449,76.66,15,3,15,46.18
5c25c,D:\Main_Project\Multimodal_NDD_Prediction\dyslexia_screening\data/mps/mps_dataset\audios\5c25c_EN-OL-RC-538_2.wav,5,"If you look at pictures of butterflies, you will find that many of them have large, black circles on their wings. These look like eyes. These eyes are very useful to the butterfly. They help it to escape from its enemies. A bird or a lizard which is trying to catch a butterfly mistakes these black circles for the creature's eyes. It aims or tries to hit the eye. But all that it gets is a bit of the wing.",35.0,0.9,0.1,0.0,0.025,0.1,123.43,13,0,13,35.0
5c26a,D:\Main_Project\Multimodal_NDD_Prediction\dyslexia_screening\data/mps/mps_dataset\audios\5c26a_EN-OL-RC-538_2.wav,5,"If you look at pictures of butterflies, you will find that many of them have large, black circles on their wings. These look like eyes. These eyes are very useful to the butterfly. They help it to escape from its enemies. A bird or a lizard which is trying to catch a butterfly mistakes these black circles for the creature's eyes. It aims or tries to hit the eye. But all that it gets is a bit of the wing.",52.28,0.8875,0.075,0.0375,0.0125,0.1125,81.48,5,0,5,52.28
5c26c,D:\Main_Project\Multimodal_NDD_Prediction\dyslexia_screening\data/mps/mps_dataset\audios\5c26c_EN-OL-RC-538_1.wav,5,"Butterflies are surely some of the most beautiful creatures in the world. They are beautiful because of the brilliant colours of their wings. If you look at a butterfly's wings through a magnifying glass, you will see that they are covered with very small scales. It is these scales which have colour. Without these scales, the wings would be transparent. The colours on the wings make very fine patterns.",33.29,0.8986,0.0725,0.029,0.0145,0.1014,111.75,10,0,10,33.29
5c26c,D:\Main_Project\Multimodal_NDD_Prediction\dyslexia_screening\data/mps/mps_dataset\audios\5c26c_EN-OL-RC-538_2.wav,5,"If you look at pictures of butterflies, you will find that many of them have large, black circles on their wings. These look like eyes. These eyes are very useful to the butterfly. They help it to escape from its enemies. A bird or a lizard which is trying to catch a butterfly mistakes these black circles for the creature's eyes. It aims or tries to hit the eye. But all that it gets is a bit of the wing.",40.48,0.9875,0.0125,0.0,0.0375,0.0125,117.09,14,0,14,40.48
5c28c,D:\Main_Project\Multimodal_NDD_Prediction\dyslexia_screening\data/mps/mps_dataset\audios\5c28c_EN-OL-RC-538_1.wav,5,"Butterflies are surely some of the most beautiful creatures in the world. They are beautiful because of the brilliant colours of their wings. If you look at a butterfly's wings through a magnifying glass, you will see that they are covered with very small scales. It is these scales which have colour. Without these scales, the wings would be transparent. The colours on the wings make very fine patterns.",40.24,0.8406,0.1449,0.0145,0.0435,0.1594,86.48,15,0,15,40.24
5c28c,D:\Main_Project\Multimodal_NDD_Prediction\dyslexia_screening\data/mps/mps_dataset\audios\5c28c_EN-OL-RC-538_2.wav,5,"If you look at pictures of butterflies, you will find that many of them have large, black circles on their wings. These look like eyes. These eyes are very useful to the butterfly. They help it to escape from its enemies. A bird or a lizard which is trying to catch a butterfly mistakes these black circles for the creature's eyes. It aims or tries to hit the eye. But all that it gets is a bit of the wing.",42.08,0.8125,0.175,0.0125,0.025,0.1875,92.68,15,0,15,42.08
5c29a,D:\Main_Project\Multimodal_NDD_Prediction\dyslexia_screening\data/mps/mps_dataset\audios\5c29a_EN-OL-RC-538_1.wav,5,"Butterflies are surely some of the most beautiful creatures in the world. They are beautiful because of the brilliant colours of their wings. If you look at a butterfly's wings through a magnifying glass, you will see that they are covered with very small scales. It is these scales which have colour. Without these scales, the wings would be transparent. The colours on the wings make very fine patterns.",52.03,0.6377,0.3043,0.058,0.087,0.3623,50.74,10,0,10,52.03
5c29c,D:\Main_Project\Multimodal_NDD_Prediction\dyslexia_screening\data/mps/mps_dataset\audios\5c29c_EN-OL-RC-538_1.wav,5,"Butterflies are surely some of the most beautiful creatures in the world. They are beautiful because of the brilliant colours of their wings. If you look at a butterfly's wings through a magnifying glass, you will see that they are covered with very small scales. It is these scales which have colour. Without these scales, the wings would be transparent. The colours on the wings make very fine patterns.",55.97,0.8986,0.1014,0.0,0.0725,0.1014,66.46,27,3,27,55.97
5c2c,D:\Main_Project\Multimodal_NDD_Prediction\dyslexia_screening\data/mps/mps_dataset\audios\5c2c_EN-OL-RC-538_1.wav,5,"Butterflies are surely some of the most beautiful creatures in the world. They are beautiful because of the brilliant colours of their wings. If you look at a butterfly's wings through a magnifying glass, you will see that they are covered with very small scales. It is these scales which have colour. Without these scales, the wings would be transparent. The colours on the wings make very fine patterns.",38.3,1.0,0.0,0.0,0.029,0.0,108.09,12,0,12,38.3
5c2c,D:\Main_Project\Multimodal_NDD_Prediction\dyslexia_screening\data/mps/mps_dataset\audios\5c2c_EN-OL-RC-538_2.wav,5,"If you look at pictures of butterflies, you will find that many of them have large, black circles on their wings. These look like eyes. These eyes are very useful to the butterfly. They help it to escape from its enemies. A bird or a lizard which is trying to catch a butterfly mistakes these black circles for the creature's eyes. It aims or tries to hit the eye. But all that it gets is a bit of the wing.",38.03,0.925,0.0625,0.0125,0.0125,0.075,116.75,13,0,13,38.03
5c30a,D:\Main_Project\Multimodal_NDD_Prediction\dyslexia_screening\data/mps/mps_dataset\audios\5c30a_EN-OL-RC-538_1.wav,5,"Butterflies are surely some of the most beautiful creatures in the world. They are beautiful because of the brilliant colours of their wings. If you look at a butterfly's wings through a magnifying glass, you will see that they are covered with very small scales. It is these scales which have colour. Without these scales, the wings would be transparent. The colours on the wings make very fine patterns.",34.63,0.8841,0.0435,0.0725,0.0145,0.1159,105.69,3,0,3,34.63
5c30a,D:\Main_Project\Multimodal_NDD_Prediction\dyslexia_screening\data/mps/mps_dataset\audios\5c30a_EN-OL-RC-538_2.wav,5,"If you look at pictures of butterflies, you will find that many of them have large, black circles on their wings. These look like eyes. These eyes are very useful to the butterfly. They help it to escape from its enemies. A bird or a lizard which is trying to catch a butterfly mistakes these black circles for the creature's eyes. It aims or tries to hit the eye. But all that it gets is a bit of the wing.",44.39,0.925,0.0375,0.0375,0.05,0.075,100.02,4,0,4,44.39
5c30b,D:\Main_Project\Multimodal_NDD_Prediction\dyslexia_screening\data/mps/mps_dataset\audios\5c30b_EN-OL-RC-538_1.wav,5,"Butterflies are surely some of the most beautiful creatures in the world. They are beautiful because of the brilliant colours of their wings. If you look at a butterfly's wings through a magnifying glass, you will see that they are covered with very small scales. It is these scales which have colour. Without these scales, the wings would be transparent. The colours on the wings make very fine patterns.",41.38,0.8696,0.1304,0.0,0.0145,0.1304,87.0,7,1,7,41.38
5c30b,D:\Main_Project\Multimodal_NDD_Prediction\dyslexia_screening\data/mps/mps_dataset\audios\5c30b_EN-OL-RC-538_2.wav,5,"If you look at pictures of butterflies, you will find that many of them have large, black circles on their wings. These look like eyes. These eyes are very useful to the butterfly. They help it to escape from its enemies. A bird or a lizard which is trying to catch a butterfly mistakes these black circles for the creature's eyes. It aims or tries to hit the eye. But all that it gets is a bit of the wing.",45.05,0.9,0.1,0.0,0.0125,0.1,95.89,4,0,4,45.05
5c31c,D:\Main_Project\Multimodal_NDD_Prediction\dyslexia_screening\data/mps/mps_dataset\audios\5c31c_EN-OL-RC-538_1.wav,5,"Butterflies are surely some of the most beautiful creatures in the world. They are beautiful because of the brilliant colours of their wings. If you look at a butterfly's wings through a magnifying glass, you will see that they are covered with very small scales. It is these scales which have colour. Without these scales, the wings would be transparent. The colours on the wings make very fine patterns.",35.15,0.9855,0.0145,0.0,0.0145,0.0145,116.07,6,0,6,35.15
5c31g,D:\Main_Project\Multimodal_NDD_Prediction\dyslexia_screening\data/mps/mps_dataset\audios\5c31g_EN-OL-RC-538_1.wav,5,"Butterflies are surely some of the most beautiful creatures in the world. They are beautiful because of the brilliant colours of their wings. If you look at a butterfly's wings through a magnifying glass, you will see that they are covered with very small scales. It is these scales which have colour. Without these scales, the wings would be transparent. The colours on the wings make very fine patterns.",38.15,0.8841,0.1014,0.0145,0.029,0.1159,95.94,0,0,0,38.15
5c32g,D:\Main_Project\Multimodal_NDD_Prediction\dyslexia_screening\data/mps/mps_dataset\audios\5c32g_EN-OL-RC-538_2.wav,5,"If you look at pictures of butterflies, you will find that many of them have large, black circles on their wings. These look like eyes. These eyes are very useful to the butterfly. They help it to escape from its enemies. A bird or a lizard which is trying to catch a butterfly mistakes these black circles for the creature's eyes. It aims or tries to hit the eye. But all that it gets is a bit of the wing.",60.52,0.95,0.0125,0.0375,0.025,0.05,75.35,36,5,36,60.52
5c35c,D:\Main_Project\Multimodal_NDD_Prediction\dyslexia_screening\data/mps/mps_dataset\audios\5c35c_EN-OL-RC-538_2.wav,5,"If you look at pictures of butterflies, you will find that many of them have large, black circles on their wings. These look like eyes. These eyes are very useful to the butterfly. They help it to escape from its enemies. A bird or a lizard which is trying to catch a butterfly mistakes these black circles for the creature's eyes. It aims or tries to hit the eye. But all that it gets is a bit of the wing.",53.18,0.85,0.125,0.025,0.0375,0.15,76.72,21,3,21,53.18
5c36g,D:\Main_Project\Multimodal_NDD_Prediction\dyslexia_screening\data/mps/mps_dataset\audios\5c36g_EN-OL-RC-538_1.wav,5,"Butterflies are surely some of the most beautiful creatures in the world. They are beautiful because of the brilliant colours of their wings. If you look at a butterfly's wings through a magnifying glass, you will see that they are covered with very small scales. It is these scales which have colour. Without these scales, the wings would be transparent. The colours on the wings make very fine patterns.",28.54,0.9855,0.0145,0.0,0.0145,0.0145,142.96,0,0,0,28.54
5c37b,D:\Main_Project\Multimodal_NDD_Prediction\dyslexia_screening\data/mps/mps_dataset\audios\5c37b_EN-OL-RC-538_1.wav,5,"Butterflies are surely some of the most beautiful creatures in the world. They are beautiful because of the brilliant colours of their wings. If you look at a butterfly's wings through a magnifying glass, you will see that they are covered with very small scales. It is these scales which have colour. Without these scales, the wings would be transparent. The colours on the wings make very fine patterns.",60.63,0.5652,0.1449,0.2899,0.029,0.4348,38.59,19,7,19,60.63
5c3b,D:\Main_Project\Multimodal_NDD_Prediction\dyslexia_screening\data/mps/mps_dataset\audios\5c3b_EN-OL-RC-538_1.wav,5,"Butterflies are surely some of the most beautiful creatures in the world. They are beautiful because of the brilliant colours of their wings. If you look at a butterfly's wings through a magnifying glass, you will see that they are covered with very small scales. It is these scales which have colour. Without these scales, the wings would be transparent. The colours on the wings make very fine patterns.",47.83,0.913,0.087,0.0,0.058,0.087,79.03,8,2,8,47.83
5c3c,D:\Main_Project\Multimodal_NDD_Prediction\dyslexia_screening\data/mps/mps_dataset\audios\5c3c_EN-OL-RC-538_1.wav,5,"Butterflies are surely some of the most beautiful creatures in the world. They are beautiful because of the brilliant colours of their wings. If you look at a butterfly's wings through a magnifying glass, you will see that they are covered with very small scales. It is these scales which have colour. Without these scales, the wings would be transparent. The colours on the wings make very fine patterns.",43.61,0.9855,0.0145,0.0,0.0,0.0145,93.56,16,0,16,43.61
5c3c,D:\Main_Project\Multimodal_NDD_Prediction\dyslexia_screening\data/mps/mps_dataset\audios\5c3c_EN-OL-RC-538_2.wav,5,"If you look at pictures of butterflies, you will find that many of them have large, black circles on their wings. These look like eyes. These eyes are very useful to the butterfly. They help it to escape from its enemies. A bird or a lizard which is trying to catch a butterfly mistakes these black circles for the creature's eyes. It aims or tries to hit the eye. But all that it gets is a bit of the wing.",46.33,0.975,0.025,0.0,0.0125,0.025,101.01,18,1,18,46.33
5c42g,D:\Main_Project\Multimodal_NDD_Prediction\dyslexia_screening\data/mps/mps_dataset\audios\5c42g_EN-OL-RC-538_1.wav,5,"Butterflies are surely some of the most beautiful creatures in the world. They are beautiful because of the brilliant colours of their wings. If you look at a butterfly's wings through a magnifying glass, you will see that they are covered with very small scales. It is these scales which have colour. Without these scales, the wings would be transparent. The colours on the wings make very fine patterns.",34.67,0.913,0.087,0.0,0.029,0.087,109.03,5,0,5,34.67
5c42g,D:\Main_Project\Multimodal_NDD_Prediction\dyslexia_screening\data/mps/mps_dataset\audios\5c42g_EN-OL-RC-538_2.wav,5,"If you look at pictures of butterflies, you will find that many of them have large, black circles on their wings. These look like eyes. These eyes are very useful to the butterfly. They help it to escape from its enemies. A bird or a lizard which is trying to catch a butterfly mistakes these black circles for the creature's eyes. It aims or tries to hit the eye. But all that it gets is a bit of the wing.",35.02,0.95,0.05,0.0,0.0125,0.05,130.21,11,0,11,35.02
5c43b,D:\Main_Project\Multimodal_NDD_Prediction\dyslexia_screening\data/mps/mps_dataset\audios\5c43b_EN-OL-RC-538_2.wav,5,"If you look at pictures of butterflies, you will find that many of them have large, black circles on their wings. These look like eyes. These eyes are very useful to the butterfly. They help it to escape from its enemies. A bird or a lizard which is trying to catch a butterfly mistakes these black circles for the creature's eyes. It aims or tries to hit the eye. But all that it gets is a bit of the wing.",41.84,0.9875,0.0125,0.0,0.0125,0.0125,113.29,0,0,0,41.84
5c43g,D:\Main_Project\Multimodal_NDD_Prediction\dyslexia_screening\data/mps/mps_dataset\audios\5c43g_EN-OL-RC-538_1.wav,5,"Butterflies are surely some of the most beautiful creatures in the world. They are beautiful because of the brilliant colours of their wings. If you look at a butterfly's wings through a magnifying glass, you will see that they are covered with very small scales. It is these scales which have colour. Without these scales, the wings would be transparent. The colours on the wings make very fine patterns.",31.4,0.942,0.058,0.0,0.0145,0.058,124.2,0,0,0,31.4
5c44b,D:\Main_Project\Multimodal_NDD_Prediction\dyslexia_screening\data/mps/mps_dataset\audios\5c44b_EN-OL-RC-538_2.wav,5,"If you look at pictures of butterflies, you will find that many of them have large, black circles on their wings. These look like eyes. These eyes are very useful to the butterfly. They help it to escape from its enemies. A bird or a lizard which is trying to catch a butterfly mistakes these black circles for the creature's eyes. It aims or tries to hit the eye. But all that it gets is a bit of the wing.",46.78,0.85,0.1375,0.0125,0.0375,0.15,87.22,15,0,15,46.78
5c44c,D:\Main_Project\Multimodal_NDD_Prediction\dyslexia_screening\data/mps/mps_dataset\audios\5c44c_EN-OL-RC-538_1.wav,5,"Butterflies are surely some of the most beautiful creatures in the world. They are beautiful because of the brilliant colours of their wings. If you look at a butterfly's wings through a magnifying glass, you will see that they are covered with very small scales. It is these scales which have colour. Without these scales, the wings would be transparent. The colours on the wings make very fine patterns.",41.18,0.942,0.0435,0.0145,0.029,0.058,94.71,11,0,11,41.18
5c44c,D:\Main_Project\Multimodal_NDD_Prediction\dyslexia_screening\data/mps/mps_dataset\audios\5c44c_EN-OL-RC-538_2.wav,5,"If you look at pictures of butterflies, you will find that many of them have large, black circles on their wings. These look like eyes. These eyes are very useful to the butterfly. They help it to escape from its enemies. A bird or a lizard which is trying to catch a butterfly mistakes these black circles for the creature's eyes. It aims or tries to hit the eye. But all that it gets is a bit of the wing.",45.8,0.9625,0.0375,0.0,0.0125,0.0375,100.87,19,0,19,45.8
5c46g,D:\Main_Project\Multimodal_NDD_Prediction\dyslexia_screening\data/mps/mps_dataset\audios\5c46g_EN-OL-RC-538_2.wav,5,"If you look at pictures of butterflies, you will find that many of them have large, black circles on their wings. These look like eyes. These eyes are very useful to the butterfly. They help it to escape from its enemies. A bird or a lizard which is trying to catch a butterfly mistakes these black circles for the creature's eyes. It aims or tries to hit the eye. But all that it gets is a bit of the wing.",39.47,0.975,0.025,0.0,0.0375,0.025,118.57,14,6,14,39.47
5c47a,D:\Main_Project\Multimodal_NDD_Prediction\dyslexia_screening\data/mps/mps_dataset\audios\5c47a_EN-OL-RC-538_1.wav,5,"Butterflies are surely some of the most beautiful creatures in the world. They are beautiful because of the brilliant colours of their wings. If you look at a butterfly's wings through a magnifying glass, you will see that they are covered with very small scales. It is these scales which have colour. Without these scales, the wings would be transparent. The colours on the wings make very fine patterns.",36.32,0.8841,0.0435,0.0725,0.0,0.1159,100.77,3,0,3,36.32
5c47c,D:\Main_Project\Multimodal_NDD_Prediction\dyslexia_screening\data/mps/mps_dataset\audios\5c47c_EN-OL-RC-538_2.wav,5,"If you look at pictures of butterflies, you will find that many of them have large, black circles on their wings. These look like eyes. These eyes are very useful to the butterfly. They help it to escape from its enemies. A bird or a lizard which is trying to catch a butterfly mistakes these black circles for the creature's eyes. It aims or tries to hit the eye. But all that it gets is a bit of the wing.",54.34,0.95,0.05,0.0,0.0125,0.05,83.92,19,0,19,54.34
5c4b,D:\Main_Project\Multimodal_NDD_Prediction\dyslexia_screening\data/mps/mps_dataset\audios\5c4b_EN-OL-RC-538_2.wav,5,"If you look at pictures of butterflies, you will find that many of them have large, black circles on their wings. These look like eyes. These eyes are very useful to the butterfly. They help it to escape from its enemies. A bird or a lizard which is trying to catch a butterfly mistakes these black circles for the creature's eyes. It aims or tries to hit the eye. But all that it gets is a bit of the wing.",50.81,0.95,0.05,0.0,0.1,0.05,89.75,16,0,16,50.81
5c50c,D:\Main_Project\Multimodal_NDD_Prediction\dyslexia_screening\data/mps/mps_dataset\audios\5c50c_EN-OL-RC-538_2.wav,5,"If you look at pictures of butterflies, you will find that many of them have large, black circles on their wings. These look like eyes. These eyes are very useful to the butterfly. They help it to escape from its enemies. A bird or a lizard which is trying to catch a butterfly mistakes these black circles for the creature's eyes. It aims or tries to hit the eye. But all that it gets is a bit of the wing.",41.0,0.95,0.0375,0.0125,0.0375,0.05,111.22,16,1,16,41.0
5c52c,D:\Main_Project\Multimodal_NDD_Prediction\dyslexia_screening\data/mps/mps_dataset\audios\5c52c_EN-OL-RC-538_2.wav,5,"If you look at pictures of butterflies, you will find that many of them have large, black circles on their wings. These look like eyes. These eyes are very useful to the butterfly. They help it to escape from its enemies. A bird or a lizard which is trying to catch a butterfly mistakes these black circles for the creature's eyes. It aims or tries to hit the eye. But all that it gets is a bit of the wing.",32.9,0.9625,0.0375,0.0,0.025,0.0375,140.43,5,0,5,32.9
5c52g,D:\Main_Project\Multimodal_NDD_Prediction\dyslexia_screening\data/mps/mps_dataset\audios\5c52g_EN-OL-RC-538_1.wav,5,"Butterflies are surely some of the most beautiful creatures in the world. They are beautiful because of the brilliant colours of their wings. If you look at a butterfly's wings through a magnifying glass, you will see that they are covered with very small scales. It is these scales which have colour. Without these scales, the wings would be transparent. The colours on the wings make very fine patterns.",32.57,0.913,0.087,0.0,0.029,0.087,116.06,0,0,0,32.57
5c5c,D:\Main_Project\Multimodal_NDD_Prediction\dyslexia_screening\data/mps/mps_dataset\audios\5c5c_EN-OL-RC-538_1.wav,5,"Butterflies are surely some of the most beautiful creatures in the world. They are beautiful because of the brilliant colours of their wings. If you look at a butterfly's wings through a magnifying glass, you will see that they are covered with very small scales. It is these scales which have colour. Without these scales, the wings would be transparent. The colours on the wings make very fine patterns.",42.95,0.913,0.087,0.0,0.029,0.087,88.01,14,0,14,42.95
5c5c,D:\Main_Project\Multimodal_NDD_Prediction\dyslexia_screening\data/mps/mps_dataset\audios\5c5c_EN-OL-RC-538_2.wav,5,"If you look at pictures of butterflies, you will find that many of them have large, black circles on their wings. These look like eyes. These eyes are very useful to the butterfly. They help it to escape from its enemies. A bird or a lizard which is trying to catch a butterfly mistakes these black circles for the creature's eyes. It aims or tries to hit the eye. But all that it gets is a bit of the wing.",49.34,0.8875,0.1125,0.0,0.025,0.1125,86.34,14,0,14,49.34
5c7c,D:\Main_Project\Multimodal_NDD_Prediction\dyslexia_screening\data/mps/mps_dataset\audios\5c7c_EN-OL-RC-538_1.wav,5,"Butterflies are surely some of the most beautiful creatures in the world. They are beautiful because of the brilliant colours of their wings. If you look at a butterfly's wings through a magnifying glass, you will see that they are covered with very small scales. It is these scales which have colour. Without these scales, the wings would be transparent. The colours on the wings make very fine patterns.",29.15,0.942,0.058,0.0,0.0145,0.058,133.79,4,0,4,29.15
5c7c,D:\Main_Project\Multimodal_NDD_Prediction\dyslexia_screening\data/mps/mps_dataset\audios\5c7c_EN-OL-RC-538_2.wav,5,"If you look at pictures of butterflies, you will find that many of them have large, black circles on their wings. These look like eyes. These eyes are very useful to the butterfly. They help it to escape from its enemies. A bird or a lizard which is trying to catch a butterfly mistakes these black circles for the creature's eyes. It aims or tries to hit the eye. But all that it gets is a bit of the wing.",34.55,0.925,0.075,0.0,0.075,0.075,128.51,4,0,4,34.55
5c7g,D:\Main_Project\Multimodal_NDD_Prediction\dyslexia_screening\data/mps/mps_dataset\audios\5c7g_EN-OL-RC-538_1.wav,5,"Butterflies are surely some of the most beautiful creatures in the world. They are beautiful because of the brilliant colours of their wings. If you look at a butterfly's wings through a magnifying glass, you will see that they are covered with very small scales. It is these scales which have colour. Without these scales, the wings would be transparent. The colours on the wings make very fine patterns.",38.03,0.913,0.0725,0.0145,0.0145,0.087,99.4,24,1,24,38.03
5c7g,D:\Main_Project\Multimodal_NDD_Prediction\dyslexia_screening\data/mps/mps_dataset\audios\5c7g_EN-OL-RC-538_2.wav,5,"If you look at pictures of butterflies, you will find that many of them have large, black circles on their wings. These look like eyes. These eyes are very useful to the butterfly. They help it to escape from its enemies. A bird or a lizard which is trying to catch a butterfly mistakes these black circles for the creature's eyes. It aims or tries to hit the eye. But all that it gets is a bit of the wing.",42.04,0.875,0.1125,0.0125,0.0125,0.125,99.9,20,0,20,42.04
5c8c,D:\Main_Project\Multimodal_NDD_Prediction\dyslexia_screening\data/mps/mps_dataset\audios\5c8c_EN-OL-RC-538_1.wav,5,"Butterflies are surely some of the most beautiful creatures in the world. They are beautiful because of the brilliant colours of their wings. If you look at a butterfly's wings through a magnifying glass, you will see that they are covered with very small scales. It is these scales which have colour. Without these scales, the wings would be transparent. The colours on the wings make very fine patterns.",35.45,0.8841,0.1159,0.0,0.0145,0.1159,103.24,4,0,4,35.45
5c9a,D:\Main_Project\Multimodal_NDD_Prediction\dyslexia_screening\data/mps/mps_dataset\audios\5c9a_EN-OL-RC-538_2.wav,5,"If you look at pictures of butterflies, you will find that many of them have large, black circles on their wings. These look like eyes. These eyes are very useful to the butterfly. They help it to escape from its enemies. A bird or a lizard which is trying to catch a butterfly mistakes these black circles for the creature's eyes. It aims or tries to hit the eye. But all that it gets is a bit of the wing.",50.68,0.8875,0.075,0.0375,0.0125,0.1125,84.06,9,1,9,50.68
5d10c,D:\Main_Project\Multimodal_NDD_Prediction\dyslexia_screening\data/mps/mps_dataset\audios\5d10c_EN-OL-RC-538_1.wav,5,"Butterflies are surely some of the most beautiful creatures in the world. They are beautiful because of the brilliant colours of their wings. If you look at a butterfly's wings through a magnifying glass, you will see that they are covered with very small scales. It is these scales which have colour. Without these scales, the wings would be transparent. The colours on the wings make very fine patterns.",38.45,0.9565,0.029,0.0145,0.029,0.0435,102.99,8,1,8,38.45
5d10c,D:\Main_Project\Multimodal_NDD_Prediction\dyslexia_screening\data/mps/mps_dataset\audios\5d10c_EN-OL-RC-538_2.wav,5,"If you look at pictures of butterflies, you will find that many of them have large, black circles on their wings. These look like eyes. These eyes are very useful to the butterfly. They help it to escape from its enemies. A bird or a lizard which is trying to catch a butterfly mistakes these black circles for the creature's eyes. It aims or tries to hit the eye. But all that it gets is a bit of the wing.",41.15,0.9875,0.0125,0.0,0.0625,0.0125,115.19,8,0,8,41.15
5d11g,D:\Main_Project\Multimodal_NDD_Prediction\dyslexia_screening\data/mps/mps_dataset\audios\5d11g_EN-OL-RC-538_2.wav,5,"If you look at pictures of butterflies, you will find that many of them have large, black circles on their wings. These look like eyes. These eyes are very useful to the butterfly. They help it to escape from its enemies. A bird or a lizard which is trying to catch a butterfly mistakes these black circles for the creature's eyes. It aims or tries to hit the eye. But all that it gets is a bit of the wing.",47.51,0.9625,0.0375,0.0,0.0125,0.0375,97.24,0,0,0,47.51
5d12c,D:\Main_Project\Multimodal_NDD_Prediction\dyslexia_screening\data/mps/mps_dataset\audios\5d12c_EN-OL-RC-538_1.wav,5,"Butterflies are surely some of the most beautiful creatures in the world. They are beautiful because of the brilliant colours of their wings. If you look at a butterfly's wings through a magnifying glass, you will see that they are covered with very small scales. It is these scales which have colour. Without these scales, the wings would be transparent. The colours on the wings make very fine patterns.",27.68,0.942,0.058,0.0,0.0,0.058,140.9,6,0,6,27.68
5d12c,D:\Main_Project\Multimodal_NDD_Prediction\dyslexia_screening\data/mps/mps_dataset\audios\5d12c_EN-OL-RC-538_2.wav,5,"If you look at pictures of butterflies, you will find that many of them have large, black circles on their wings. These look like eyes. These eyes are very useful to the butterfly. They help it to escape from its enemies. A bird or a lizard which is trying to catch a butterfly mistakes these black circles for the creature's eyes. It aims or tries to hit the eye. But all that it gets is a bit of the wing.",29.72,0.9625,0.025,0.0125,0.0,0.0375,155.45,5,0,5,29.72
5d13c,D:\Main_Project\Multimodal_NDD_Prediction\dyslexia_screening\data/mps/mps_dataset\audios\5d13c_EN-OL-RC-538_2.wav,5,"If you look at pictures of butterflies, you will find that many of them have large, black circles on their wings. These look like eyes. These eyes are very useful to the butterfly. They help it to escape from its enemies. A bird or a lizard which is trying to catch a butterfly mistakes these black circles for the creature's eyes. It aims or tries to hit the eye. But all that it gets is a bit of the wing.",36.77,0.925,0.075,0.0,0.0125,0.075,120.75,11,0,11,36.77
5d14c,D:\Main_Project\Multimodal_NDD_Prediction\dyslexia_screening\data/mps/mps_dataset\audios\5d14c_EN-OL-RC-538_1.wav,5,"Butterflies are surely some of the most beautiful creatures in the world. They are beautiful because of the brilliant colours of their wings. If you look at a butterfly's wings through a magnifying glass, you will see that they are covered with very small scales. It is these scales which have colour. Without these scales, the wings would be transparent. The colours on the wings make very fine patterns.",30.11,0.942,0.0435,0.0145,0.029,0.058,129.53,7,0,7,30.11
5d14c,D:\Main_Project\Multimodal_NDD_Prediction\dyslexia_screening\data/mps/mps_dataset\audios\5d14c_EN-OL-RC-538_2.wav,5,"If you look at pictures of butterflies, you will find that many of them have large, black circles on their wings. These look like eyes. These eyes are very useful to the butterfly. They help it to escape from its enemies. A bird or a lizard which is trying to catch a butterfly mistakes these black circles for the creature's eyes. It aims or tries to hit the eye. But all that it gets is a bit of the wing.",39.74,0.95,0.05,0.0,0.025,0.05,114.75,8,0,8,39.74
5d14g,D:\Main_Project\Multimodal_NDD_Prediction\dyslexia_screening\data/mps/mps_dataset\audios\5d14g_EN-OL-RC-538_1.wav,5,"Butterflies are surely some of the most beautiful creatures in the world. They are beautiful because of the brilliant colours of their wings. If you look at a butterfly's wings through a magnifying glass, you will see that they are covered with very small scales. It is these scales which have colour. Without these scales, the wings would be transparent. The colours on the wings make very fine patterns.",42.02,0.913,0.0725,0.0145,0.0,0.087,89.96,0,0,0,42.02
5d15c,D:\Main_Project\Multimodal_NDD_Prediction\dyslexia_screening\data/mps/mps_dataset\audios\5d15c_EN-OL-RC-538_1.wav,5,"Butterflies are surely some of the most beautiful creatures in the world. They are beautiful because of the brilliant colours of their wings. If you look at a butterfly's wings through a magnifying glass, you will see that they are covered with very small scales. It is these scales which have colour. Without these scales, the wings would be transparent. The colours on the wings make very fine patterns.",46.52,0.9275,0.0725,0.0,0.0145,0.0725,82.55,18,0,18,46.52
5d1c,D:\Main_Project\Multimodal_NDD_Prediction\dyslexia_screening\data/mps/mps_dataset\audios\5d1c_EN-OL-RC-538_2.wav,5,"If you look at pictures of butterflies, you will find that many of them have large, black circles on their wings. These look like eyes. These eyes are very useful to the butterfly. They help it to escape from its enemies. A bird or a lizard which is trying to catch a butterfly mistakes these black circles for the creature's eyes. It aims or tries to hit the eye. But all that it gets is a bit of the wing.",50.42,0.85,0.1375,0.0125,0.025,0.15,80.92,19,2,19,50.42
5d20c,D:\Main_Project\Multimodal_NDD_Prediction\dyslexia_screening\data/mps/mps_dataset\audios\5d20c_EN-OL-RC-538_1.wav,5,"Butterflies are surely some of the most beautiful creatures in the world. They are beautiful because of the brilliant colours of their wings. If you look at a butterfly's wings through a magnifying glass, you will see that they are covered with very small scales. It is these scales which have colour. Without these scales, the wings would be transparent. The colours on the wings make very fine patterns.",39.44,0.8986,0.087,0.0145,0.029,0.1014,94.32,11,0,11,39.44
5d21g,D:\Main_Project\Multimodal_NDD_Prediction\dyslexia_screening\data/mps/mps_dataset\audios\5d21g_EN-OL-RC-538_1.wav,5,"Butterflies are surely some of the most beautiful creatures in the world. They are beautiful because of the brilliant colours of their wings. If you look at a butterfly's wings through a magnifying glass, you will see that they are covered with very small scales. It is these scales which have colour. Without these scales, the wings would be transparent. The colours on the wings make very fine patterns.",59.36,0.8696,0.1304,0.0,0.0725,0.1304,60.65,0,0,0,59.36
5d22c,D:\Main_Project\Multimodal_NDD_Prediction\dyslexia_screening\data/mps/mps_dataset\audios\5d22c_EN-OL-RC-538_2.wav,5,"If you look at pictures of butterflies, you will find that many of them have large, black circles on their wings. These look like eyes. These eyes are very useful to the butterfly. They help it to escape from its enemies. A bird or a lizard which is trying to catch a butterfly mistakes these black circles for the creature's eyes. It aims or tries to hit the eye. But all that it gets is a bit of the wing.",33.61,0.8875,0.1125,0.0,0.0375,0.1125,126.75,3,0,3,33.61
5d22g,D:\Main_Project\Multimodal_NDD_Prediction\dyslexia_screening\data/mps/mps_dataset\audios\5d22g_EN-OL-RC-538_1.wav,5,"Butterflies are surely some of the most beautiful creatures in the world. They are beautiful because of the brilliant colours of their wings. If you look at a butterfly's wings through a magnifying glass, you will see that they are covered with very small scales. It is these scales which have colour. Without these scales, the wings would be transparent. The colours on the wings make very fine patterns.",36.38,0.9565,0.0435,0.0,0.0,0.0435,108.85,0,0,0,36.38
5d22g,D:\Main_Project\Multimodal_NDD_Prediction\dyslexia_screening\data/mps/mps_dataset\audios\5d22g_EN-OL-RC-538_2.wav,5,"If you look at pictures of butterflies, you will find that many of them have large, black circles on their wings. These look like eyes. These eyes are very useful to the butterfly. They help it to escape from its enemies. A bird or a lizard which is trying to catch a butterfly mistakes these black circles for the creature's eyes. It aims or tries to hit the eye. But all that it gets is a bit of the wing.",41.8,0.9875,0.0125,0.0,0.025,0.0125,113.4,0,0,0,41.8
5d23g,D:\Main_Project\Multimodal_NDD_Prediction\dyslexia_screening\data/mps/mps_dataset\audios\5d23g_EN-OL-RC-538_1.wav,5,"Butterflies are surely some of the most beautiful creatures in the world. They are beautiful because of the brilliant colours of their wings. If you look at a butterfly's wings through a magnifying glass, you will see that they are covered with very small scales. It is these scales which have colour. Without these scales, the wings would be transparent. The colours on the wings make very fine patterns.",40.52,0.971,0.029,0.0,0.0145,0.029,99.21,0,0,0,40.52
5d24c,D:\Main_Project\Multimodal_NDD_Prediction\dyslexia_screening\data/mps/mps_dataset\audios\5d24c_EN-OL-RC-538_1.wav,5,"Butterflies are surely some of the most beautiful creatures in the world. They are beautiful because of the brilliant colours of their wings. If you look at a butterfly's wings through a magnifying glass, you will see that they are covered with very small scales. It is these scales which have colour. Without these scales, the wings would be transparent. The colours on the wings make very fine patterns.",30.71,0.9855,0.0145,0.0,0.029,0.0145,132.86,9,0,9,30.71
5d26c,D:\Main_Project\Multimodal_NDD_Prediction\dyslexia_screening\data/mps/mps_dataset\audios\5d26c_EN-OL-RC-538_2.wav,5,"If you look at pictures of butterflies, you will find that many of them have large, black circles on their wings. These look like eyes. These eyes are very useful to the butterfly. They help it to escape from its enemies. A bird or a lizard which is trying to catch a butterfly mistakes these black circles for the creature's eyes. It aims or tries to hit the eye. But all that it gets is a bit of the wing.",56.69,0.8375,0.1625,0.0,0.0875,0.1625,70.91,19,0,19,56.69
5d28c,D:\Main_Project\Multimodal_NDD_Prediction\dyslexia_screening\data/mps/mps_dataset\audios\5d28c_EN-OL-RC-538_1.wav,5,"Butterflies are surely some of the most beautiful creatures in the world. They are beautiful because of the brilliant colours of their wings. If you look at a butterfly's wings through a magnifying glass, you will see that they are covered with very small scales. It is these scales which have colour. Without these scales, the wings would be transparent. The colours on the wings make very fine patterns.",40.88,0.913,0.0725,0.0145,0.087,0.087,92.47,11,0,11,40.88
5d28c,D:\Main_Project\Multimodal_NDD_Prediction\dyslexia_screening\data/mps/mps_dataset\audios\5d28c_EN-OL-RC-538_2.wav,5,"If you look at pictures of butterflies, you will find that many of them have large, black circles on their wings. These look like eyes. These eyes are very useful to the butterfly. They help it to escape from its enemies. A bird or a lizard which is trying to catch a butterfly mistakes these black circles for the creature's eyes. It aims or tries to hit the eye. But all that it gets is a bit of the wing.",39.14,0.975,0.025,0.0,0.0375,0.025,119.57,12,0,12,39.14
5d29c,D:\Main_Project\Multimodal_NDD_Prediction\dyslexia_screening\data/mps/mps_dataset\audios\5d29c_EN-OL-RC-538_2.wav,5,"If you look at pictures of butterflies, you will find that many of them have large, black circles on their wings. These look like eyes. These eyes are very useful to the butterfly. They help it to escape from its enemies. A bird or a lizard which is trying to catch a butterfly mistakes these black circles for the creature's eyes. It aims or tries to hit the eye. But all that it gets is a bit of the wing.",31.88,0.9875,0.0125,0.0,0.0,0.0125,148.68,4,0,4,31.88
5d29g,D:\Main_Project\Multimodal_NDD_Prediction\dyslexia_screening\data/mps/mps_dataset\audios\5d29g_EN-OL-RC-538_1.wav,5,"Butterflies are surely some of the most beautiful creatures in the world. They are beautiful because of the brilliant colours of their wings. If you look at a butterfly's wings through a magnifying glass, you will see that they are covered with very small scales. It is these scales which have colour. Without these scales, the wings would be transparent. The colours on the wings make very fine patterns.",41.12,0.942,0.058,0.0,0.0145,0.058,94.84,0,0,0,41.12
5d29g,D:\Main_Project\Multimodal_NDD_Prediction\dyslexia_screening\data/mps/mps_dataset\audios\5d29g_EN-OL-RC-538_2.wav,5,"If you look at pictures of butterflies, you will find that many of them have large, black circles on their wings. These look like eyes. These eyes are very useful to the butterfly. They help it to escape from its enemies. A bird or a lizard which is trying to catch a butterfly mistakes these black circles for the creature's eyes. It aims or tries to hit the eye. But all that it gets is a bit of the wing.",48.86,0.8625,0.1375,0.0,0.025,0.1375,84.73,4,0,4,48.86
5d2c,D:\Main_Project\Multimodal_NDD_Prediction\dyslexia_screening\data/mps/mps_dataset\audios\5d2c_EN-OL-RC-538_2.wav,5,"If you look at pictures of butterflies, you will find that many of them have large, black circles on their wings. These look like eyes. These eyes are very useful to the butterfly. They help it to escape from its enemies. A bird or a lizard which is trying to catch a butterfly mistakes these black circles for the creature's eyes. It aims or tries to hit the eye. But all that it gets is a bit of the wing.",52.1,0.8375,0.1625,0.0,0.0625,0.1625,77.16,8,1,8,52.1
5d30g,D:\Main_Project\Multimodal_NDD_Prediction\dyslexia_screening\data/mps/mps_dataset\audios\5d30g_EN-OL-RC-538_1.wav,5,"Butterflies are surely some of the most beautiful creatures in the world. They are beautiful because of the brilliant colours of their wings. If you look at a butterfly's wings through a magnifying glass, you will see that they are covered with very small scales. It is these scales which have colour. Without these scales, the wings would be transparent. The colours on the wings make very fine patterns.",32.9,0.9565,0.0435,0.0,0.0145,0.0435,120.36,0,0,0,32.9
5d30g,D:\Main_Project\Multimodal_NDD_Prediction\dyslexia_screening\data/mps/mps_dataset\audios\5d30g_EN-OL-RC-538_2.wav,5,"If you look at pictures of butterflies, you will find that many of them have large, black circles on their wings. These look like eyes. These eyes are very useful to the butterfly. They help it to escape from its enemies. A bird or a lizard which is trying to catch a butterfly mistakes these black circles for the creature's eyes. It aims or tries to hit the eye. But all that it gets is a bit of the wing.",37.01,0.975,0.025,0.0,0.0125,0.025,126.45,0,0,0,37.01
5d31g,D:\Main_Project\Multimodal_NDD_Prediction\dyslexia_screening\data/mps/mps_dataset\audios\5d31g_EN-OL-RC-538_1.wav,5,"Butterflies are surely some of the most beautiful creatures in the world. They are beautiful because of the brilliant colours of their wings. If you look at a butterfly's wings through a magnifying glass, you will see that they are covered with very small scales. It is these scales which have colour. Without these scales, the wings would be transparent. The colours on the wings make very fine patterns.",54.44,0.8696,0.1159,0.0145,0.0145,0.1304,66.13,0,0,0,54.44
5d32c,D:\Main_Project\Multimodal_NDD_Prediction\dyslexia_screening\data/mps/mps_dataset\audios\5d32c_EN-OL-RC-538_1.wav,5,"Butterflies are surely some of the most beautiful creatures in the world. They are beautiful because of the brilliant colours of their wings. If you look at a butterfly's wings through a magnifying glass, you will see that they are covered with very small scales. It is these scales which have colour. Without these scales, the wings would be transparent. The colours on the wings make very fine patterns.",37.37,0.971,0.0145,0.0145,0.0145,0.029,107.57,7,1,7,37.37
5d32g,D:\Main_Project\Multimodal_NDD_Prediction\dyslexia_screening\data/mps/mps_dataset\audios\5d32g_EN-OL-RC-538_1.wav,5,"Butterflies are surely some of the most beautiful creatures in the world. They are beautiful because of the brilliant colours of their wings. If you look at a butterfly's wings through a magnifying glass, you will see that they are covered with very small scales. It is these scales which have colour. Without these scales, the wings would be transparent. The colours on the wings make very fine patterns.",50.03,0.8841,0.1159,0.0,0.0435,0.1159,73.16,0,0,0,50.03
5d34c,D:\Main_Project\Multimodal_NDD_Prediction\dyslexia_screening\data/mps/mps_dataset\audios\5d34c_EN-OL-RC-538_1.wav,5,"Butterflies are surely some of the most beautiful creatures in the world. They are beautiful because of the brilliant colours of their wings. If you look at a butterfly's wings through a magnifying glass, you will see that they are covered with very small scales. It is these scales which have colour. Without these scales, the wings would be transparent. The colours on the wings make very fine patterns.",51.47,0.9275,0.0725,0.0,0.0145,0.0725,74.61,16,5,16,51.47
5d34c,D:\Main_Project\Multimodal_NDD_Prediction\dyslexia_screening\data/mps/mps_dataset\audios\5d34c_EN-OL-RC-538_2.wav,5,"If you look at pictures of butterflies, you will find that many of them have large, black circles on their wings. These look like eyes. These eyes are very useful to the butterfly. They help it to escape from its enemies. A bird or a lizard which is trying to catch a butterfly mistakes these black circles for the creature's eyes. It aims or tries to hit the eye. But all that it gets is a bit of the wing.",52.37,0.9,0.0875,0.0125,0.0625,0.1,82.49,19,2,19,52.37
5d35g,D:\Main_Project\Multimodal_NDD_Prediction\dyslexia_screening\data/mps/mps_dataset\audios\5d35g_EN-OL-RC-538_2.wav,5,"If you look at pictures of butterflies, you will find that many of them have large, black circles on their wings. These look like eyes. These eyes are very useful to the butterfly. They help it to escape from its enemies. A bird or a lizard which is trying to catch a butterfly mistakes these black circles for the creature's eyes. It aims or tries to hit the eye. But all that it gets is a bit of the wing.",33.05,0.9375,0.0625,0.0,0.025,0.0625,136.16,0,0,0,33.05
5d37g,D:\Main_Project\Multimodal_NDD_Prediction\dyslexia_screening\data/mps/mps_dataset\audios\5d37g_EN-OL-RC-538_1.wav,5,"Butterflies are surely some of the most beautiful creatures in the world. They are beautiful because of the brilliant colours of their wings. If you look at a butterfly's wings through a magnifying glass, you will see that they are covered with very small scales. It is these scales which have colour. Without these scales, the wings would be transparent. The colours on the wings make very fine patterns.",38.7,0.9565,0.0435,0.0,0.0,0.0435,102.33,2,0,2,38.7
5d38g,D:\Main_Project\Multimodal_NDD_Prediction\dyslexia_screening\data/mps/mps_dataset\audios\5d38g_EN-OL-RC-538_1.wav,5,"Butterflies are surely some of the most beautiful creatures in the world. They are beautiful because of the brilliant colours of their wings. If you look at a butterfly's wings through a magnifying glass, you will see that they are covered with very small scales. It is these scales which have colour. Without these scales, the wings would be transparent. The colours on the wings make very fine patterns.",51.38,0.942,0.0435,0.0145,0.0,0.058,75.91,11,3,11,51.38
5d39c,D:\Main_Project\Multimodal_NDD_Prediction\dyslexia_screening\data/mps/mps_dataset\audios\5d39c_EN-OL-RC-538_1.wav,5,"Butterflies are surely some of the most beautiful creatures in the world. They are beautiful because of the brilliant colours of their wings. If you look at a butterfly's wings through a magnifying glass, you will see that they are covered with very small scales. It is these scales which have colour. Without these scales, the wings would be transparent. The colours on the wings make very fine patterns.",41.27,0.7971,0.1884,0.0145,0.0,0.2029,79.96,11,0,11,41.27
5d39c,D:\Main_Project\Multimodal_NDD_Prediction\dyslexia_screening\data/mps/mps_dataset\audios\5d39c_EN-OL-RC-538_2.wav,5,"If you look at pictures of butterflies, you will find that many of them have large, black circles on their wings. These look like eyes. These eyes are very useful to the butterfly. They help it to escape from its enemies. A bird or a lizard which is trying to catch a butterfly mistakes these black circles for the creature's eyes. It aims or tries to hit the eye. But all that it gets is a bit of the wing.",48.22,0.8875,0.1125,0.0,0.05,0.1125,88.35,13,1,13,48.22
5d3c,D:\Main_Project\Multimodal_NDD_Prediction\dyslexia_screening\data/mps/mps_dataset\audios\5d3c_EN-OL-RC-538_1.wav,5,"Butterflies are surely some of the most beautiful creatures in the world. They are beautiful because of the brilliant colours of their wings. If you look at a butterfly's wings through a magnifying glass, you will see that they are covered with very small scales. It is these scales which have colour. Without these scales, the wings would be transparent. The colours on the wings make very fine patterns.",52.93,0.8551,0.1449,0.0,0.087,0.1449,66.88,18,3,18,52.93
5d40c,D:\Main_Project\Multimodal_NDD_Prediction\dyslexia_screening\data/mps/mps_dataset\audios\5d40c_EN-OL-RC-538_1.wav,5,"Butterflies are surely some of the most beautiful creatures in the world. They are beautiful because of the brilliant colours of their wings. If you look at a butterfly's wings through a magnifying glass, you will see that they are covered with very small scales. It is these scales which have colour. Without these scales, the wings would be transparent. The colours on the wings make very fine patterns.",51.79,0.8116,0.1884,0.0,0.029,0.1884,64.88,29,4,29,51.79
5d40c,D:\Main_Project\Multimodal_NDD_Prediction\dyslexia_screening\data/mps/mps_dataset\audios\5d40c_EN-OL-RC-538_2.wav,5,"If you look at pictures of butterflies, you will find that many of them have large, black circles on their wings. These look like eyes. These eyes are very useful to the butterfly. They help it to escape from its enemies. A bird or a lizard which is trying to catch a butterfly mistakes these black circles for the creature's eyes. It aims or tries to hit the eye. But all that it gets is a bit of the wing.",45.68,0.85,0.1375,0.0125,0.0125,0.15,89.32,14,0,14,45.68
5d41c,D:\Main_Project\Multimodal_NDD_Prediction\dyslexia_screening\data/mps/mps_dataset\audios\5d41c_EN-OL-RC-538_1.wav,5,"Butterflies are surely some of the most beautiful creatures in the world. They are beautiful because of the brilliant colours of their wings. If you look at a butterfly's wings through a magnifying glass, you will see that they are covered with very small scales. It is these scales which have colour. Without these scales, the wings would be transparent. The colours on the wings make very fine patterns.",49.57,0.8116,0.1594,0.029,0.029,0.1884,67.78,18,1,18,49.57
5d44c,D:\Main_Project\Multimodal_NDD_Prediction\dyslexia_screening\data/mps/mps_dataset\audios\5d44c_EN-OL-RC-538_1.wav,5,"Butterflies are surely some of the most beautiful creatures in the world. They are beautiful because of the brilliant colours of their wings. If you look at a butterfly's wings through a magnifying glass, you will see that they are covered with very small scales. It is these scales which have colour. Without these scales, the wings would be transparent. The colours on the wings make very fine patterns.",46.52,0.8551,0.1449,0.0,0.0435,0.1449,76.1,13,0,13,46.52
5d44c,D:\Main_Project\Multimodal_NDD_Prediction\dyslexia_screening\data/mps/mps_dataset\audios\5d44c_EN-OL-RC-538_2.wav,5,"If you look at pictures of butterflies, you will find that many of them have large, black circles on their wings. These look like eyes. These eyes are very useful to the butterfly. They help it to escape from its enemies. A bird or a lizard which is trying to catch a butterfly mistakes these black circles for the creature's eyes. It aims or tries to hit the eye. But all that it gets is a bit of the wing.",49.91,0.8875,0.1125,0.0,0.05,0.1125,85.35,15,1,15,49.91
5d45g,D:\Main_Project\Multimodal_NDD_Prediction\dyslexia_screening\data/mps/mps_dataset\audios\5d45g_EN-OL-RC-538_1.wav,5,"Butterflies are surely some of the most beautiful creatures in the world. They are beautiful because of the brilliant colours of their wings. If you look at a butterfly's wings through a magnifying glass, you will see that they are covered with very small scales. It is these scales which have colour. Without these scales, the wings would be transparent. The colours on the wings make very fine patterns.",29.78,0.9855,0.0,0.0145,0.0145,0.0145,137.0,0,0,0,29.78
5d45g,D:\Main_Project\Multimodal_NDD_Prediction\dyslexia_screening\data/mps/mps_dataset\audios\5d45g_EN-OL-RC-538_2.wav,5,"If you look at pictures of butterflies, you will find that many of them have large, black circles on their wings. These look like eyes. These eyes are very useful to the butterfly. They help it to escape from its enemies. A bird or a lizard which is trying to catch a butterfly mistakes these black circles for the creature's eyes. It aims or tries to hit the eye. But all that it gets is a bit of the wing.",34.75,0.9625,0.0375,0.0,0.0125,0.0375,132.95,0,0,0,34.75
5d47c,D:\Main_Project\Multimodal_NDD_Prediction\dyslexia_screening\data/mps/mps_dataset\audios\5d47c_EN-OL-RC-538_1.wav,5,"Butterflies are surely some of the most beautiful creatures in the world. They are beautiful because of the brilliant colours of their wings. If you look at a butterfly's wings through a magnifying glass, you will see that they are covered with very small scales. It is these scales which have colour. Without these scales, the wings would be transparent. The colours on the wings make very fine patterns.",52.34,0.8986,0.1014,0.0,0.029,0.1014,71.07,15,0,15,52.34
5d48g,D:\Main_Project\Multimodal_NDD_Prediction\dyslexia_screening\data/mps/mps_dataset\audios\5d48g_EN-OL-RC-538_1.wav,5,"Butterflies are surely some of the most beautiful creatures in the world. They are beautiful because of the brilliant colours of their wings. If you look at a butterfly's wings through a magnifying glass, you will see that they are covered with very small scales. It is these scales which have colour. Without these scales, the wings would be transparent. The colours on the wings make very fine patterns.",51.17,0.8116,0.1594,0.029,0.0,0.1884,65.66,0,0,0,51.17
5d48g,D:\Main_Project\Multimodal_NDD_Prediction\dyslexia_screening\data/mps/mps_dataset\audios\5d48g_EN-OL-RC-538_2.wav,5,"If you look at pictures of butterflies, you will find that many of them have large, black circles on their wings. These look like eyes. These eyes are very useful to the butterfly. They help it to escape from its enemies. A bird or a lizard which is trying to catch a butterfly mistakes these black circles for the creature's eyes. It aims or tries to hit the eye. But all that it gets is a bit of the wing.",52.01,0.85,0.15,0.0,0.0125,0.15,78.45,0,0,0,52.01
5d4c,D:\Main_Project\Multimodal_NDD_Prediction\dyslexia_screening\data/mps/mps_dataset\audios\5d4c_EN-OL-RC-538_1.wav,5,"Butterflies are surely some of the most beautiful creatures in the world. They are beautiful because of the brilliant colours of their wings. If you look at a butterfly's wings through a magnifying glass, you will see that they are covered with very small scales. It is these scales which have colour. Without these scales, the wings would be transparent. The colours on the wings make very fine patterns.",36.89,0.8696,0.1304,0.0,0.0,0.1304,97.59,3,0,3,36.89
5d50c,D:\Main_Project\Multimodal_NDD_Prediction\dyslexia_screening\data/mps/mps_dataset\audios\5d50c_EN-OL-RC-538_1.wav,5,"Butterflies are surely some of the most beautiful creatures in the world. They are beautiful because of the brilliant colours of their wings. If you look at a butterfly's wings through a magnifying glass, you will see that they are covered with very small scales. It is these scales which have colour. Without these scales, the wings would be transparent. The colours on the wings make very fine patterns.",31.04,0.913,0.0725,0.0145,0.0,0.087,121.78,2,0,2,31.04
5d50c,D:\Main_Project\Multimodal_NDD_Prediction\dyslexia_screening\data/mps/mps_dataset\audios\5d50c_EN-OL-RC-538_2.wav,5,"If you look at pictures of butterflies, you will find that many of them have large, black circles on their wings. These look like eyes. These eyes are very useful to the butterfly. They help it to escape from its enemies. A bird or a lizard which is trying to catch a butterfly mistakes these black circles for the creature's eyes. It aims or tries to hit the eye. But all that it gets is a bit of the wing.",37.7,0.875,0.125,0.0,0.0125,0.125,111.41,6,1,6,37.7
5d51c,D:\Main_Project\Multimodal_NDD_Prediction\dyslexia_screening\data/mps/mps_dataset\audios\5d51c_EN-OL-RC-538_1.wav,5,"Butterflies are surely some of the most beautiful creatures in the world. They are beautiful because of the brilliant colours of their wings. If you look at a butterfly's wings through a magnifying glass, you will see that they are covered with very small scales. It is these scales which have colour. Without these scales, the wings would be transparent. The colours on the wings make very fine patterns.",35.9,0.8841,0.1159,0.0,0.0,0.1159,101.95,14,0,14,35.9
5d51g,D:\Main_Project\Multimodal_NDD_Prediction\dyslexia_screening\data/mps/mps_dataset\audios\5d51g_EN-OL-RC-538_2.wav,5,"If you look at pictures of butterflies, you will find that many of them have large, black circles on their wings. These look like eyes. These eyes are very useful to the butterfly. They help it to escape from its enemies. A bird or a lizard which is trying to catch a butterfly mistakes these black circles for the creature's eyes. It aims or tries to hit the eye. But all that it gets is a bit of the wing.",52.65,0.9625,0.0375,0.0,0.025,0.0375,87.75,8,0,8,52.65
5d53g,D:\Main_Project\Multimodal_NDD_Prediction\dyslexia_screening\data/mps/mps_dataset\audios\5d53g_EN-OL-RC-538_2.wav,5,"If you look at pictures of butterflies, you will find that many of them have large, black circles on their wings. These look like eyes. These eyes are very useful to the butterfly. They help it to escape from its enemies. A bird or a lizard which is trying to catch a butterfly mistakes these black circles for the creature's eyes. It aims or tries to hit the eye. But all that it gets is a bit of the wing.",52.58,0.9,0.0875,0.0125,0.1,0.1,82.16,0,0,0,52.58
5d6c,D:\Main_Project\Multimodal_NDD_Prediction\dyslexia_screening\data/mps/mps_dataset\audios\5d6c_EN-OL-RC-538_2.wav,5,"If you look at pictures of butterflies, you will find that many of them have large, black circles on their wings. These look like eyes. These eyes are very useful to the butterfly. They help it to escape from its enemies. A bird or a lizard which is trying to catch a butterfly mistakes these black circles for the creature's eyes. It aims or tries to hit the eye. But all that it gets is a bit of the wing.",40.64,0.925,0.075,0.0,0.0625,0.075,109.25,0,0,0,40.64
5d9c,D:\Main_Project\Multimodal_NDD_Prediction\dyslexia_screening\data/mps/mps_dataset\audios\5d9c_EN-OL-RC-538_1.wav,5,"Butterflies are surely some of the most beautiful creatures in the world. They are beautiful because of the brilliant colours of their wings. If you look at a butterfly's wings through a magnifying glass, you will see that they are covered with very small scales. It is these scales which have colour. Without these scales, the wings would be transparent. The colours on the wings make very fine patterns.",34.19,0.9275,0.0435,0.029,0.0145,0.0725,112.31,8,0,8,34.19
5d9c,D:\Main_Project\Multimodal_NDD_Prediction\dyslexia_screening\data/mps/mps_dataset\audios\5d9c_EN-OL-RC-538_2.wav,5,"If you look at pictures of butterflies, you will find that many of them have large, black circles on their wings. These look like eyes. These eyes are very useful to the butterfly. They help it to escape from its enemies. A bird or a lizard which is trying to catch a butterfly mistakes these black circles for the creature's eyes. It aims or tries to hit the eye. But all that it gets is a bit of the wing.",38.84,0.875,0.1125,0.0125,0.0125,0.125,108.14,9,1,9,38.84
5d9g,D:\Main_Project\Multimodal_NDD_Prediction\dyslexia_screening\data/mps/mps_dataset\audios\5d9g_EN-OL-RC-538_2.wav,5,"If you look at pictures of butterflies, you will find that many of them have large, black circles on their wings. These look like eyes. These eyes are very useful to the butterfly. They help it to escape from its enemies. A bird or a lizard which is trying to catch a butterfly mistakes these black circles for the creature's eyes. It aims or tries to hit the eye. But all that it gets is a bit of the wing.",49.3,0.95,0.05,0.0,0.0375,0.05,92.49,0,0,0,49.3
